ISO-10303-21;
HEADER;
/* Generated by software containing ST-Developer
 * from STEP Tools, Inc. (www.steptools.com) 
 */

FILE_DESCRIPTION(
/* description */ (''),
/* implementation_level */ '2;1');

FILE_NAME(
/* name */ 'Assembler.step',
/* time_stamp */ '2026-09-27T15:54:17-07:00',
/* author */ (''),
/* organization */ (''),
/* preprocessor_version */ 'ST-DEVELOPER v20.2',
/* originating_system */ 'Autodesk Translation Framework v15.15.0.0',
/* authorisation */ '');

FILE_SCHEMA (('AUTOMOTIVE_DESIGN { 1 0 10303 214 3 1 1 }'));
ENDSEC;

DATA;
#10=MECHANICAL_DESIGN_GEOMETRIC_PRESENTATION_REPRESENTATION('',(#196,#197,
#198,#199,#200,#201),#6844);
#11=ITEM_DEFINED_TRANSFORMATION($,$,#4374,#4520);
#12=ITEM_DEFINED_TRANSFORMATION($,$,#4308,#4521);
#13=ITEM_DEFINED_TRANSFORMATION($,$,#4374,#4522);
#14=ITEM_DEFINED_TRANSFORMATION($,$,#4374,#4523);
#15=ITEM_DEFINED_TRANSFORMATION($,$,#4374,#4524);
#16=ITEM_DEFINED_TRANSFORMATION($,$,#4374,#4525);
#17=ITEM_DEFINED_TRANSFORMATION($,$,#4472,#4526);
#18=ITEM_DEFINED_TRANSFORMATION($,$,#4472,#4527);
#19=ITEM_DEFINED_TRANSFORMATION($,$,#4472,#4528);
#20=ITEM_DEFINED_TRANSFORMATION($,$,#4347,#4529);
#21=ITEM_DEFINED_TRANSFORMATION($,$,#4347,#4530);
#22=ITEM_DEFINED_TRANSFORMATION($,$,#4347,#4531);
#23=ITEM_DEFINED_TRANSFORMATION($,$,#4347,#4532);
#24=ITEM_DEFINED_TRANSFORMATION($,$,#4347,#4533);
#25=ITEM_DEFINED_TRANSFORMATION($,$,#4347,#4534);
#26=ITEM_DEFINED_TRANSFORMATION($,$,#4491,#4535);
#27=ITEM_DEFINED_TRANSFORMATION($,$,#4491,#4536);
#28=ITEM_DEFINED_TRANSFORMATION($,$,#4491,#4537);
#29=ITEM_DEFINED_TRANSFORMATION($,$,#4414,#4538);
#30=ITEM_DEFINED_TRANSFORMATION($,$,#4414,#4539);
#31=ITEM_DEFINED_TRANSFORMATION($,$,#4414,#4540);
#32=ITEM_DEFINED_TRANSFORMATION($,$,#4414,#4541);
#33=ITEM_DEFINED_TRANSFORMATION($,$,#4414,#4542);
#34=ITEM_DEFINED_TRANSFORMATION($,$,#4414,#4543);
#35=ITEM_DEFINED_TRANSFORMATION($,$,#4374,#4544);
#36=ITEM_DEFINED_TRANSFORMATION($,$,#4374,#4545);
#37=ITEM_DEFINED_TRANSFORMATION($,$,#4374,#4546);
#38=ITEM_DEFINED_TRANSFORMATION($,$,#4374,#4547);
#39=ITEM_DEFINED_TRANSFORMATION($,$,#4374,#4548);
#40=ITEM_DEFINED_TRANSFORMATION($,$,#4374,#4549);
#41=ITEM_DEFINED_TRANSFORMATION($,$,#4414,#4550);
#42=ITEM_DEFINED_TRANSFORMATION($,$,#4414,#4551);
#43=ITEM_DEFINED_TRANSFORMATION($,$,#4414,#4552);
#44=ITEM_DEFINED_TRANSFORMATION($,$,#4414,#4553);
#45=ITEM_DEFINED_TRANSFORMATION($,$,#4414,#4554);
#46=ITEM_DEFINED_TRANSFORMATION($,$,#4414,#4555);
#47=ITEM_DEFINED_TRANSFORMATION($,$,#4472,#4556);
#48=ITEM_DEFINED_TRANSFORMATION($,$,#4472,#4557);
#49=ITEM_DEFINED_TRANSFORMATION($,$,#4472,#4558);
#50=ITEM_DEFINED_TRANSFORMATION($,$,#4491,#4559);
#51=ITEM_DEFINED_TRANSFORMATION($,$,#4491,#4560);
#52=ITEM_DEFINED_TRANSFORMATION($,$,#4491,#4561);
#53=(
REPRESENTATION_RELATIONSHIP($,$,#6908,#6905)
REPRESENTATION_RELATIONSHIP_WITH_TRANSFORMATION(#11)
SHAPE_REPRESENTATION_RELATIONSHIP()
);
#54=(
REPRESENTATION_RELATIONSHIP($,$,#6906,#6905)
REPRESENTATION_RELATIONSHIP_WITH_TRANSFORMATION(#12)
SHAPE_REPRESENTATION_RELATIONSHIP()
);
#55=(
REPRESENTATION_RELATIONSHIP($,$,#6908,#6905)
REPRESENTATION_RELATIONSHIP_WITH_TRANSFORMATION(#13)
SHAPE_REPRESENTATION_RELATIONSHIP()
);
#56=(
REPRESENTATION_RELATIONSHIP($,$,#6908,#6905)
REPRESENTATION_RELATIONSHIP_WITH_TRANSFORMATION(#14)
SHAPE_REPRESENTATION_RELATIONSHIP()
);
#57=(
REPRESENTATION_RELATIONSHIP($,$,#6908,#6905)
REPRESENTATION_RELATIONSHIP_WITH_TRANSFORMATION(#15)
SHAPE_REPRESENTATION_RELATIONSHIP()
);
#58=(
REPRESENTATION_RELATIONSHIP($,$,#6908,#6905)
REPRESENTATION_RELATIONSHIP_WITH_TRANSFORMATION(#16)
SHAPE_REPRESENTATION_RELATIONSHIP()
);
#59=(
REPRESENTATION_RELATIONSHIP($,$,#6910,#6905)
REPRESENTATION_RELATIONSHIP_WITH_TRANSFORMATION(#17)
SHAPE_REPRESENTATION_RELATIONSHIP()
);
#60=(
REPRESENTATION_RELATIONSHIP($,$,#6910,#6905)
REPRESENTATION_RELATIONSHIP_WITH_TRANSFORMATION(#18)
SHAPE_REPRESENTATION_RELATIONSHIP()
);
#61=(
REPRESENTATION_RELATIONSHIP($,$,#6910,#6905)
REPRESENTATION_RELATIONSHIP_WITH_TRANSFORMATION(#19)
SHAPE_REPRESENTATION_RELATIONSHIP()
);
#62=(
REPRESENTATION_RELATIONSHIP($,$,#6907,#6905)
REPRESENTATION_RELATIONSHIP_WITH_TRANSFORMATION(#20)
SHAPE_REPRESENTATION_RELATIONSHIP()
);
#63=(
REPRESENTATION_RELATIONSHIP($,$,#6907,#6905)
REPRESENTATION_RELATIONSHIP_WITH_TRANSFORMATION(#21)
SHAPE_REPRESENTATION_RELATIONSHIP()
);
#64=(
REPRESENTATION_RELATIONSHIP($,$,#6907,#6905)
REPRESENTATION_RELATIONSHIP_WITH_TRANSFORMATION(#22)
SHAPE_REPRESENTATION_RELATIONSHIP()
);
#65=(
REPRESENTATION_RELATIONSHIP($,$,#6907,#6905)
REPRESENTATION_RELATIONSHIP_WITH_TRANSFORMATION(#23)
SHAPE_REPRESENTATION_RELATIONSHIP()
);
#66=(
REPRESENTATION_RELATIONSHIP($,$,#6907,#6905)
REPRESENTATION_RELATIONSHIP_WITH_TRANSFORMATION(#24)
SHAPE_REPRESENTATION_RELATIONSHIP()
);
#67=(
REPRESENTATION_RELATIONSHIP($,$,#6907,#6905)
REPRESENTATION_RELATIONSHIP_WITH_TRANSFORMATION(#25)
SHAPE_REPRESENTATION_RELATIONSHIP()
);
#68=(
REPRESENTATION_RELATIONSHIP($,$,#6911,#6905)
REPRESENTATION_RELATIONSHIP_WITH_TRANSFORMATION(#26)
SHAPE_REPRESENTATION_RELATIONSHIP()
);
#69=(
REPRESENTATION_RELATIONSHIP($,$,#6911,#6905)
REPRESENTATION_RELATIONSHIP_WITH_TRANSFORMATION(#27)
SHAPE_REPRESENTATION_RELATIONSHIP()
);
#70=(
REPRESENTATION_RELATIONSHIP($,$,#6911,#6905)
REPRESENTATION_RELATIONSHIP_WITH_TRANSFORMATION(#28)
SHAPE_REPRESENTATION_RELATIONSHIP()
);
#71=(
REPRESENTATION_RELATIONSHIP($,$,#6909,#6905)
REPRESENTATION_RELATIONSHIP_WITH_TRANSFORMATION(#29)
SHAPE_REPRESENTATION_RELATIONSHIP()
);
#72=(
REPRESENTATION_RELATIONSHIP($,$,#6909,#6905)
REPRESENTATION_RELATIONSHIP_WITH_TRANSFORMATION(#30)
SHAPE_REPRESENTATION_RELATIONSHIP()
);
#73=(
REPRESENTATION_RELATIONSHIP($,$,#6909,#6905)
REPRESENTATION_RELATIONSHIP_WITH_TRANSFORMATION(#31)
SHAPE_REPRESENTATION_RELATIONSHIP()
);
#74=(
REPRESENTATION_RELATIONSHIP($,$,#6909,#6905)
REPRESENTATION_RELATIONSHIP_WITH_TRANSFORMATION(#32)
SHAPE_REPRESENTATION_RELATIONSHIP()
);
#75=(
REPRESENTATION_RELATIONSHIP($,$,#6909,#6905)
REPRESENTATION_RELATIONSHIP_WITH_TRANSFORMATION(#33)
SHAPE_REPRESENTATION_RELATIONSHIP()
);
#76=(
REPRESENTATION_RELATIONSHIP($,$,#6909,#6905)
REPRESENTATION_RELATIONSHIP_WITH_TRANSFORMATION(#34)
SHAPE_REPRESENTATION_RELATIONSHIP()
);
#77=(
REPRESENTATION_RELATIONSHIP($,$,#6908,#6905)
REPRESENTATION_RELATIONSHIP_WITH_TRANSFORMATION(#35)
SHAPE_REPRESENTATION_RELATIONSHIP()
);
#78=(
REPRESENTATION_RELATIONSHIP($,$,#6908,#6905)
REPRESENTATION_RELATIONSHIP_WITH_TRANSFORMATION(#36)
SHAPE_REPRESENTATION_RELATIONSHIP()
);
#79=(
REPRESENTATION_RELATIONSHIP($,$,#6908,#6905)
REPRESENTATION_RELATIONSHIP_WITH_TRANSFORMATION(#37)
SHAPE_REPRESENTATION_RELATIONSHIP()
);
#80=(
REPRESENTATION_RELATIONSHIP($,$,#6908,#6905)
REPRESENTATION_RELATIONSHIP_WITH_TRANSFORMATION(#38)
SHAPE_REPRESENTATION_RELATIONSHIP()
);
#81=(
REPRESENTATION_RELATIONSHIP($,$,#6908,#6905)
REPRESENTATION_RELATIONSHIP_WITH_TRANSFORMATION(#39)
SHAPE_REPRESENTATION_RELATIONSHIP()
);
#82=(
REPRESENTATION_RELATIONSHIP($,$,#6908,#6905)
REPRESENTATION_RELATIONSHIP_WITH_TRANSFORMATION(#40)
SHAPE_REPRESENTATION_RELATIONSHIP()
);
#83=(
REPRESENTATION_RELATIONSHIP($,$,#6909,#6905)
REPRESENTATION_RELATIONSHIP_WITH_TRANSFORMATION(#41)
SHAPE_REPRESENTATION_RELATIONSHIP()
);
#84=(
REPRESENTATION_RELATIONSHIP($,$,#6909,#6905)
REPRESENTATION_RELATIONSHIP_WITH_TRANSFORMATION(#42)
SHAPE_REPRESENTATION_RELATIONSHIP()
);
#85=(
REPRESENTATION_RELATIONSHIP($,$,#6909,#6905)
REPRESENTATION_RELATIONSHIP_WITH_TRANSFORMATION(#43)
SHAPE_REPRESENTATION_RELATIONSHIP()
);
#86=(
REPRESENTATION_RELATIONSHIP($,$,#6909,#6905)
REPRESENTATION_RELATIONSHIP_WITH_TRANSFORMATION(#44)
SHAPE_REPRESENTATION_RELATIONSHIP()
);
#87=(
REPRESENTATION_RELATIONSHIP($,$,#6909,#6905)
REPRESENTATION_RELATIONSHIP_WITH_TRANSFORMATION(#45)
SHAPE_REPRESENTATION_RELATIONSHIP()
);
#88=(
REPRESENTATION_RELATIONSHIP($,$,#6909,#6905)
REPRESENTATION_RELATIONSHIP_WITH_TRANSFORMATION(#46)
SHAPE_REPRESENTATION_RELATIONSHIP()
);
#89=(
REPRESENTATION_RELATIONSHIP($,$,#6910,#6905)
REPRESENTATION_RELATIONSHIP_WITH_TRANSFORMATION(#47)
SHAPE_REPRESENTATION_RELATIONSHIP()
);
#90=(
REPRESENTATION_RELATIONSHIP($,$,#6910,#6905)
REPRESENTATION_RELATIONSHIP_WITH_TRANSFORMATION(#48)
SHAPE_REPRESENTATION_RELATIONSHIP()
);
#91=(
REPRESENTATION_RELATIONSHIP($,$,#6910,#6905)
REPRESENTATION_RELATIONSHIP_WITH_TRANSFORMATION(#49)
SHAPE_REPRESENTATION_RELATIONSHIP()
);
#92=(
REPRESENTATION_RELATIONSHIP($,$,#6911,#6905)
REPRESENTATION_RELATIONSHIP_WITH_TRANSFORMATION(#50)
SHAPE_REPRESENTATION_RELATIONSHIP()
);
#93=(
REPRESENTATION_RELATIONSHIP($,$,#6911,#6905)
REPRESENTATION_RELATIONSHIP_WITH_TRANSFORMATION(#51)
SHAPE_REPRESENTATION_RELATIONSHIP()
);
#94=(
REPRESENTATION_RELATIONSHIP($,$,#6911,#6905)
REPRESENTATION_RELATIONSHIP_WITH_TRANSFORMATION(#52)
SHAPE_REPRESENTATION_RELATIONSHIP()
);
#95=CONTEXT_DEPENDENT_SHAPE_REPRESENTATION(#53,#6863);
#96=CONTEXT_DEPENDENT_SHAPE_REPRESENTATION(#54,#6864);
#97=CONTEXT_DEPENDENT_SHAPE_REPRESENTATION(#55,#6865);
#98=CONTEXT_DEPENDENT_SHAPE_REPRESENTATION(#56,#6866);
#99=CONTEXT_DEPENDENT_SHAPE_REPRESENTATION(#57,#6867);
#100=CONTEXT_DEPENDENT_SHAPE_REPRESENTATION(#58,#6868);
#101=CONTEXT_DEPENDENT_SHAPE_REPRESENTATION(#59,#6869);
#102=CONTEXT_DEPENDENT_SHAPE_REPRESENTATION(#60,#6870);
#103=CONTEXT_DEPENDENT_SHAPE_REPRESENTATION(#61,#6871);
#104=CONTEXT_DEPENDENT_SHAPE_REPRESENTATION(#62,#6872);
#105=CONTEXT_DEPENDENT_SHAPE_REPRESENTATION(#63,#6873);
#106=CONTEXT_DEPENDENT_SHAPE_REPRESENTATION(#64,#6874);
#107=CONTEXT_DEPENDENT_SHAPE_REPRESENTATION(#65,#6875);
#108=CONTEXT_DEPENDENT_SHAPE_REPRESENTATION(#66,#6876);
#109=CONTEXT_DEPENDENT_SHAPE_REPRESENTATION(#67,#6877);
#110=CONTEXT_DEPENDENT_SHAPE_REPRESENTATION(#68,#6878);
#111=CONTEXT_DEPENDENT_SHAPE_REPRESENTATION(#69,#6879);
#112=CONTEXT_DEPENDENT_SHAPE_REPRESENTATION(#70,#6880);
#113=CONTEXT_DEPENDENT_SHAPE_REPRESENTATION(#71,#6881);
#114=CONTEXT_DEPENDENT_SHAPE_REPRESENTATION(#72,#6882);
#115=CONTEXT_DEPENDENT_SHAPE_REPRESENTATION(#73,#6883);
#116=CONTEXT_DEPENDENT_SHAPE_REPRESENTATION(#74,#6884);
#117=CONTEXT_DEPENDENT_SHAPE_REPRESENTATION(#75,#6885);
#118=CONTEXT_DEPENDENT_SHAPE_REPRESENTATION(#76,#6886);
#119=CONTEXT_DEPENDENT_SHAPE_REPRESENTATION(#77,#6887);
#120=CONTEXT_DEPENDENT_SHAPE_REPRESENTATION(#78,#6888);
#121=CONTEXT_DEPENDENT_SHAPE_REPRESENTATION(#79,#6889);
#122=CONTEXT_DEPENDENT_SHAPE_REPRESENTATION(#80,#6890);
#123=CONTEXT_DEPENDENT_SHAPE_REPRESENTATION(#81,#6891);
#124=CONTEXT_DEPENDENT_SHAPE_REPRESENTATION(#82,#6892);
#125=CONTEXT_DEPENDENT_SHAPE_REPRESENTATION(#83,#6893);
#126=CONTEXT_DEPENDENT_SHAPE_REPRESENTATION(#84,#6894);
#127=CONTEXT_DEPENDENT_SHAPE_REPRESENTATION(#85,#6895);
#128=CONTEXT_DEPENDENT_SHAPE_REPRESENTATION(#86,#6896);
#129=CONTEXT_DEPENDENT_SHAPE_REPRESENTATION(#87,#6897);
#130=CONTEXT_DEPENDENT_SHAPE_REPRESENTATION(#88,#6898);
#131=CONTEXT_DEPENDENT_SHAPE_REPRESENTATION(#89,#6899);
#132=CONTEXT_DEPENDENT_SHAPE_REPRESENTATION(#90,#6900);
#133=CONTEXT_DEPENDENT_SHAPE_REPRESENTATION(#91,#6901);
#134=CONTEXT_DEPENDENT_SHAPE_REPRESENTATION(#92,#6902);
#135=CONTEXT_DEPENDENT_SHAPE_REPRESENTATION(#93,#6903);
#136=CONTEXT_DEPENDENT_SHAPE_REPRESENTATION(#94,#6904);
#137=NEXT_ASSEMBLY_USAGE_OCCURRENCE('Corner Upsides v3:1',
'Corner Upsides v3:1','Corner Upsides v3:1',#6913,#6916,
'Corner Upsides v3:1');
#138=NEXT_ASSEMBLY_USAGE_OCCURRENCE('Corner Downsides v1:1',
'Corner Downsides v1:1','Corner Downsides v1:1',#6913,#6914,
'Corner Downsides v1:1');
#139=NEXT_ASSEMBLY_USAGE_OCCURRENCE('Corner Upsides v3:2',
'Corner Upsides v3:2','Corner Upsides v3:2',#6913,#6916,
'Corner Upsides v3:2');
#140=NEXT_ASSEMBLY_USAGE_OCCURRENCE('Corner Upsides v3:3',
'Corner Upsides v3:3','Corner Upsides v3:3',#6913,#6916,
'Corner Upsides v3:3');
#141=NEXT_ASSEMBLY_USAGE_OCCURRENCE('Corner Upsides v3:4',
'Corner Upsides v3:4','Corner Upsides v3:4',#6913,#6916,
'Corner Upsides v3:4');
#142=NEXT_ASSEMBLY_USAGE_OCCURRENCE('Corner Upsides v3:5',
'Corner Upsides v3:5','Corner Upsides v3:5',#6913,#6916,
'Corner Upsides v3:5');
#143=NEXT_ASSEMBLY_USAGE_OCCURRENCE('UpsideDown Wall v1:1',
'UpsideDown Wall v1:1','UpsideDown Wall v1:1',#6913,#6918,
'UpsideDown Wall v1:1');
#144=NEXT_ASSEMBLY_USAGE_OCCURRENCE('UpsideDown Wall v1:2',
'UpsideDown Wall v1:2','UpsideDown Wall v1:2',#6913,#6918,
'UpsideDown Wall v1:2');
#145=NEXT_ASSEMBLY_USAGE_OCCURRENCE('UpsideDown Wall v1:3',
'UpsideDown Wall v1:3','UpsideDown Wall v1:3',#6913,#6918,
'UpsideDown Wall v1:3');
#146=NEXT_ASSEMBLY_USAGE_OCCURRENCE('Side Wall v3:1','Side Wall v3:1',
'Side Wall v3:1',#6913,#6915,'Side Wall v3:1');
#147=NEXT_ASSEMBLY_USAGE_OCCURRENCE('Side Wall v3:3','Side Wall v3:3',
'Side Wall v3:3',#6913,#6915,'Side Wall v3:3');
#148=NEXT_ASSEMBLY_USAGE_OCCURRENCE('Side Wall v3:4','Side Wall v3:4',
'Side Wall v3:4',#6913,#6915,'Side Wall v3:4');
#149=NEXT_ASSEMBLY_USAGE_OCCURRENCE('Side Wall v3:5','Side Wall v3:5',
'Side Wall v3:5',#6913,#6915,'Side Wall v3:5');
#150=NEXT_ASSEMBLY_USAGE_OCCURRENCE('Side Wall v3:6','Side Wall v3:6',
'Side Wall v3:6',#6913,#6915,'Side Wall v3:6');
#151=NEXT_ASSEMBLY_USAGE_OCCURRENCE('Side Wall v3:7','Side Wall v3:7',
'Side Wall v3:7',#6913,#6915,'Side Wall v3:7');
#152=NEXT_ASSEMBLY_USAGE_OCCURRENCE('LED Line v2:2','LED Line v2:2',
'LED Line v2:2',#6913,#6919,'LED Line v2:2');
#153=NEXT_ASSEMBLY_USAGE_OCCURRENCE('LED Line v2:3','LED Line v2:3',
'LED Line v2:3',#6913,#6919,'LED Line v2:3');
#154=NEXT_ASSEMBLY_USAGE_OCCURRENCE('LED Line v2:4','LED Line v2:4',
'LED Line v2:4',#6913,#6919,'LED Line v2:4');
#155=NEXT_ASSEMBLY_USAGE_OCCURRENCE('LED Corner v8:2','LED Corner v8:2',
'LED Corner v8:2',#6913,#6917,'LED Corner v8:2');
#156=NEXT_ASSEMBLY_USAGE_OCCURRENCE('LED Corner v8:3','LED Corner v8:3',
'LED Corner v8:3',#6913,#6917,'LED Corner v8:3');
#157=NEXT_ASSEMBLY_USAGE_OCCURRENCE('LED Corner v8:4','LED Corner v8:4',
'LED Corner v8:4',#6913,#6917,'LED Corner v8:4');
#158=NEXT_ASSEMBLY_USAGE_OCCURRENCE('LED Corner v8:6','LED Corner v8:6',
'LED Corner v8:6',#6913,#6917,'LED Corner v8:6');
#159=NEXT_ASSEMBLY_USAGE_OCCURRENCE('LED Corner v8:7','LED Corner v8:7',
'LED Corner v8:7',#6913,#6917,'LED Corner v8:7');
#160=NEXT_ASSEMBLY_USAGE_OCCURRENCE('LED Corner v8:8','LED Corner v8:8',
'LED Corner v8:8',#6913,#6917,'LED Corner v8:8');
#161=NEXT_ASSEMBLY_USAGE_OCCURRENCE('Corner Upsides v3:6',
'Corner Upsides v3:6','Corner Upsides v3:6',#6913,#6916,
'Corner Upsides v3:6');
#162=NEXT_ASSEMBLY_USAGE_OCCURRENCE('Corner Upsides v3:7',
'Corner Upsides v3:7','Corner Upsides v3:7',#6913,#6916,
'Corner Upsides v3:7');
#163=NEXT_ASSEMBLY_USAGE_OCCURRENCE('Corner Upsides v3:8',
'Corner Upsides v3:8','Corner Upsides v3:8',#6913,#6916,
'Corner Upsides v3:8');
#164=NEXT_ASSEMBLY_USAGE_OCCURRENCE('Corner Upsides v3:9',
'Corner Upsides v3:9','Corner Upsides v3:9',#6913,#6916,
'Corner Upsides v3:9');
#165=NEXT_ASSEMBLY_USAGE_OCCURRENCE('Corner Upsides v3:10',
'Corner Upsides v3:10','Corner Upsides v3:10',#6913,#6916,
'Corner Upsides v3:10');
#166=NEXT_ASSEMBLY_USAGE_OCCURRENCE('Corner Upsides v3:11',
'Corner Upsides v3:11','Corner Upsides v3:11',#6913,#6916,
'Corner Upsides v3:11');
#167=NEXT_ASSEMBLY_USAGE_OCCURRENCE('LED Corner v8:10',
'LED Corner v8:10','LED Corner v8:10',#6913,#6917,'LED Corner v8:10');
#168=NEXT_ASSEMBLY_USAGE_OCCURRENCE('LED Corner v8:11',
'LED Corner v8:11','LED Corner v8:11',#6913,#6917,'LED Corner v8:11');
#169=NEXT_ASSEMBLY_USAGE_OCCURRENCE('LED Corner v8:12',
'LED Corner v8:12','LED Corner v8:12',#6913,#6917,'LED Corner v8:12');
#170=NEXT_ASSEMBLY_USAGE_OCCURRENCE('LED Corner v8:14',
'LED Corner v8:14','LED Corner v8:14',#6913,#6917,'LED Corner v8:14');
#171=NEXT_ASSEMBLY_USAGE_OCCURRENCE('LED Corner v8:15',
'LED Corner v8:15','LED Corner v8:15',#6913,#6917,'LED Corner v8:15');
#172=NEXT_ASSEMBLY_USAGE_OCCURRENCE('LED Corner v8:16',
'LED Corner v8:16','LED Corner v8:16',#6913,#6917,'LED Corner v8:16');
#173=NEXT_ASSEMBLY_USAGE_OCCURRENCE('UpsideDown Wall v1:4',
'UpsideDown Wall v1:4','UpsideDown Wall v1:4',#6913,#6918,
'UpsideDown Wall v1:4');
#174=NEXT_ASSEMBLY_USAGE_OCCURRENCE('UpsideDown Wall v1:5',
'UpsideDown Wall v1:5','UpsideDown Wall v1:5',#6913,#6918,
'UpsideDown Wall v1:5');
#175=NEXT_ASSEMBLY_USAGE_OCCURRENCE('UpsideDown Wall v1:6',
'UpsideDown Wall v1:6','UpsideDown Wall v1:6',#6913,#6918,
'UpsideDown Wall v1:6');
#176=NEXT_ASSEMBLY_USAGE_OCCURRENCE('LED Line v2:6','LED Line v2:6',
'LED Line v2:6',#6913,#6919,'LED Line v2:6');
#177=NEXT_ASSEMBLY_USAGE_OCCURRENCE('LED Line v2:7','LED Line v2:7',
'LED Line v2:7',#6913,#6919,'LED Line v2:7');
#178=NEXT_ASSEMBLY_USAGE_OCCURRENCE('LED Line v2:8','LED Line v2:8',
'LED Line v2:8',#6913,#6919,'LED Line v2:8');
#179=FACE_BOUND('',#522,.T.);
#180=FACE_BOUND('',#529,.T.);
#181=FACE_BOUND('',#618,.T.);
#182=FACE_BOUND('',#622,.T.);
#183=FACE_BOUND('',#624,.T.);
#184=SHAPE_REPRESENTATION_RELATIONSHIP('SRR','None',#6906,#190);
#185=SHAPE_REPRESENTATION_RELATIONSHIP('SRR','None',#6907,#191);
#186=SHAPE_REPRESENTATION_RELATIONSHIP('SRR','None',#6908,#192);
#187=SHAPE_REPRESENTATION_RELATIONSHIP('SRR','None',#6909,#193);
#188=SHAPE_REPRESENTATION_RELATIONSHIP('SRR','None',#6910,#194);
#189=SHAPE_REPRESENTATION_RELATIONSHIP('SRR','None',#6911,#195);
#190=ADVANCED_BREP_SHAPE_REPRESENTATION('',(#202),#6838);
#191=ADVANCED_BREP_SHAPE_REPRESENTATION('',(#203),#6839);
#192=ADVANCED_BREP_SHAPE_REPRESENTATION('',(#204),#6840);
#193=ADVANCED_BREP_SHAPE_REPRESENTATION('',(#205),#6841);
#194=ADVANCED_BREP_SHAPE_REPRESENTATION('',(#206),#6842);
#195=ADVANCED_BREP_SHAPE_REPRESENTATION('',(#207),#6843);
#196=STYLED_ITEM('',(#6944),#202);
#197=STYLED_ITEM('',(#6944),#203);
#198=STYLED_ITEM('',(#6944),#204);
#199=STYLED_ITEM('',(#6944),#205);
#200=STYLED_ITEM('',(#6944),#206);
#201=STYLED_ITEM('',(#6944),#207);
#202=MANIFOLD_SOLID_BREP('Body1',#4234);
#203=MANIFOLD_SOLID_BREP('Body1',#4235);
#204=MANIFOLD_SOLID_BREP('Body2',#4236);
#205=MANIFOLD_SOLID_BREP('Body2',#4237);
#206=MANIFOLD_SOLID_BREP('Body1',#4238);
#207=MANIFOLD_SOLID_BREP('Body2',#4239);
#208=FACE_OUTER_BOUND('',#414,.T.);
#209=FACE_OUTER_BOUND('',#415,.T.);
#210=FACE_OUTER_BOUND('',#416,.T.);
#211=FACE_OUTER_BOUND('',#417,.T.);
#212=FACE_OUTER_BOUND('',#418,.T.);
#213=FACE_OUTER_BOUND('',#419,.T.);
#214=FACE_OUTER_BOUND('',#420,.T.);
#215=FACE_OUTER_BOUND('',#421,.T.);
#216=FACE_OUTER_BOUND('',#422,.T.);
#217=FACE_OUTER_BOUND('',#423,.T.);
#218=FACE_OUTER_BOUND('',#424,.T.);
#219=FACE_OUTER_BOUND('',#425,.T.);
#220=FACE_OUTER_BOUND('',#426,.T.);
#221=FACE_OUTER_BOUND('',#427,.T.);
#222=FACE_OUTER_BOUND('',#428,.T.);
#223=FACE_OUTER_BOUND('',#429,.T.);
#224=FACE_OUTER_BOUND('',#430,.T.);
#225=FACE_OUTER_BOUND('',#431,.T.);
#226=FACE_OUTER_BOUND('',#432,.T.);
#227=FACE_OUTER_BOUND('',#433,.T.);
#228=FACE_OUTER_BOUND('',#434,.T.);
#229=FACE_OUTER_BOUND('',#435,.T.);
#230=FACE_OUTER_BOUND('',#436,.T.);
#231=FACE_OUTER_BOUND('',#437,.T.);
#232=FACE_OUTER_BOUND('',#438,.T.);
#233=FACE_OUTER_BOUND('',#439,.T.);
#234=FACE_OUTER_BOUND('',#440,.T.);
#235=FACE_OUTER_BOUND('',#441,.T.);
#236=FACE_OUTER_BOUND('',#442,.T.);
#237=FACE_OUTER_BOUND('',#443,.T.);
#238=FACE_OUTER_BOUND('',#444,.T.);
#239=FACE_OUTER_BOUND('',#445,.T.);
#240=FACE_OUTER_BOUND('',#446,.T.);
#241=FACE_OUTER_BOUND('',#447,.T.);
#242=FACE_OUTER_BOUND('',#448,.T.);
#243=FACE_OUTER_BOUND('',#449,.T.);
#244=FACE_OUTER_BOUND('',#450,.T.);
#245=FACE_OUTER_BOUND('',#451,.T.);
#246=FACE_OUTER_BOUND('',#452,.T.);
#247=FACE_OUTER_BOUND('',#453,.T.);
#248=FACE_OUTER_BOUND('',#454,.T.);
#249=FACE_OUTER_BOUND('',#455,.T.);
#250=FACE_OUTER_BOUND('',#456,.T.);
#251=FACE_OUTER_BOUND('',#457,.T.);
#252=FACE_OUTER_BOUND('',#458,.T.);
#253=FACE_OUTER_BOUND('',#459,.T.);
#254=FACE_OUTER_BOUND('',#460,.T.);
#255=FACE_OUTER_BOUND('',#461,.T.);
#256=FACE_OUTER_BOUND('',#462,.T.);
#257=FACE_OUTER_BOUND('',#463,.T.);
#258=FACE_OUTER_BOUND('',#464,.T.);
#259=FACE_OUTER_BOUND('',#465,.T.);
#260=FACE_OUTER_BOUND('',#466,.T.);
#261=FACE_OUTER_BOUND('',#467,.T.);
#262=FACE_OUTER_BOUND('',#468,.T.);
#263=FACE_OUTER_BOUND('',#469,.T.);
#264=FACE_OUTER_BOUND('',#470,.T.);
#265=FACE_OUTER_BOUND('',#471,.T.);
#266=FACE_OUTER_BOUND('',#472,.T.);
#267=FACE_OUTER_BOUND('',#473,.T.);
#268=FACE_OUTER_BOUND('',#474,.T.);
#269=FACE_OUTER_BOUND('',#475,.T.);
#270=FACE_OUTER_BOUND('',#476,.T.);
#271=FACE_OUTER_BOUND('',#477,.T.);
#272=FACE_OUTER_BOUND('',#478,.T.);
#273=FACE_OUTER_BOUND('',#479,.T.);
#274=FACE_OUTER_BOUND('',#480,.T.);
#275=FACE_OUTER_BOUND('',#481,.T.);
#276=FACE_OUTER_BOUND('',#482,.T.);
#277=FACE_OUTER_BOUND('',#483,.T.);
#278=FACE_OUTER_BOUND('',#484,.T.);
#279=FACE_OUTER_BOUND('',#485,.T.);
#280=FACE_OUTER_BOUND('',#486,.T.);
#281=FACE_OUTER_BOUND('',#487,.T.);
#282=FACE_OUTER_BOUND('',#488,.T.);
#283=FACE_OUTER_BOUND('',#489,.T.);
#284=FACE_OUTER_BOUND('',#490,.T.);
#285=FACE_OUTER_BOUND('',#491,.T.);
#286=FACE_OUTER_BOUND('',#492,.T.);
#287=FACE_OUTER_BOUND('',#493,.T.);
#288=FACE_OUTER_BOUND('',#494,.T.);
#289=FACE_OUTER_BOUND('',#495,.T.);
#290=FACE_OUTER_BOUND('',#496,.T.);
#291=FACE_OUTER_BOUND('',#497,.T.);
#292=FACE_OUTER_BOUND('',#498,.T.);
#293=FACE_OUTER_BOUND('',#499,.T.);
#294=FACE_OUTER_BOUND('',#500,.T.);
#295=FACE_OUTER_BOUND('',#501,.T.);
#296=FACE_OUTER_BOUND('',#502,.T.);
#297=FACE_OUTER_BOUND('',#503,.T.);
#298=FACE_OUTER_BOUND('',#504,.T.);
#299=FACE_OUTER_BOUND('',#505,.T.);
#300=FACE_OUTER_BOUND('',#506,.T.);
#301=FACE_OUTER_BOUND('',#507,.T.);
#302=FACE_OUTER_BOUND('',#508,.T.);
#303=FACE_OUTER_BOUND('',#509,.T.);
#304=FACE_OUTER_BOUND('',#510,.T.);
#305=FACE_OUTER_BOUND('',#511,.T.);
#306=FACE_OUTER_BOUND('',#512,.T.);
#307=FACE_OUTER_BOUND('',#513,.T.);
#308=FACE_OUTER_BOUND('',#514,.T.);
#309=FACE_OUTER_BOUND('',#515,.T.);
#310=FACE_OUTER_BOUND('',#516,.T.);
#311=FACE_OUTER_BOUND('',#517,.T.);
#312=FACE_OUTER_BOUND('',#518,.T.);
#313=FACE_OUTER_BOUND('',#519,.T.);
#314=FACE_OUTER_BOUND('',#520,.T.);
#315=FACE_OUTER_BOUND('',#521,.T.);
#316=FACE_OUTER_BOUND('',#523,.T.);
#317=FACE_OUTER_BOUND('',#524,.T.);
#318=FACE_OUTER_BOUND('',#525,.T.);
#319=FACE_OUTER_BOUND('',#526,.T.);
#320=FACE_OUTER_BOUND('',#527,.T.);
#321=FACE_OUTER_BOUND('',#528,.T.);
#322=FACE_OUTER_BOUND('',#530,.T.);
#323=FACE_OUTER_BOUND('',#531,.T.);
#324=FACE_OUTER_BOUND('',#532,.T.);
#325=FACE_OUTER_BOUND('',#533,.T.);
#326=FACE_OUTER_BOUND('',#534,.T.);
#327=FACE_OUTER_BOUND('',#535,.T.);
#328=FACE_OUTER_BOUND('',#536,.T.);
#329=FACE_OUTER_BOUND('',#537,.T.);
#330=FACE_OUTER_BOUND('',#538,.T.);
#331=FACE_OUTER_BOUND('',#539,.T.);
#332=FACE_OUTER_BOUND('',#540,.T.);
#333=FACE_OUTER_BOUND('',#541,.T.);
#334=FACE_OUTER_BOUND('',#542,.T.);
#335=FACE_OUTER_BOUND('',#543,.T.);
#336=FACE_OUTER_BOUND('',#544,.T.);
#337=FACE_OUTER_BOUND('',#545,.T.);
#338=FACE_OUTER_BOUND('',#546,.T.);
#339=FACE_OUTER_BOUND('',#547,.T.);
#340=FACE_OUTER_BOUND('',#548,.T.);
#341=FACE_OUTER_BOUND('',#549,.T.);
#342=FACE_OUTER_BOUND('',#550,.T.);
#343=FACE_OUTER_BOUND('',#551,.T.);
#344=FACE_OUTER_BOUND('',#552,.T.);
#345=FACE_OUTER_BOUND('',#553,.T.);
#346=FACE_OUTER_BOUND('',#554,.T.);
#347=FACE_OUTER_BOUND('',#555,.T.);
#348=FACE_OUTER_BOUND('',#556,.T.);
#349=FACE_OUTER_BOUND('',#557,.T.);
#350=FACE_OUTER_BOUND('',#558,.T.);
#351=FACE_OUTER_BOUND('',#559,.T.);
#352=FACE_OUTER_BOUND('',#560,.T.);
#353=FACE_OUTER_BOUND('',#561,.T.);
#354=FACE_OUTER_BOUND('',#562,.T.);
#355=FACE_OUTER_BOUND('',#563,.T.);
#356=FACE_OUTER_BOUND('',#564,.T.);
#357=FACE_OUTER_BOUND('',#565,.T.);
#358=FACE_OUTER_BOUND('',#566,.T.);
#359=FACE_OUTER_BOUND('',#567,.T.);
#360=FACE_OUTER_BOUND('',#568,.T.);
#361=FACE_OUTER_BOUND('',#569,.T.);
#362=FACE_OUTER_BOUND('',#570,.T.);
#363=FACE_OUTER_BOUND('',#571,.T.);
#364=FACE_OUTER_BOUND('',#572,.T.);
#365=FACE_OUTER_BOUND('',#573,.T.);
#366=FACE_OUTER_BOUND('',#574,.T.);
#367=FACE_OUTER_BOUND('',#575,.T.);
#368=FACE_OUTER_BOUND('',#576,.T.);
#369=FACE_OUTER_BOUND('',#577,.T.);
#370=FACE_OUTER_BOUND('',#578,.T.);
#371=FACE_OUTER_BOUND('',#579,.T.);
#372=FACE_OUTER_BOUND('',#580,.T.);
#373=FACE_OUTER_BOUND('',#581,.T.);
#374=FACE_OUTER_BOUND('',#582,.T.);
#375=FACE_OUTER_BOUND('',#583,.T.);
#376=FACE_OUTER_BOUND('',#584,.T.);
#377=FACE_OUTER_BOUND('',#585,.T.);
#378=FACE_OUTER_BOUND('',#586,.T.);
#379=FACE_OUTER_BOUND('',#587,.T.);
#380=FACE_OUTER_BOUND('',#588,.T.);
#381=FACE_OUTER_BOUND('',#589,.T.);
#382=FACE_OUTER_BOUND('',#590,.T.);
#383=FACE_OUTER_BOUND('',#591,.T.);
#384=FACE_OUTER_BOUND('',#592,.T.);
#385=FACE_OUTER_BOUND('',#593,.T.);
#386=FACE_OUTER_BOUND('',#594,.T.);
#387=FACE_OUTER_BOUND('',#595,.T.);
#388=FACE_OUTER_BOUND('',#596,.T.);
#389=FACE_OUTER_BOUND('',#597,.T.);
#390=FACE_OUTER_BOUND('',#598,.T.);
#391=FACE_OUTER_BOUND('',#599,.T.);
#392=FACE_OUTER_BOUND('',#600,.T.);
#393=FACE_OUTER_BOUND('',#601,.T.);
#394=FACE_OUTER_BOUND('',#602,.T.);
#395=FACE_OUTER_BOUND('',#603,.T.);
#396=FACE_OUTER_BOUND('',#604,.T.);
#397=FACE_OUTER_BOUND('',#605,.T.);
#398=FACE_OUTER_BOUND('',#606,.T.);
#399=FACE_OUTER_BOUND('',#607,.T.);
#400=FACE_OUTER_BOUND('',#608,.T.);
#401=FACE_OUTER_BOUND('',#609,.T.);
#402=FACE_OUTER_BOUND('',#610,.T.);
#403=FACE_OUTER_BOUND('',#611,.T.);
#404=FACE_OUTER_BOUND('',#612,.T.);
#405=FACE_OUTER_BOUND('',#613,.T.);
#406=FACE_OUTER_BOUND('',#614,.T.);
#407=FACE_OUTER_BOUND('',#615,.T.);
#408=FACE_OUTER_BOUND('',#616,.T.);
#409=FACE_OUTER_BOUND('',#617,.T.);
#410=FACE_OUTER_BOUND('',#619,.T.);
#411=FACE_OUTER_BOUND('',#620,.T.);
#412=FACE_OUTER_BOUND('',#621,.T.);
#413=FACE_OUTER_BOUND('',#623,.T.);
#414=EDGE_LOOP('',(#2692,#2693,#2694,#2695));
#415=EDGE_LOOP('',(#2696,#2697,#2698,#2699));
#416=EDGE_LOOP('',(#2700,#2701,#2702,#2703));
#417=EDGE_LOOP('',(#2704,#2705,#2706,#2707));
#418=EDGE_LOOP('',(#2708,#2709,#2710,#2711));
#419=EDGE_LOOP('',(#2712,#2713,#2714,#2715));
#420=EDGE_LOOP('',(#2716,#2717,#2718,#2719));
#421=EDGE_LOOP('',(#2720,#2721,#2722,#2723));
#422=EDGE_LOOP('',(#2724,#2725,#2726,#2727));
#423=EDGE_LOOP('',(#2728,#2729,#2730,#2731));
#424=EDGE_LOOP('',(#2732,#2733,#2734,#2735));
#425=EDGE_LOOP('',(#2736,#2737,#2738,#2739));
#426=EDGE_LOOP('',(#2740,#2741,#2742,#2743));
#427=EDGE_LOOP('',(#2744,#2745,#2746,#2747));
#428=EDGE_LOOP('',(#2748,#2749,#2750,#2751));
#429=EDGE_LOOP('',(#2752,#2753,#2754,#2755));
#430=EDGE_LOOP('',(#2756,#2757,#2758,#2759));
#431=EDGE_LOOP('',(#2760,#2761,#2762,#2763));
#432=EDGE_LOOP('',(#2764,#2765,#2766,#2767));
#433=EDGE_LOOP('',(#2768,#2769,#2770,#2771));
#434=EDGE_LOOP('',(#2772,#2773,#2774,#2775));
#435=EDGE_LOOP('',(#2776,#2777,#2778,#2779));
#436=EDGE_LOOP('',(#2780,#2781,#2782,#2783));
#437=EDGE_LOOP('',(#2784,#2785,#2786,#2787));
#438=EDGE_LOOP('',(#2788,#2789,#2790,#2791));
#439=EDGE_LOOP('',(#2792,#2793,#2794,#2795));
#440=EDGE_LOOP('',(#2796,#2797,#2798,#2799));
#441=EDGE_LOOP('',(#2800,#2801,#2802,#2803));
#442=EDGE_LOOP('',(#2804,#2805,#2806,#2807));
#443=EDGE_LOOP('',(#2808,#2809,#2810,#2811));
#444=EDGE_LOOP('',(#2812,#2813,#2814,#2815));
#445=EDGE_LOOP('',(#2816,#2817,#2818,#2819));
#446=EDGE_LOOP('',(#2820,#2821,#2822,#2823));
#447=EDGE_LOOP('',(#2824,#2825,#2826,#2827));
#448=EDGE_LOOP('',(#2828,#2829,#2830,#2831));
#449=EDGE_LOOP('',(#2832,#2833,#2834,#2835));
#450=EDGE_LOOP('',(#2836,#2837,#2838,#2839,#2840,#2841,#2842,#2843,#2844,
#2845,#2846,#2847,#2848,#2849,#2850,#2851,#2852,#2853,#2854,#2855,#2856,
#2857,#2858,#2859,#2860,#2861,#2862,#2863,#2864,#2865,#2866,#2867,#2868,
#2869,#2870,#2871));
#451=EDGE_LOOP('',(#2872,#2873,#2874,#2875,#2876,#2877,#2878,#2879,#2880,
#2881,#2882,#2883,#2884,#2885,#2886,#2887,#2888,#2889,#2890,#2891,#2892,
#2893,#2894,#2895,#2896,#2897,#2898,#2899,#2900,#2901,#2902,#2903,#2904,
#2905,#2906,#2907));
#452=EDGE_LOOP('',(#2908,#2909,#2910,#2911));
#453=EDGE_LOOP('',(#2912,#2913,#2914,#2915));
#454=EDGE_LOOP('',(#2916,#2917,#2918,#2919));
#455=EDGE_LOOP('',(#2920,#2921,#2922,#2923));
#456=EDGE_LOOP('',(#2924,#2925,#2926,#2927));
#457=EDGE_LOOP('',(#2928,#2929,#2930,#2931));
#458=EDGE_LOOP('',(#2932,#2933,#2934,#2935));
#459=EDGE_LOOP('',(#2936,#2937,#2938,#2939));
#460=EDGE_LOOP('',(#2940,#2941,#2942,#2943));
#461=EDGE_LOOP('',(#2944,#2945,#2946,#2947));
#462=EDGE_LOOP('',(#2948,#2949,#2950,#2951));
#463=EDGE_LOOP('',(#2952,#2953,#2954,#2955));
#464=EDGE_LOOP('',(#2956,#2957,#2958,#2959));
#465=EDGE_LOOP('',(#2960,#2961,#2962,#2963));
#466=EDGE_LOOP('',(#2964,#2965,#2966,#2967));
#467=EDGE_LOOP('',(#2968,#2969,#2970,#2971));
#468=EDGE_LOOP('',(#2972,#2973,#2974,#2975));
#469=EDGE_LOOP('',(#2976,#2977,#2978,#2979));
#470=EDGE_LOOP('',(#2980,#2981,#2982,#2983));
#471=EDGE_LOOP('',(#2984,#2985,#2986,#2987));
#472=EDGE_LOOP('',(#2988,#2989,#2990,#2991));
#473=EDGE_LOOP('',(#2992,#2993,#2994,#2995));
#474=EDGE_LOOP('',(#2996,#2997,#2998,#2999));
#475=EDGE_LOOP('',(#3000,#3001,#3002,#3003));
#476=EDGE_LOOP('',(#3004,#3005,#3006,#3007,#3008,#3009,#3010,#3011,#3012,
#3013,#3014,#3015,#3016,#3017,#3018,#3019,#3020,#3021,#3022,#3023,#3024,
#3025,#3026,#3027));
#477=EDGE_LOOP('',(#3028,#3029,#3030,#3031,#3032,#3033,#3034,#3035,#3036,
#3037,#3038,#3039,#3040,#3041,#3042,#3043,#3044,#3045,#3046,#3047,#3048,
#3049,#3050,#3051));
#478=EDGE_LOOP('',(#3052,#3053,#3054,#3055));
#479=EDGE_LOOP('',(#3056,#3057,#3058,#3059));
#480=EDGE_LOOP('',(#3060,#3061,#3062,#3063));
#481=EDGE_LOOP('',(#3064,#3065,#3066,#3067));
#482=EDGE_LOOP('',(#3068,#3069,#3070,#3071));
#483=EDGE_LOOP('',(#3072,#3073,#3074,#3075));
#484=EDGE_LOOP('',(#3076,#3077,#3078,#3079));
#485=EDGE_LOOP('',(#3080,#3081,#3082,#3083));
#486=EDGE_LOOP('',(#3084,#3085,#3086,#3087));
#487=EDGE_LOOP('',(#3088,#3089,#3090,#3091));
#488=EDGE_LOOP('',(#3092,#3093,#3094,#3095));
#489=EDGE_LOOP('',(#3096,#3097,#3098,#3099));
#490=EDGE_LOOP('',(#3100,#3101,#3102,#3103));
#491=EDGE_LOOP('',(#3104,#3105,#3106,#3107));
#492=EDGE_LOOP('',(#3108,#3109,#3110,#3111));
#493=EDGE_LOOP('',(#3112,#3113,#3114,#3115));
#494=EDGE_LOOP('',(#3116,#3117,#3118,#3119));
#495=EDGE_LOOP('',(#3120,#3121,#3122,#3123));
#496=EDGE_LOOP('',(#3124,#3125,#3126,#3127));
#497=EDGE_LOOP('',(#3128,#3129,#3130,#3131));
#498=EDGE_LOOP('',(#3132,#3133,#3134,#3135));
#499=EDGE_LOOP('',(#3136,#3137,#3138,#3139));
#500=EDGE_LOOP('',(#3140,#3141,#3142,#3143));
#501=EDGE_LOOP('',(#3144,#3145,#3146,#3147));
#502=EDGE_LOOP('',(#3148,#3149,#3150,#3151));
#503=EDGE_LOOP('',(#3152,#3153,#3154,#3155));
#504=EDGE_LOOP('',(#3156,#3157,#3158,#3159));
#505=EDGE_LOOP('',(#3160,#3161,#3162,#3163));
#506=EDGE_LOOP('',(#3164,#3165,#3166,#3167));
#507=EDGE_LOOP('',(#3168,#3169,#3170,#3171));
#508=EDGE_LOOP('',(#3172,#3173,#3174,#3175));
#509=EDGE_LOOP('',(#3176,#3177,#3178,#3179));
#510=EDGE_LOOP('',(#3180,#3181,#3182,#3183));
#511=EDGE_LOOP('',(#3184,#3185,#3186,#3187));
#512=EDGE_LOOP('',(#3188,#3189,#3190,#3191));
#513=EDGE_LOOP('',(#3192,#3193,#3194,#3195));
#514=EDGE_LOOP('',(#3196,#3197,#3198,#3199));
#515=EDGE_LOOP('',(#3200,#3201,#3202,#3203,#3204,#3205,#3206,#3207,#3208,
#3209,#3210,#3211,#3212,#3213,#3214,#3215,#3216,#3217,#3218,#3219,#3220,
#3221,#3222,#3223,#3224,#3225,#3226,#3227,#3228,#3229,#3230,#3231,#3232,
#3233,#3234,#3235,#3236));
#516=EDGE_LOOP('',(#3237,#3238,#3239,#3240,#3241,#3242,#3243,#3244,#3245,
#3246,#3247,#3248,#3249,#3250,#3251,#3252,#3253,#3254,#3255,#3256,#3257,
#3258,#3259,#3260,#3261,#3262,#3263,#3264,#3265,#3266,#3267,#3268,#3269,
#3270,#3271,#3272,#3273));
#517=EDGE_LOOP('',(#3274,#3275,#3276,#3277));
#518=EDGE_LOOP('',(#3278,#3279,#3280,#3281,#3282,#3283));
#519=EDGE_LOOP('',(#3284,#3285,#3286,#3287));
#520=EDGE_LOOP('',(#3288,#3289,#3290,#3291));
#521=EDGE_LOOP('',(#3292,#3293,#3294,#3295,#3296,#3297,#3298,#3299,#3300,
#3301,#3302,#3303,#3304,#3305,#3306,#3307,#3308,#3309,#3310,#3311,#3312,
#3313,#3314,#3315,#3316,#3317,#3318,#3319,#3320,#3321));
#522=EDGE_LOOP('',(#3322,#3323,#3324,#3325,#3326));
#523=EDGE_LOOP('',(#3327,#3328,#3329,#3330,#3331));
#524=EDGE_LOOP('',(#3332,#3333,#3334,#3335,#3336));
#525=EDGE_LOOP('',(#3337,#3338,#3339,#3340,#3341,#3342));
#526=EDGE_LOOP('',(#3343,#3344,#3345,#3346));
#527=EDGE_LOOP('',(#3347,#3348,#3349,#3350));
#528=EDGE_LOOP('',(#3351,#3352,#3353,#3354,#3355,#3356,#3357,#3358,#3359,
#3360,#3361,#3362,#3363,#3364,#3365,#3366,#3367,#3368,#3369,#3370,#3371,
#3372,#3373,#3374,#3375,#3376,#3377,#3378,#3379,#3380));
#529=EDGE_LOOP('',(#3381,#3382,#3383,#3384,#3385));
#530=EDGE_LOOP('',(#3386,#3387,#3388,#3389));
#531=EDGE_LOOP('',(#3390,#3391,#3392,#3393));
#532=EDGE_LOOP('',(#3394,#3395,#3396,#3397,#3398));
#533=EDGE_LOOP('',(#3399,#3400,#3401,#3402));
#534=EDGE_LOOP('',(#3403,#3404,#3405,#3406,#3407));
#535=EDGE_LOOP('',(#3408,#3409,#3410,#3411));
#536=EDGE_LOOP('',(#3412,#3413,#3414,#3415));
#537=EDGE_LOOP('',(#3416,#3417,#3418,#3419));
#538=EDGE_LOOP('',(#3420,#3421,#3422,#3423));
#539=EDGE_LOOP('',(#3424,#3425,#3426,#3427));
#540=EDGE_LOOP('',(#3428,#3429,#3430,#3431));
#541=EDGE_LOOP('',(#3432,#3433,#3434,#3435));
#542=EDGE_LOOP('',(#3436,#3437,#3438,#3439));
#543=EDGE_LOOP('',(#3440,#3441,#3442,#3443));
#544=EDGE_LOOP('',(#3444,#3445,#3446,#3447));
#545=EDGE_LOOP('',(#3448,#3449,#3450,#3451));
#546=EDGE_LOOP('',(#3452,#3453,#3454,#3455));
#547=EDGE_LOOP('',(#3456,#3457,#3458,#3459));
#548=EDGE_LOOP('',(#3460,#3461,#3462,#3463));
#549=EDGE_LOOP('',(#3464,#3465,#3466,#3467));
#550=EDGE_LOOP('',(#3468,#3469,#3470,#3471));
#551=EDGE_LOOP('',(#3472,#3473,#3474,#3475));
#552=EDGE_LOOP('',(#3476,#3477,#3478,#3479));
#553=EDGE_LOOP('',(#3480,#3481,#3482,#3483));
#554=EDGE_LOOP('',(#3484,#3485,#3486,#3487));
#555=EDGE_LOOP('',(#3488,#3489,#3490,#3491));
#556=EDGE_LOOP('',(#3492,#3493,#3494,#3495));
#557=EDGE_LOOP('',(#3496,#3497,#3498,#3499,#3500,#3501));
#558=EDGE_LOOP('',(#3502,#3503,#3504,#3505));
#559=EDGE_LOOP('',(#3506,#3507,#3508,#3509));
#560=EDGE_LOOP('',(#3510,#3511,#3512,#3513));
#561=EDGE_LOOP('',(#3514,#3515,#3516,#3517));
#562=EDGE_LOOP('',(#3518,#3519,#3520,#3521));
#563=EDGE_LOOP('',(#3522,#3523,#3524,#3525));
#564=EDGE_LOOP('',(#3526,#3527,#3528,#3529));
#565=EDGE_LOOP('',(#3530,#3531,#3532,#3533));
#566=EDGE_LOOP('',(#3534,#3535,#3536,#3537));
#567=EDGE_LOOP('',(#3538,#3539,#3540,#3541,#3542,#3543));
#568=EDGE_LOOP('',(#3544,#3545,#3546,#3547));
#569=EDGE_LOOP('',(#3548,#3549,#3550,#3551));
#570=EDGE_LOOP('',(#3552,#3553,#3554,#3555));
#571=EDGE_LOOP('',(#3556,#3557,#3558,#3559));
#572=EDGE_LOOP('',(#3560,#3561,#3562,#3563));
#573=EDGE_LOOP('',(#3564,#3565,#3566,#3567));
#574=EDGE_LOOP('',(#3568,#3569,#3570,#3571));
#575=EDGE_LOOP('',(#3572,#3573,#3574,#3575));
#576=EDGE_LOOP('',(#3576,#3577,#3578,#3579));
#577=EDGE_LOOP('',(#3580,#3581,#3582,#3583));
#578=EDGE_LOOP('',(#3584,#3585,#3586,#3587));
#579=EDGE_LOOP('',(#3588,#3589,#3590,#3591));
#580=EDGE_LOOP('',(#3592,#3593,#3594,#3595));
#581=EDGE_LOOP('',(#3596,#3597,#3598,#3599));
#582=EDGE_LOOP('',(#3600,#3601,#3602,#3603));
#583=EDGE_LOOP('',(#3604,#3605,#3606,#3607));
#584=EDGE_LOOP('',(#3608,#3609,#3610,#3611));
#585=EDGE_LOOP('',(#3612,#3613,#3614,#3615));
#586=EDGE_LOOP('',(#3616,#3617,#3618,#3619));
#587=EDGE_LOOP('',(#3620,#3621,#3622,#3623));
#588=EDGE_LOOP('',(#3624,#3625,#3626,#3627));
#589=EDGE_LOOP('',(#3628,#3629,#3630,#3631));
#590=EDGE_LOOP('',(#3632,#3633,#3634,#3635));
#591=EDGE_LOOP('',(#3636,#3637,#3638,#3639));
#592=EDGE_LOOP('',(#3640,#3641,#3642,#3643,#3644,#3645,#3646,#3647,#3648,
#3649,#3650,#3651,#3652,#3653,#3654,#3655));
#593=EDGE_LOOP('',(#3656,#3657,#3658,#3659,#3660,#3661,#3662,#3663,#3664,
#3665,#3666,#3667,#3668,#3669,#3670,#3671));
#594=EDGE_LOOP('',(#3672,#3673,#3674,#3675));
#595=EDGE_LOOP('',(#3676,#3677,#3678,#3679));
#596=EDGE_LOOP('',(#3680,#3681,#3682,#3683));
#597=EDGE_LOOP('',(#3684,#3685,#3686,#3687));
#598=EDGE_LOOP('',(#3688,#3689,#3690,#3691));
#599=EDGE_LOOP('',(#3692,#3693,#3694,#3695));
#600=EDGE_LOOP('',(#3696,#3697,#3698,#3699));
#601=EDGE_LOOP('',(#3700,#3701,#3702,#3703));
#602=EDGE_LOOP('',(#3704,#3705,#3706,#3707));
#603=EDGE_LOOP('',(#3708,#3709,#3710,#3711));
#604=EDGE_LOOP('',(#3712,#3713,#3714,#3715));
#605=EDGE_LOOP('',(#3716,#3717,#3718,#3719));
#606=EDGE_LOOP('',(#3720,#3721,#3722,#3723));
#607=EDGE_LOOP('',(#3724,#3725,#3726,#3727));
#608=EDGE_LOOP('',(#3728,#3729,#3730,#3731));
#609=EDGE_LOOP('',(#3732,#3733,#3734,#3735));
#610=EDGE_LOOP('',(#3736,#3737,#3738,#3739));
#611=EDGE_LOOP('',(#3740,#3741,#3742,#3743));
#612=EDGE_LOOP('',(#3744,#3745,#3746,#3747));
#613=EDGE_LOOP('',(#3748,#3749,#3750,#3751));
#614=EDGE_LOOP('',(#3752,#3753,#3754,#3755));
#615=EDGE_LOOP('',(#3756,#3757,#3758,#3759));
#616=EDGE_LOOP('',(#3760,#3761,#3762,#3763));
#617=EDGE_LOOP('',(#3764,#3765,#3766,#3767));
#618=EDGE_LOOP('',(#3768,#3769,#3770,#3771));
#619=EDGE_LOOP('',(#3772,#3773,#3774,#3775));
#620=EDGE_LOOP('',(#3776,#3777,#3778,#3779));
#621=EDGE_LOOP('',(#3780,#3781,#3782,#3783,#3784,#3785,#3786,#3787,#3788,
#3789,#3790,#3791,#3792,#3793));
#622=EDGE_LOOP('',(#3794,#3795,#3796,#3797,#3798,#3799,#3800));
#623=EDGE_LOOP('',(#3801,#3802,#3803,#3804,#3805,#3806,#3807,#3808,#3809,
#3810,#3811,#3812,#3813,#3814));
#624=EDGE_LOOP('',(#3815,#3816,#3817,#3818,#3819,#3820,#3821));
#625=LINE('',#5642,#1190);
#626=LINE('',#5644,#1191);
#627=LINE('',#5646,#1192);
#628=LINE('',#5647,#1193);
#629=LINE('',#5650,#1194);
#630=LINE('',#5652,#1195);
#631=LINE('',#5653,#1196);
#632=LINE('',#5656,#1197);
#633=LINE('',#5658,#1198);
#634=LINE('',#5659,#1199);
#635=LINE('',#5662,#1200);
#636=LINE('',#5664,#1201);
#637=LINE('',#5665,#1202);
#638=LINE('',#5668,#1203);
#639=LINE('',#5670,#1204);
#640=LINE('',#5671,#1205);
#641=LINE('',#5674,#1206);
#642=LINE('',#5676,#1207);
#643=LINE('',#5677,#1208);
#644=LINE('',#5680,#1209);
#645=LINE('',#5682,#1210);
#646=LINE('',#5683,#1211);
#647=LINE('',#5686,#1212);
#648=LINE('',#5688,#1213);
#649=LINE('',#5689,#1214);
#650=LINE('',#5692,#1215);
#651=LINE('',#5694,#1216);
#652=LINE('',#5695,#1217);
#653=LINE('',#5698,#1218);
#654=LINE('',#5700,#1219);
#655=LINE('',#5701,#1220);
#656=LINE('',#5704,#1221);
#657=LINE('',#5706,#1222);
#658=LINE('',#5707,#1223);
#659=LINE('',#5710,#1224);
#660=LINE('',#5712,#1225);
#661=LINE('',#5713,#1226);
#662=LINE('',#5716,#1227);
#663=LINE('',#5718,#1228);
#664=LINE('',#5719,#1229);
#665=LINE('',#5722,#1230);
#666=LINE('',#5724,#1231);
#667=LINE('',#5725,#1232);
#668=LINE('',#5728,#1233);
#669=LINE('',#5730,#1234);
#670=LINE('',#5731,#1235);
#671=LINE('',#5734,#1236);
#672=LINE('',#5736,#1237);
#673=LINE('',#5737,#1238);
#674=LINE('',#5740,#1239);
#675=LINE('',#5742,#1240);
#676=LINE('',#5743,#1241);
#677=LINE('',#5746,#1242);
#678=LINE('',#5748,#1243);
#679=LINE('',#5749,#1244);
#680=LINE('',#5752,#1245);
#681=LINE('',#5754,#1246);
#682=LINE('',#5755,#1247);
#683=LINE('',#5758,#1248);
#684=LINE('',#5760,#1249);
#685=LINE('',#5761,#1250);
#686=LINE('',#5764,#1251);
#687=LINE('',#5766,#1252);
#688=LINE('',#5767,#1253);
#689=LINE('',#5770,#1254);
#690=LINE('',#5772,#1255);
#691=LINE('',#5773,#1256);
#692=LINE('',#5776,#1257);
#693=LINE('',#5778,#1258);
#694=LINE('',#5779,#1259);
#695=LINE('',#5782,#1260);
#696=LINE('',#5784,#1261);
#697=LINE('',#5785,#1262);
#698=LINE('',#5788,#1263);
#699=LINE('',#5790,#1264);
#700=LINE('',#5791,#1265);
#701=LINE('',#5794,#1266);
#702=LINE('',#5796,#1267);
#703=LINE('',#5797,#1268);
#704=LINE('',#5800,#1269);
#705=LINE('',#5802,#1270);
#706=LINE('',#5803,#1271);
#707=LINE('',#5806,#1272);
#708=LINE('',#5808,#1273);
#709=LINE('',#5809,#1274);
#710=LINE('',#5812,#1275);
#711=LINE('',#5814,#1276);
#712=LINE('',#5815,#1277);
#713=LINE('',#5818,#1278);
#714=LINE('',#5820,#1279);
#715=LINE('',#5821,#1280);
#716=LINE('',#5824,#1281);
#717=LINE('',#5826,#1282);
#718=LINE('',#5827,#1283);
#719=LINE('',#5830,#1284);
#720=LINE('',#5832,#1285);
#721=LINE('',#5833,#1286);
#722=LINE('',#5836,#1287);
#723=LINE('',#5838,#1288);
#724=LINE('',#5839,#1289);
#725=LINE('',#5842,#1290);
#726=LINE('',#5844,#1291);
#727=LINE('',#5845,#1292);
#728=LINE('',#5848,#1293);
#729=LINE('',#5850,#1294);
#730=LINE('',#5851,#1295);
#731=LINE('',#5853,#1296);
#732=LINE('',#5854,#1297);
#733=LINE('',#5861,#1298);
#734=LINE('',#5863,#1299);
#735=LINE('',#5865,#1300);
#736=LINE('',#5866,#1301);
#737=LINE('',#5869,#1302);
#738=LINE('',#5871,#1303);
#739=LINE('',#5872,#1304);
#740=LINE('',#5875,#1305);
#741=LINE('',#5877,#1306);
#742=LINE('',#5878,#1307);
#743=LINE('',#5881,#1308);
#744=LINE('',#5883,#1309);
#745=LINE('',#5884,#1310);
#746=LINE('',#5887,#1311);
#747=LINE('',#5889,#1312);
#748=LINE('',#5890,#1313);
#749=LINE('',#5893,#1314);
#750=LINE('',#5895,#1315);
#751=LINE('',#5896,#1316);
#752=LINE('',#5899,#1317);
#753=LINE('',#5901,#1318);
#754=LINE('',#5902,#1319);
#755=LINE('',#5905,#1320);
#756=LINE('',#5907,#1321);
#757=LINE('',#5908,#1322);
#758=LINE('',#5911,#1323);
#759=LINE('',#5913,#1324);
#760=LINE('',#5914,#1325);
#761=LINE('',#5917,#1326);
#762=LINE('',#5919,#1327);
#763=LINE('',#5920,#1328);
#764=LINE('',#5923,#1329);
#765=LINE('',#5925,#1330);
#766=LINE('',#5926,#1331);
#767=LINE('',#5929,#1332);
#768=LINE('',#5931,#1333);
#769=LINE('',#5932,#1334);
#770=LINE('',#5935,#1335);
#771=LINE('',#5937,#1336);
#772=LINE('',#5938,#1337);
#773=LINE('',#5941,#1338);
#774=LINE('',#5943,#1339);
#775=LINE('',#5944,#1340);
#776=LINE('',#5947,#1341);
#777=LINE('',#5949,#1342);
#778=LINE('',#5950,#1343);
#779=LINE('',#5953,#1344);
#780=LINE('',#5955,#1345);
#781=LINE('',#5956,#1346);
#782=LINE('',#5959,#1347);
#783=LINE('',#5961,#1348);
#784=LINE('',#5962,#1349);
#785=LINE('',#5965,#1350);
#786=LINE('',#5967,#1351);
#787=LINE('',#5968,#1352);
#788=LINE('',#5971,#1353);
#789=LINE('',#5973,#1354);
#790=LINE('',#5974,#1355);
#791=LINE('',#5977,#1356);
#792=LINE('',#5979,#1357);
#793=LINE('',#5980,#1358);
#794=LINE('',#5983,#1359);
#795=LINE('',#5985,#1360);
#796=LINE('',#5986,#1361);
#797=LINE('',#5989,#1362);
#798=LINE('',#5991,#1363);
#799=LINE('',#5992,#1364);
#800=LINE('',#5995,#1365);
#801=LINE('',#5997,#1366);
#802=LINE('',#5998,#1367);
#803=LINE('',#6000,#1368);
#804=LINE('',#6001,#1369);
#805=LINE('',#6008,#1370);
#806=LINE('',#6010,#1371);
#807=LINE('',#6012,#1372);
#808=LINE('',#6013,#1373);
#809=LINE('',#6016,#1374);
#810=LINE('',#6018,#1375);
#811=LINE('',#6019,#1376);
#812=LINE('',#6022,#1377);
#813=LINE('',#6024,#1378);
#814=LINE('',#6025,#1379);
#815=LINE('',#6028,#1380);
#816=LINE('',#6030,#1381);
#817=LINE('',#6031,#1382);
#818=LINE('',#6034,#1383);
#819=LINE('',#6036,#1384);
#820=LINE('',#6037,#1385);
#821=LINE('',#6040,#1386);
#822=LINE('',#6042,#1387);
#823=LINE('',#6043,#1388);
#824=LINE('',#6046,#1389);
#825=LINE('',#6048,#1390);
#826=LINE('',#6049,#1391);
#827=LINE('',#6052,#1392);
#828=LINE('',#6054,#1393);
#829=LINE('',#6055,#1394);
#830=LINE('',#6058,#1395);
#831=LINE('',#6060,#1396);
#832=LINE('',#6061,#1397);
#833=LINE('',#6064,#1398);
#834=LINE('',#6066,#1399);
#835=LINE('',#6067,#1400);
#836=LINE('',#6070,#1401);
#837=LINE('',#6072,#1402);
#838=LINE('',#6073,#1403);
#839=LINE('',#6076,#1404);
#840=LINE('',#6078,#1405);
#841=LINE('',#6079,#1406);
#842=LINE('',#6082,#1407);
#843=LINE('',#6084,#1408);
#844=LINE('',#6085,#1409);
#845=LINE('',#6088,#1410);
#846=LINE('',#6090,#1411);
#847=LINE('',#6091,#1412);
#848=LINE('',#6094,#1413);
#849=LINE('',#6096,#1414);
#850=LINE('',#6097,#1415);
#851=LINE('',#6100,#1416);
#852=LINE('',#6102,#1417);
#853=LINE('',#6103,#1418);
#854=LINE('',#6106,#1419);
#855=LINE('',#6108,#1420);
#856=LINE('',#6109,#1421);
#857=LINE('',#6112,#1422);
#858=LINE('',#6114,#1423);
#859=LINE('',#6115,#1424);
#860=LINE('',#6118,#1425);
#861=LINE('',#6120,#1426);
#862=LINE('',#6121,#1427);
#863=LINE('',#6124,#1428);
#864=LINE('',#6126,#1429);
#865=LINE('',#6127,#1430);
#866=LINE('',#6130,#1431);
#867=LINE('',#6132,#1432);
#868=LINE('',#6133,#1433);
#869=LINE('',#6136,#1434);
#870=LINE('',#6138,#1435);
#871=LINE('',#6139,#1436);
#872=LINE('',#6142,#1437);
#873=LINE('',#6144,#1438);
#874=LINE('',#6145,#1439);
#875=LINE('',#6148,#1440);
#876=LINE('',#6150,#1441);
#877=LINE('',#6151,#1442);
#878=LINE('',#6154,#1443);
#879=LINE('',#6156,#1444);
#880=LINE('',#6157,#1445);
#881=LINE('',#6160,#1446);
#882=LINE('',#6162,#1447);
#883=LINE('',#6163,#1448);
#884=LINE('',#6166,#1449);
#885=LINE('',#6168,#1450);
#886=LINE('',#6169,#1451);
#887=LINE('',#6172,#1452);
#888=LINE('',#6174,#1453);
#889=LINE('',#6175,#1454);
#890=LINE('',#6178,#1455);
#891=LINE('',#6180,#1456);
#892=LINE('',#6181,#1457);
#893=LINE('',#6184,#1458);
#894=LINE('',#6186,#1459);
#895=LINE('',#6187,#1460);
#896=LINE('',#6190,#1461);
#897=LINE('',#6192,#1462);
#898=LINE('',#6193,#1463);
#899=LINE('',#6196,#1464);
#900=LINE('',#6198,#1465);
#901=LINE('',#6199,#1466);
#902=LINE('',#6202,#1467);
#903=LINE('',#6204,#1468);
#904=LINE('',#6205,#1469);
#905=LINE('',#6208,#1470);
#906=LINE('',#6210,#1471);
#907=LINE('',#6211,#1472);
#908=LINE('',#6214,#1473);
#909=LINE('',#6216,#1474);
#910=LINE('',#6217,#1475);
#911=LINE('',#6220,#1476);
#912=LINE('',#6222,#1477);
#913=LINE('',#6223,#1478);
#914=LINE('',#6225,#1479);
#915=LINE('',#6226,#1480);
#916=LINE('',#6233,#1481);
#917=LINE('',#6235,#1482);
#918=LINE('',#6237,#1483);
#919=LINE('',#6238,#1484);
#920=LINE('',#6241,#1485);
#921=LINE('',#6243,#1486);
#922=LINE('',#6245,#1487);
#923=LINE('',#6247,#1488);
#924=LINE('',#6248,#1489);
#925=LINE('',#6251,#1490);
#926=LINE('',#6252,#1491);
#927=LINE('',#6255,#1492);
#928=LINE('',#6256,#1493);
#929=LINE('',#6259,#1494);
#930=LINE('',#6261,#1495);
#931=LINE('',#6263,#1496);
#932=LINE('',#6265,#1497);
#933=LINE('',#6267,#1498);
#934=LINE('',#6269,#1499);
#935=LINE('',#6271,#1500);
#936=LINE('',#6273,#1501);
#937=LINE('',#6275,#1502);
#938=LINE('',#6277,#1503);
#939=LINE('',#6279,#1504);
#940=LINE('',#6281,#1505);
#941=LINE('',#6283,#1506);
#942=LINE('',#6285,#1507);
#943=LINE('',#6287,#1508);
#944=LINE('',#6289,#1509);
#945=LINE('',#6291,#1510);
#946=LINE('',#6293,#1511);
#947=LINE('',#6295,#1512);
#948=LINE('',#6297,#1513);
#949=LINE('',#6299,#1514);
#950=LINE('',#6301,#1515);
#951=LINE('',#6303,#1516);
#952=LINE('',#6305,#1517);
#953=LINE('',#6307,#1518);
#954=LINE('',#6309,#1519);
#955=LINE('',#6311,#1520);
#956=LINE('',#6312,#1521);
#957=LINE('',#6315,#1522);
#958=LINE('',#6317,#1523);
#959=LINE('',#6319,#1524);
#960=LINE('',#6321,#1525);
#961=LINE('',#6322,#1526);
#962=LINE('',#6325,#1527);
#963=LINE('',#6327,#1528);
#964=LINE('',#6328,#1529);
#965=LINE('',#6332,#1530);
#966=LINE('',#6334,#1531);
#967=LINE('',#6336,#1532);
#968=LINE('',#6338,#1533);
#969=LINE('',#6339,#1534);
#970=LINE('',#6342,#1535);
#971=LINE('',#6343,#1536);
#972=LINE('',#6345,#1537);
#973=LINE('',#6346,#1538);
#974=LINE('',#6349,#1539);
#975=LINE('',#6350,#1540);
#976=LINE('',#6354,#1541);
#977=LINE('',#6356,#1542);
#978=LINE('',#6358,#1543);
#979=LINE('',#6359,#1544);
#980=LINE('',#6362,#1545);
#981=LINE('',#6364,#1546);
#982=LINE('',#6366,#1547);
#983=LINE('',#6368,#1548);
#984=LINE('',#6370,#1549);
#985=LINE('',#6372,#1550);
#986=LINE('',#6374,#1551);
#987=LINE('',#6376,#1552);
#988=LINE('',#6378,#1553);
#989=LINE('',#6380,#1554);
#990=LINE('',#6382,#1555);
#991=LINE('',#6384,#1556);
#992=LINE('',#6386,#1557);
#993=LINE('',#6387,#1558);
#994=LINE('',#6389,#1559);
#995=LINE('',#6391,#1560);
#996=LINE('',#6393,#1561);
#997=LINE('',#6395,#1562);
#998=LINE('',#6397,#1563);
#999=LINE('',#6399,#1564);
#1000=LINE('',#6401,#1565);
#1001=LINE('',#6403,#1566);
#1002=LINE('',#6405,#1567);
#1003=LINE('',#6407,#1568);
#1004=LINE('',#6408,#1569);
#1005=LINE('',#6409,#1570);
#1006=LINE('',#6412,#1571);
#1007=LINE('',#6414,#1572);
#1008=LINE('',#6416,#1573);
#1009=LINE('',#6418,#1574);
#1010=LINE('',#6419,#1575);
#1011=LINE('',#6422,#1576);
#1012=LINE('',#6424,#1577);
#1013=LINE('',#6425,#1578);
#1014=LINE('',#6427,#1579);
#1015=LINE('',#6428,#1580);
#1016=LINE('',#6430,#1581);
#1017=LINE('',#6432,#1582);
#1018=LINE('',#6436,#1583);
#1019=LINE('',#6438,#1584);
#1020=LINE('',#6439,#1585);
#1021=LINE('',#6442,#1586);
#1022=LINE('',#6444,#1587);
#1023=LINE('',#6445,#1588);
#1024=LINE('',#6448,#1589);
#1025=LINE('',#6449,#1590);
#1026=LINE('',#6452,#1591);
#1027=LINE('',#6453,#1592);
#1028=LINE('',#6456,#1593);
#1029=LINE('',#6457,#1594);
#1030=LINE('',#6459,#1595);
#1031=LINE('',#6462,#1596);
#1032=LINE('',#6463,#1597);
#1033=LINE('',#6466,#1598);
#1034=LINE('',#6467,#1599);
#1035=LINE('',#6470,#1600);
#1036=LINE('',#6471,#1601);
#1037=LINE('',#6473,#1602);
#1038=LINE('',#6475,#1603);
#1039=LINE('',#6476,#1604);
#1040=LINE('',#6478,#1605);
#1041=LINE('',#6479,#1606);
#1042=LINE('',#6482,#1607);
#1043=LINE('',#6485,#1608);
#1044=LINE('',#6487,#1609);
#1045=LINE('',#6489,#1610);
#1046=LINE('',#6491,#1611);
#1047=LINE('',#6492,#1612);
#1048=LINE('',#6494,#1613);
#1049=LINE('',#6496,#1614);
#1050=LINE('',#6499,#1615);
#1051=LINE('',#6501,#1616);
#1052=LINE('',#6503,#1617);
#1053=LINE('',#6505,#1618);
#1054=LINE('',#6507,#1619);
#1055=LINE('',#6509,#1620);
#1056=LINE('',#6511,#1621);
#1057=LINE('',#6513,#1622);
#1058=LINE('',#6515,#1623);
#1059=LINE('',#6517,#1624);
#1060=LINE('',#6520,#1625);
#1061=LINE('',#6522,#1626);
#1062=LINE('',#6524,#1627);
#1063=LINE('',#6526,#1628);
#1064=LINE('',#6528,#1629);
#1065=LINE('',#6530,#1630);
#1066=LINE('',#6532,#1631);
#1067=LINE('',#6538,#1632);
#1068=LINE('',#6540,#1633);
#1069=LINE('',#6542,#1634);
#1070=LINE('',#6543,#1635);
#1071=LINE('',#6546,#1636);
#1072=LINE('',#6548,#1637);
#1073=LINE('',#6549,#1638);
#1074=LINE('',#6552,#1639);
#1075=LINE('',#6554,#1640);
#1076=LINE('',#6555,#1641);
#1077=LINE('',#6558,#1642);
#1078=LINE('',#6560,#1643);
#1079=LINE('',#6561,#1644);
#1080=LINE('',#6564,#1645);
#1081=LINE('',#6566,#1646);
#1082=LINE('',#6567,#1647);
#1083=LINE('',#6570,#1648);
#1084=LINE('',#6572,#1649);
#1085=LINE('',#6573,#1650);
#1086=LINE('',#6576,#1651);
#1087=LINE('',#6578,#1652);
#1088=LINE('',#6579,#1653);
#1089=LINE('',#6582,#1654);
#1090=LINE('',#6584,#1655);
#1091=LINE('',#6585,#1656);
#1092=LINE('',#6588,#1657);
#1093=LINE('',#6590,#1658);
#1094=LINE('',#6591,#1659);
#1095=LINE('',#6594,#1660);
#1096=LINE('',#6596,#1661);
#1097=LINE('',#6597,#1662);
#1098=LINE('',#6600,#1663);
#1099=LINE('',#6602,#1664);
#1100=LINE('',#6603,#1665);
#1101=LINE('',#6606,#1666);
#1102=LINE('',#6608,#1667);
#1103=LINE('',#6609,#1668);
#1104=LINE('',#6612,#1669);
#1105=LINE('',#6614,#1670);
#1106=LINE('',#6615,#1671);
#1107=LINE('',#6618,#1672);
#1108=LINE('',#6620,#1673);
#1109=LINE('',#6621,#1674);
#1110=LINE('',#6624,#1675);
#1111=LINE('',#6626,#1676);
#1112=LINE('',#6627,#1677);
#1113=LINE('',#6629,#1678);
#1114=LINE('',#6630,#1679);
#1115=LINE('',#6637,#1680);
#1116=LINE('',#6639,#1681);
#1117=LINE('',#6641,#1682);
#1118=LINE('',#6642,#1683);
#1119=LINE('',#6645,#1684);
#1120=LINE('',#6647,#1685);
#1121=LINE('',#6648,#1686);
#1122=LINE('',#6651,#1687);
#1123=LINE('',#6653,#1688);
#1124=LINE('',#6654,#1689);
#1125=LINE('',#6656,#1690);
#1126=LINE('',#6657,#1691);
#1127=LINE('',#6662,#1692);
#1128=LINE('',#6664,#1693);
#1129=LINE('',#6666,#1694);
#1130=LINE('',#6667,#1695);
#1131=LINE('',#6670,#1696);
#1132=LINE('',#6672,#1697);
#1133=LINE('',#6673,#1698);
#1134=LINE('',#6676,#1699);
#1135=LINE('',#6678,#1700);
#1136=LINE('',#6679,#1701);
#1137=LINE('',#6682,#1702);
#1138=LINE('',#6684,#1703);
#1139=LINE('',#6685,#1704);
#1140=LINE('',#6688,#1705);
#1141=LINE('',#6690,#1706);
#1142=LINE('',#6691,#1707);
#1143=LINE('',#6694,#1708);
#1144=LINE('',#6696,#1709);
#1145=LINE('',#6697,#1710);
#1146=LINE('',#6699,#1711);
#1147=LINE('',#6700,#1712);
#1148=LINE('',#6704,#1713);
#1149=LINE('',#6706,#1714);
#1150=LINE('',#6708,#1715);
#1151=LINE('',#6709,#1716);
#1152=LINE('',#6712,#1717);
#1153=LINE('',#6714,#1718);
#1154=LINE('',#6715,#1719);
#1155=LINE('',#6718,#1720);
#1156=LINE('',#6720,#1721);
#1157=LINE('',#6721,#1722);
#1158=LINE('',#6724,#1723);
#1159=LINE('',#6726,#1724);
#1160=LINE('',#6727,#1725);
#1161=LINE('',#6730,#1726);
#1162=LINE('',#6732,#1727);
#1163=LINE('',#6733,#1728);
#1164=LINE('',#6736,#1729);
#1165=LINE('',#6738,#1730);
#1166=LINE('',#6739,#1731);
#1167=LINE('',#6742,#1732);
#1168=LINE('',#6744,#1733);
#1169=LINE('',#6745,#1734);
#1170=LINE('',#6748,#1735);
#1171=LINE('',#6750,#1736);
#1172=LINE('',#6751,#1737);
#1173=LINE('',#6754,#1738);
#1174=LINE('',#6756,#1739);
#1175=LINE('',#6757,#1740);
#1176=LINE('',#6760,#1741);
#1177=LINE('',#6762,#1742);
#1178=LINE('',#6763,#1743);
#1179=LINE('',#6766,#1744);
#1180=LINE('',#6768,#1745);
#1181=LINE('',#6769,#1746);
#1182=LINE('',#6772,#1747);
#1183=LINE('',#6774,#1748);
#1184=LINE('',#6775,#1749);
#1185=LINE('',#6778,#1750);
#1186=LINE('',#6780,#1751);
#1187=LINE('',#6781,#1752);
#1188=LINE('',#6783,#1753);
#1189=LINE('',#6784,#1754);
#1190=VECTOR('',#4568,10.);
#1191=VECTOR('',#4569,10.);
#1192=VECTOR('',#4570,10.);
#1193=VECTOR('',#4571,10.);
#1194=VECTOR('',#4574,10.);
#1195=VECTOR('',#4575,10.);
#1196=VECTOR('',#4576,10.);
#1197=VECTOR('',#4579,10.);
#1198=VECTOR('',#4580,10.);
#1199=VECTOR('',#4581,10.);
#1200=VECTOR('',#4584,10.);
#1201=VECTOR('',#4585,10.);
#1202=VECTOR('',#4586,10.);
#1203=VECTOR('',#4589,10.);
#1204=VECTOR('',#4590,10.);
#1205=VECTOR('',#4591,10.);
#1206=VECTOR('',#4594,10.);
#1207=VECTOR('',#4595,10.);
#1208=VECTOR('',#4596,10.);
#1209=VECTOR('',#4599,10.);
#1210=VECTOR('',#4600,10.);
#1211=VECTOR('',#4601,10.);
#1212=VECTOR('',#4604,10.);
#1213=VECTOR('',#4605,10.);
#1214=VECTOR('',#4606,10.);
#1215=VECTOR('',#4609,10.);
#1216=VECTOR('',#4610,10.);
#1217=VECTOR('',#4611,10.);
#1218=VECTOR('',#4614,10.);
#1219=VECTOR('',#4615,10.);
#1220=VECTOR('',#4616,10.);
#1221=VECTOR('',#4619,10.);
#1222=VECTOR('',#4620,10.);
#1223=VECTOR('',#4621,10.);
#1224=VECTOR('',#4624,10.);
#1225=VECTOR('',#4625,10.);
#1226=VECTOR('',#4626,10.);
#1227=VECTOR('',#4629,10.);
#1228=VECTOR('',#4630,10.);
#1229=VECTOR('',#4631,10.);
#1230=VECTOR('',#4634,10.);
#1231=VECTOR('',#4635,10.);
#1232=VECTOR('',#4636,10.);
#1233=VECTOR('',#4639,10.);
#1234=VECTOR('',#4640,10.);
#1235=VECTOR('',#4641,10.);
#1236=VECTOR('',#4644,10.);
#1237=VECTOR('',#4645,10.);
#1238=VECTOR('',#4646,10.);
#1239=VECTOR('',#4649,10.);
#1240=VECTOR('',#4650,10.);
#1241=VECTOR('',#4651,10.);
#1242=VECTOR('',#4654,10.);
#1243=VECTOR('',#4655,10.);
#1244=VECTOR('',#4656,10.);
#1245=VECTOR('',#4659,10.);
#1246=VECTOR('',#4660,10.);
#1247=VECTOR('',#4661,10.);
#1248=VECTOR('',#4664,10.);
#1249=VECTOR('',#4665,10.);
#1250=VECTOR('',#4666,10.);
#1251=VECTOR('',#4669,10.);
#1252=VECTOR('',#4670,10.);
#1253=VECTOR('',#4671,10.);
#1254=VECTOR('',#4674,10.);
#1255=VECTOR('',#4675,10.);
#1256=VECTOR('',#4676,10.);
#1257=VECTOR('',#4679,10.);
#1258=VECTOR('',#4680,10.);
#1259=VECTOR('',#4681,10.);
#1260=VECTOR('',#4684,10.);
#1261=VECTOR('',#4685,10.);
#1262=VECTOR('',#4686,10.);
#1263=VECTOR('',#4689,10.);
#1264=VECTOR('',#4690,10.);
#1265=VECTOR('',#4691,10.);
#1266=VECTOR('',#4694,10.);
#1267=VECTOR('',#4695,10.);
#1268=VECTOR('',#4696,10.);
#1269=VECTOR('',#4699,10.);
#1270=VECTOR('',#4700,10.);
#1271=VECTOR('',#4701,10.);
#1272=VECTOR('',#4704,10.);
#1273=VECTOR('',#4705,10.);
#1274=VECTOR('',#4706,10.);
#1275=VECTOR('',#4709,10.);
#1276=VECTOR('',#4710,10.);
#1277=VECTOR('',#4711,10.);
#1278=VECTOR('',#4714,10.);
#1279=VECTOR('',#4715,10.);
#1280=VECTOR('',#4716,10.);
#1281=VECTOR('',#4719,10.);
#1282=VECTOR('',#4720,10.);
#1283=VECTOR('',#4721,10.);
#1284=VECTOR('',#4724,10.);
#1285=VECTOR('',#4725,10.);
#1286=VECTOR('',#4726,10.);
#1287=VECTOR('',#4729,10.);
#1288=VECTOR('',#4730,10.);
#1289=VECTOR('',#4731,10.);
#1290=VECTOR('',#4734,10.);
#1291=VECTOR('',#4735,10.);
#1292=VECTOR('',#4736,10.);
#1293=VECTOR('',#4739,10.);
#1294=VECTOR('',#4740,10.);
#1295=VECTOR('',#4741,10.);
#1296=VECTOR('',#4744,10.);
#1297=VECTOR('',#4745,10.);
#1298=VECTOR('',#4754,10.);
#1299=VECTOR('',#4755,10.);
#1300=VECTOR('',#4756,10.);
#1301=VECTOR('',#4757,10.);
#1302=VECTOR('',#4760,10.);
#1303=VECTOR('',#4761,10.);
#1304=VECTOR('',#4762,10.);
#1305=VECTOR('',#4765,10.);
#1306=VECTOR('',#4766,10.);
#1307=VECTOR('',#4767,10.);
#1308=VECTOR('',#4770,10.);
#1309=VECTOR('',#4771,10.);
#1310=VECTOR('',#4772,10.);
#1311=VECTOR('',#4775,10.);
#1312=VECTOR('',#4776,10.);
#1313=VECTOR('',#4777,10.);
#1314=VECTOR('',#4780,10.);
#1315=VECTOR('',#4781,10.);
#1316=VECTOR('',#4782,10.);
#1317=VECTOR('',#4785,10.);
#1318=VECTOR('',#4786,10.);
#1319=VECTOR('',#4787,10.);
#1320=VECTOR('',#4790,10.);
#1321=VECTOR('',#4791,10.);
#1322=VECTOR('',#4792,10.);
#1323=VECTOR('',#4795,10.);
#1324=VECTOR('',#4796,10.);
#1325=VECTOR('',#4797,10.);
#1326=VECTOR('',#4800,10.);
#1327=VECTOR('',#4801,10.);
#1328=VECTOR('',#4802,10.);
#1329=VECTOR('',#4805,10.);
#1330=VECTOR('',#4806,10.);
#1331=VECTOR('',#4807,10.);
#1332=VECTOR('',#4810,10.);
#1333=VECTOR('',#4811,10.);
#1334=VECTOR('',#4812,10.);
#1335=VECTOR('',#4815,10.);
#1336=VECTOR('',#4816,10.);
#1337=VECTOR('',#4817,10.);
#1338=VECTOR('',#4820,10.);
#1339=VECTOR('',#4821,10.);
#1340=VECTOR('',#4822,10.);
#1341=VECTOR('',#4825,10.);
#1342=VECTOR('',#4826,10.);
#1343=VECTOR('',#4827,10.);
#1344=VECTOR('',#4830,10.);
#1345=VECTOR('',#4831,10.);
#1346=VECTOR('',#4832,10.);
#1347=VECTOR('',#4835,10.);
#1348=VECTOR('',#4836,10.);
#1349=VECTOR('',#4837,10.);
#1350=VECTOR('',#4840,10.);
#1351=VECTOR('',#4841,10.);
#1352=VECTOR('',#4842,10.);
#1353=VECTOR('',#4845,10.);
#1354=VECTOR('',#4846,10.);
#1355=VECTOR('',#4847,10.);
#1356=VECTOR('',#4850,10.);
#1357=VECTOR('',#4851,10.);
#1358=VECTOR('',#4852,10.);
#1359=VECTOR('',#4855,10.);
#1360=VECTOR('',#4856,10.);
#1361=VECTOR('',#4857,10.);
#1362=VECTOR('',#4860,10.);
#1363=VECTOR('',#4861,10.);
#1364=VECTOR('',#4862,10.);
#1365=VECTOR('',#4865,10.);
#1366=VECTOR('',#4866,10.);
#1367=VECTOR('',#4867,10.);
#1368=VECTOR('',#4870,10.);
#1369=VECTOR('',#4871,10.);
#1370=VECTOR('',#4880,10.);
#1371=VECTOR('',#4881,10.);
#1372=VECTOR('',#4882,10.);
#1373=VECTOR('',#4883,10.);
#1374=VECTOR('',#4886,10.);
#1375=VECTOR('',#4887,10.);
#1376=VECTOR('',#4888,10.);
#1377=VECTOR('',#4891,10.);
#1378=VECTOR('',#4892,10.);
#1379=VECTOR('',#4893,10.);
#1380=VECTOR('',#4896,10.);
#1381=VECTOR('',#4897,10.);
#1382=VECTOR('',#4898,10.);
#1383=VECTOR('',#4901,10.);
#1384=VECTOR('',#4902,10.);
#1385=VECTOR('',#4903,10.);
#1386=VECTOR('',#4906,10.);
#1387=VECTOR('',#4907,10.);
#1388=VECTOR('',#4908,10.);
#1389=VECTOR('',#4911,10.);
#1390=VECTOR('',#4912,10.);
#1391=VECTOR('',#4913,10.);
#1392=VECTOR('',#4916,10.);
#1393=VECTOR('',#4917,10.);
#1394=VECTOR('',#4918,10.);
#1395=VECTOR('',#4921,10.);
#1396=VECTOR('',#4922,10.);
#1397=VECTOR('',#4923,10.);
#1398=VECTOR('',#4926,10.);
#1399=VECTOR('',#4927,10.);
#1400=VECTOR('',#4928,10.);
#1401=VECTOR('',#4931,10.);
#1402=VECTOR('',#4932,10.);
#1403=VECTOR('',#4933,10.);
#1404=VECTOR('',#4936,10.);
#1405=VECTOR('',#4937,10.);
#1406=VECTOR('',#4938,10.);
#1407=VECTOR('',#4941,10.);
#1408=VECTOR('',#4942,10.);
#1409=VECTOR('',#4943,10.);
#1410=VECTOR('',#4946,10.);
#1411=VECTOR('',#4947,10.);
#1412=VECTOR('',#4948,10.);
#1413=VECTOR('',#4951,10.);
#1414=VECTOR('',#4952,10.);
#1415=VECTOR('',#4953,10.);
#1416=VECTOR('',#4956,10.);
#1417=VECTOR('',#4957,10.);
#1418=VECTOR('',#4958,10.);
#1419=VECTOR('',#4961,10.);
#1420=VECTOR('',#4962,10.);
#1421=VECTOR('',#4963,10.);
#1422=VECTOR('',#4966,10.);
#1423=VECTOR('',#4967,10.);
#1424=VECTOR('',#4968,10.);
#1425=VECTOR('',#4971,10.);
#1426=VECTOR('',#4972,10.);
#1427=VECTOR('',#4973,10.);
#1428=VECTOR('',#4976,10.);
#1429=VECTOR('',#4977,10.);
#1430=VECTOR('',#4978,10.);
#1431=VECTOR('',#4981,10.);
#1432=VECTOR('',#4982,10.);
#1433=VECTOR('',#4983,10.);
#1434=VECTOR('',#4986,10.);
#1435=VECTOR('',#4987,10.);
#1436=VECTOR('',#4988,10.);
#1437=VECTOR('',#4991,10.);
#1438=VECTOR('',#4992,10.);
#1439=VECTOR('',#4993,10.);
#1440=VECTOR('',#4996,10.);
#1441=VECTOR('',#4997,10.);
#1442=VECTOR('',#4998,10.);
#1443=VECTOR('',#5001,10.);
#1444=VECTOR('',#5002,10.);
#1445=VECTOR('',#5003,10.);
#1446=VECTOR('',#5006,10.);
#1447=VECTOR('',#5007,10.);
#1448=VECTOR('',#5008,10.);
#1449=VECTOR('',#5011,10.);
#1450=VECTOR('',#5012,10.);
#1451=VECTOR('',#5013,10.);
#1452=VECTOR('',#5016,10.);
#1453=VECTOR('',#5017,10.);
#1454=VECTOR('',#5018,10.);
#1455=VECTOR('',#5021,10.);
#1456=VECTOR('',#5022,10.);
#1457=VECTOR('',#5023,10.);
#1458=VECTOR('',#5026,10.);
#1459=VECTOR('',#5027,10.);
#1460=VECTOR('',#5028,10.);
#1461=VECTOR('',#5031,10.);
#1462=VECTOR('',#5032,10.);
#1463=VECTOR('',#5033,10.);
#1464=VECTOR('',#5036,10.);
#1465=VECTOR('',#5037,10.);
#1466=VECTOR('',#5038,10.);
#1467=VECTOR('',#5041,10.);
#1468=VECTOR('',#5042,10.);
#1469=VECTOR('',#5043,10.);
#1470=VECTOR('',#5046,10.);
#1471=VECTOR('',#5047,10.);
#1472=VECTOR('',#5048,10.);
#1473=VECTOR('',#5051,10.);
#1474=VECTOR('',#5052,10.);
#1475=VECTOR('',#5053,10.);
#1476=VECTOR('',#5056,10.);
#1477=VECTOR('',#5057,10.);
#1478=VECTOR('',#5058,10.);
#1479=VECTOR('',#5061,10.);
#1480=VECTOR('',#5062,10.);
#1481=VECTOR('',#5071,10.);
#1482=VECTOR('',#5072,10.);
#1483=VECTOR('',#5073,10.);
#1484=VECTOR('',#5074,10.);
#1485=VECTOR('',#5077,10.);
#1486=VECTOR('',#5078,10.);
#1487=VECTOR('',#5079,10.);
#1488=VECTOR('',#5080,10.);
#1489=VECTOR('',#5081,10.);
#1490=VECTOR('',#5084,10.);
#1491=VECTOR('',#5085,10.);
#1492=VECTOR('',#5088,10.);
#1493=VECTOR('',#5089,10.);
#1494=VECTOR('',#5092,10.);
#1495=VECTOR('',#5093,10.);
#1496=VECTOR('',#5094,10.);
#1497=VECTOR('',#5095,10.);
#1498=VECTOR('',#5096,10.);
#1499=VECTOR('',#5097,10.);
#1500=VECTOR('',#5098,10.);
#1501=VECTOR('',#5099,10.);
#1502=VECTOR('',#5100,10.);
#1503=VECTOR('',#5101,10.);
#1504=VECTOR('',#5102,10.);
#1505=VECTOR('',#5103,10.);
#1506=VECTOR('',#5104,10.);
#1507=VECTOR('',#5105,10.);
#1508=VECTOR('',#5106,10.);
#1509=VECTOR('',#5107,10.);
#1510=VECTOR('',#5108,10.);
#1511=VECTOR('',#5109,10.);
#1512=VECTOR('',#5110,10.);
#1513=VECTOR('',#5111,10.);
#1514=VECTOR('',#5112,10.);
#1515=VECTOR('',#5113,10.);
#1516=VECTOR('',#5114,10.);
#1517=VECTOR('',#5115,10.);
#1518=VECTOR('',#5116,10.);
#1519=VECTOR('',#5117,10.);
#1520=VECTOR('',#5118,10.);
#1521=VECTOR('',#5119,10.);
#1522=VECTOR('',#5120,10.);
#1523=VECTOR('',#5121,10.);
#1524=VECTOR('',#5122,10.);
#1525=VECTOR('',#5123,10.);
#1526=VECTOR('',#5124,10.);
#1527=VECTOR('',#5127,10.);
#1528=VECTOR('',#5128,10.);
#1529=VECTOR('',#5129,10.);
#1530=VECTOR('',#5132,10.);
#1531=VECTOR('',#5133,10.);
#1532=VECTOR('',#5134,10.);
#1533=VECTOR('',#5135,10.);
#1534=VECTOR('',#5136,10.);
#1535=VECTOR('',#5139,10.);
#1536=VECTOR('',#5140,10.);
#1537=VECTOR('',#5141,10.);
#1538=VECTOR('',#5142,10.);
#1539=VECTOR('',#5145,10.);
#1540=VECTOR('',#5146,10.);
#1541=VECTOR('',#5149,10.);
#1542=VECTOR('',#5150,10.);
#1543=VECTOR('',#5151,10.);
#1544=VECTOR('',#5152,10.);
#1545=VECTOR('',#5155,10.);
#1546=VECTOR('',#5156,10.);
#1547=VECTOR('',#5157,10.);
#1548=VECTOR('',#5158,10.);
#1549=VECTOR('',#5159,10.);
#1550=VECTOR('',#5160,10.);
#1551=VECTOR('',#5161,10.);
#1552=VECTOR('',#5162,10.);
#1553=VECTOR('',#5163,10.);
#1554=VECTOR('',#5164,10.);
#1555=VECTOR('',#5165,10.);
#1556=VECTOR('',#5166,10.);
#1557=VECTOR('',#5167,10.);
#1558=VECTOR('',#5168,10.);
#1559=VECTOR('',#5169,10.);
#1560=VECTOR('',#5170,10.);
#1561=VECTOR('',#5171,10.);
#1562=VECTOR('',#5172,10.);
#1563=VECTOR('',#5173,10.);
#1564=VECTOR('',#5174,10.);
#1565=VECTOR('',#5175,10.);
#1566=VECTOR('',#5176,10.);
#1567=VECTOR('',#5177,10.);
#1568=VECTOR('',#5178,10.);
#1569=VECTOR('',#5179,10.);
#1570=VECTOR('',#5180,10.);
#1571=VECTOR('',#5181,10.);
#1572=VECTOR('',#5182,10.);
#1573=VECTOR('',#5183,10.);
#1574=VECTOR('',#5184,10.);
#1575=VECTOR('',#5185,10.);
#1576=VECTOR('',#5188,10.);
#1577=VECTOR('',#5189,10.);
#1578=VECTOR('',#5190,10.);
#1579=VECTOR('',#5193,10.);
#1580=VECTOR('',#5194,10.);
#1581=VECTOR('',#5197,10.);
#1582=VECTOR('',#5200,10.);
#1583=VECTOR('',#5205,10.);
#1584=VECTOR('',#5206,10.);
#1585=VECTOR('',#5207,10.);
#1586=VECTOR('',#5210,10.);
#1587=VECTOR('',#5211,10.);
#1588=VECTOR('',#5212,10.);
#1589=VECTOR('',#5215,10.);
#1590=VECTOR('',#5216,10.);
#1591=VECTOR('',#5219,10.);
#1592=VECTOR('',#5220,10.);
#1593=VECTOR('',#5223,10.);
#1594=VECTOR('',#5224,10.);
#1595=VECTOR('',#5227,10.);
#1596=VECTOR('',#5230,10.);
#1597=VECTOR('',#5231,10.);
#1598=VECTOR('',#5234,10.);
#1599=VECTOR('',#5235,10.);
#1600=VECTOR('',#5238,10.);
#1601=VECTOR('',#5239,10.);
#1602=VECTOR('',#5242,10.);
#1603=VECTOR('',#5245,10.);
#1604=VECTOR('',#5246,10.);
#1605=VECTOR('',#5249,10.);
#1606=VECTOR('',#5250,10.);
#1607=VECTOR('',#5255,10.);
#1608=VECTOR('',#5260,10.);
#1609=VECTOR('',#5263,10.);
#1610=VECTOR('',#5266,10.);
#1611=VECTOR('',#5269,10.);
#1612=VECTOR('',#5270,10.);
#1613=VECTOR('',#5273,10.);
#1614=VECTOR('',#5276,10.);
#1615=VECTOR('',#5281,10.);
#1616=VECTOR('',#5284,10.);
#1617=VECTOR('',#5287,10.);
#1618=VECTOR('',#5290,10.);
#1619=VECTOR('',#5293,10.);
#1620=VECTOR('',#5296,10.);
#1621=VECTOR('',#5299,10.);
#1622=VECTOR('',#5302,10.);
#1623=VECTOR('',#5305,10.);
#1624=VECTOR('',#5308,10.);
#1625=VECTOR('',#5313,10.);
#1626=VECTOR('',#5316,10.);
#1627=VECTOR('',#5319,10.);
#1628=VECTOR('',#5322,10.);
#1629=VECTOR('',#5325,10.);
#1630=VECTOR('',#5328,10.);
#1631=VECTOR('',#5331,10.);
#1632=VECTOR('',#5338,10.);
#1633=VECTOR('',#5339,10.);
#1634=VECTOR('',#5340,10.);
#1635=VECTOR('',#5341,10.);
#1636=VECTOR('',#5344,10.);
#1637=VECTOR('',#5345,10.);
#1638=VECTOR('',#5346,10.);
#1639=VECTOR('',#5349,10.);
#1640=VECTOR('',#5350,10.);
#1641=VECTOR('',#5351,10.);
#1642=VECTOR('',#5354,10.);
#1643=VECTOR('',#5355,10.);
#1644=VECTOR('',#5356,10.);
#1645=VECTOR('',#5359,10.);
#1646=VECTOR('',#5360,10.);
#1647=VECTOR('',#5361,10.);
#1648=VECTOR('',#5364,10.);
#1649=VECTOR('',#5365,10.);
#1650=VECTOR('',#5366,10.);
#1651=VECTOR('',#5369,10.);
#1652=VECTOR('',#5370,10.);
#1653=VECTOR('',#5371,10.);
#1654=VECTOR('',#5374,10.);
#1655=VECTOR('',#5375,10.);
#1656=VECTOR('',#5376,10.);
#1657=VECTOR('',#5379,10.);
#1658=VECTOR('',#5380,10.);
#1659=VECTOR('',#5381,10.);
#1660=VECTOR('',#5384,10.);
#1661=VECTOR('',#5385,10.);
#1662=VECTOR('',#5386,10.);
#1663=VECTOR('',#5389,10.);
#1664=VECTOR('',#5390,10.);
#1665=VECTOR('',#5391,10.);
#1666=VECTOR('',#5394,10.);
#1667=VECTOR('',#5395,10.);
#1668=VECTOR('',#5396,10.);
#1669=VECTOR('',#5399,10.);
#1670=VECTOR('',#5400,10.);
#1671=VECTOR('',#5401,10.);
#1672=VECTOR('',#5404,10.);
#1673=VECTOR('',#5405,10.);
#1674=VECTOR('',#5406,10.);
#1675=VECTOR('',#5409,10.);
#1676=VECTOR('',#5410,10.);
#1677=VECTOR('',#5411,10.);
#1678=VECTOR('',#5414,10.);
#1679=VECTOR('',#5415,10.);
#1680=VECTOR('',#5424,10.);
#1681=VECTOR('',#5425,10.);
#1682=VECTOR('',#5426,10.);
#1683=VECTOR('',#5427,10.);
#1684=VECTOR('',#5430,10.);
#1685=VECTOR('',#5431,10.);
#1686=VECTOR('',#5432,10.);
#1687=VECTOR('',#5435,10.);
#1688=VECTOR('',#5436,10.);
#1689=VECTOR('',#5437,10.);
#1690=VECTOR('',#5440,10.);
#1691=VECTOR('',#5441,10.);
#1692=VECTOR('',#5446,10.);
#1693=VECTOR('',#5447,10.);
#1694=VECTOR('',#5448,10.);
#1695=VECTOR('',#5449,10.);
#1696=VECTOR('',#5452,10.);
#1697=VECTOR('',#5453,10.);
#1698=VECTOR('',#5454,10.);
#1699=VECTOR('',#5457,10.);
#1700=VECTOR('',#5458,10.);
#1701=VECTOR('',#5459,10.);
#1702=VECTOR('',#5462,10.);
#1703=VECTOR('',#5463,10.);
#1704=VECTOR('',#5464,10.);
#1705=VECTOR('',#5467,10.);
#1706=VECTOR('',#5468,10.);
#1707=VECTOR('',#5469,10.);
#1708=VECTOR('',#5472,10.);
#1709=VECTOR('',#5473,10.);
#1710=VECTOR('',#5474,10.);
#1711=VECTOR('',#5477,10.);
#1712=VECTOR('',#5478,10.);
#1713=VECTOR('',#5481,10.);
#1714=VECTOR('',#5482,10.);
#1715=VECTOR('',#5483,10.);
#1716=VECTOR('',#5484,10.);
#1717=VECTOR('',#5487,10.);
#1718=VECTOR('',#5488,10.);
#1719=VECTOR('',#5489,10.);
#1720=VECTOR('',#5492,10.);
#1721=VECTOR('',#5493,10.);
#1722=VECTOR('',#5494,10.);
#1723=VECTOR('',#5497,10.);
#1724=VECTOR('',#5498,10.);
#1725=VECTOR('',#5499,10.);
#1726=VECTOR('',#5502,10.);
#1727=VECTOR('',#5503,10.);
#1728=VECTOR('',#5504,10.);
#1729=VECTOR('',#5507,10.);
#1730=VECTOR('',#5508,10.);
#1731=VECTOR('',#5509,10.);
#1732=VECTOR('',#5512,10.);
#1733=VECTOR('',#5513,10.);
#1734=VECTOR('',#5514,10.);
#1735=VECTOR('',#5517,10.);
#1736=VECTOR('',#5518,10.);
#1737=VECTOR('',#5519,10.);
#1738=VECTOR('',#5522,10.);
#1739=VECTOR('',#5523,10.);
#1740=VECTOR('',#5524,10.);
#1741=VECTOR('',#5527,10.);
#1742=VECTOR('',#5528,10.);
#1743=VECTOR('',#5529,10.);
#1744=VECTOR('',#5532,10.);
#1745=VECTOR('',#5533,10.);
#1746=VECTOR('',#5534,10.);
#1747=VECTOR('',#5537,10.);
#1748=VECTOR('',#5538,10.);
#1749=VECTOR('',#5539,10.);
#1750=VECTOR('',#5542,10.);
#1751=VECTOR('',#5543,10.);
#1752=VECTOR('',#5544,10.);
#1753=VECTOR('',#5547,10.);
#1754=VECTOR('',#5548,10.);
#1755=VERTEX_POINT('',#5640);
#1756=VERTEX_POINT('',#5641);
#1757=VERTEX_POINT('',#5643);
#1758=VERTEX_POINT('',#5645);
#1759=VERTEX_POINT('',#5649);
#1760=VERTEX_POINT('',#5651);
#1761=VERTEX_POINT('',#5655);
#1762=VERTEX_POINT('',#5657);
#1763=VERTEX_POINT('',#5661);
#1764=VERTEX_POINT('',#5663);
#1765=VERTEX_POINT('',#5667);
#1766=VERTEX_POINT('',#5669);
#1767=VERTEX_POINT('',#5673);
#1768=VERTEX_POINT('',#5675);
#1769=VERTEX_POINT('',#5679);
#1770=VERTEX_POINT('',#5681);
#1771=VERTEX_POINT('',#5685);
#1772=VERTEX_POINT('',#5687);
#1773=VERTEX_POINT('',#5691);
#1774=VERTEX_POINT('',#5693);
#1775=VERTEX_POINT('',#5697);
#1776=VERTEX_POINT('',#5699);
#1777=VERTEX_POINT('',#5703);
#1778=VERTEX_POINT('',#5705);
#1779=VERTEX_POINT('',#5709);
#1780=VERTEX_POINT('',#5711);
#1781=VERTEX_POINT('',#5715);
#1782=VERTEX_POINT('',#5717);
#1783=VERTEX_POINT('',#5721);
#1784=VERTEX_POINT('',#5723);
#1785=VERTEX_POINT('',#5727);
#1786=VERTEX_POINT('',#5729);
#1787=VERTEX_POINT('',#5733);
#1788=VERTEX_POINT('',#5735);
#1789=VERTEX_POINT('',#5739);
#1790=VERTEX_POINT('',#5741);
#1791=VERTEX_POINT('',#5745);
#1792=VERTEX_POINT('',#5747);
#1793=VERTEX_POINT('',#5751);
#1794=VERTEX_POINT('',#5753);
#1795=VERTEX_POINT('',#5757);
#1796=VERTEX_POINT('',#5759);
#1797=VERTEX_POINT('',#5763);
#1798=VERTEX_POINT('',#5765);
#1799=VERTEX_POINT('',#5769);
#1800=VERTEX_POINT('',#5771);
#1801=VERTEX_POINT('',#5775);
#1802=VERTEX_POINT('',#5777);
#1803=VERTEX_POINT('',#5781);
#1804=VERTEX_POINT('',#5783);
#1805=VERTEX_POINT('',#5787);
#1806=VERTEX_POINT('',#5789);
#1807=VERTEX_POINT('',#5793);
#1808=VERTEX_POINT('',#5795);
#1809=VERTEX_POINT('',#5799);
#1810=VERTEX_POINT('',#5801);
#1811=VERTEX_POINT('',#5805);
#1812=VERTEX_POINT('',#5807);
#1813=VERTEX_POINT('',#5811);
#1814=VERTEX_POINT('',#5813);
#1815=VERTEX_POINT('',#5817);
#1816=VERTEX_POINT('',#5819);
#1817=VERTEX_POINT('',#5823);
#1818=VERTEX_POINT('',#5825);
#1819=VERTEX_POINT('',#5829);
#1820=VERTEX_POINT('',#5831);
#1821=VERTEX_POINT('',#5835);
#1822=VERTEX_POINT('',#5837);
#1823=VERTEX_POINT('',#5841);
#1824=VERTEX_POINT('',#5843);
#1825=VERTEX_POINT('',#5847);
#1826=VERTEX_POINT('',#5849);
#1827=VERTEX_POINT('',#5859);
#1828=VERTEX_POINT('',#5860);
#1829=VERTEX_POINT('',#5862);
#1830=VERTEX_POINT('',#5864);
#1831=VERTEX_POINT('',#5868);
#1832=VERTEX_POINT('',#5870);
#1833=VERTEX_POINT('',#5874);
#1834=VERTEX_POINT('',#5876);
#1835=VERTEX_POINT('',#5880);
#1836=VERTEX_POINT('',#5882);
#1837=VERTEX_POINT('',#5886);
#1838=VERTEX_POINT('',#5888);
#1839=VERTEX_POINT('',#5892);
#1840=VERTEX_POINT('',#5894);
#1841=VERTEX_POINT('',#5898);
#1842=VERTEX_POINT('',#5900);
#1843=VERTEX_POINT('',#5904);
#1844=VERTEX_POINT('',#5906);
#1845=VERTEX_POINT('',#5910);
#1846=VERTEX_POINT('',#5912);
#1847=VERTEX_POINT('',#5916);
#1848=VERTEX_POINT('',#5918);
#1849=VERTEX_POINT('',#5922);
#1850=VERTEX_POINT('',#5924);
#1851=VERTEX_POINT('',#5928);
#1852=VERTEX_POINT('',#5930);
#1853=VERTEX_POINT('',#5934);
#1854=VERTEX_POINT('',#5936);
#1855=VERTEX_POINT('',#5940);
#1856=VERTEX_POINT('',#5942);
#1857=VERTEX_POINT('',#5946);
#1858=VERTEX_POINT('',#5948);
#1859=VERTEX_POINT('',#5952);
#1860=VERTEX_POINT('',#5954);
#1861=VERTEX_POINT('',#5958);
#1862=VERTEX_POINT('',#5960);
#1863=VERTEX_POINT('',#5964);
#1864=VERTEX_POINT('',#5966);
#1865=VERTEX_POINT('',#5970);
#1866=VERTEX_POINT('',#5972);
#1867=VERTEX_POINT('',#5976);
#1868=VERTEX_POINT('',#5978);
#1869=VERTEX_POINT('',#5982);
#1870=VERTEX_POINT('',#5984);
#1871=VERTEX_POINT('',#5988);
#1872=VERTEX_POINT('',#5990);
#1873=VERTEX_POINT('',#5994);
#1874=VERTEX_POINT('',#5996);
#1875=VERTEX_POINT('',#6006);
#1876=VERTEX_POINT('',#6007);
#1877=VERTEX_POINT('',#6009);
#1878=VERTEX_POINT('',#6011);
#1879=VERTEX_POINT('',#6015);
#1880=VERTEX_POINT('',#6017);
#1881=VERTEX_POINT('',#6021);
#1882=VERTEX_POINT('',#6023);
#1883=VERTEX_POINT('',#6027);
#1884=VERTEX_POINT('',#6029);
#1885=VERTEX_POINT('',#6033);
#1886=VERTEX_POINT('',#6035);
#1887=VERTEX_POINT('',#6039);
#1888=VERTEX_POINT('',#6041);
#1889=VERTEX_POINT('',#6045);
#1890=VERTEX_POINT('',#6047);
#1891=VERTEX_POINT('',#6051);
#1892=VERTEX_POINT('',#6053);
#1893=VERTEX_POINT('',#6057);
#1894=VERTEX_POINT('',#6059);
#1895=VERTEX_POINT('',#6063);
#1896=VERTEX_POINT('',#6065);
#1897=VERTEX_POINT('',#6069);
#1898=VERTEX_POINT('',#6071);
#1899=VERTEX_POINT('',#6075);
#1900=VERTEX_POINT('',#6077);
#1901=VERTEX_POINT('',#6081);
#1902=VERTEX_POINT('',#6083);
#1903=VERTEX_POINT('',#6087);
#1904=VERTEX_POINT('',#6089);
#1905=VERTEX_POINT('',#6093);
#1906=VERTEX_POINT('',#6095);
#1907=VERTEX_POINT('',#6099);
#1908=VERTEX_POINT('',#6101);
#1909=VERTEX_POINT('',#6105);
#1910=VERTEX_POINT('',#6107);
#1911=VERTEX_POINT('',#6111);
#1912=VERTEX_POINT('',#6113);
#1913=VERTEX_POINT('',#6117);
#1914=VERTEX_POINT('',#6119);
#1915=VERTEX_POINT('',#6123);
#1916=VERTEX_POINT('',#6125);
#1917=VERTEX_POINT('',#6129);
#1918=VERTEX_POINT('',#6131);
#1919=VERTEX_POINT('',#6135);
#1920=VERTEX_POINT('',#6137);
#1921=VERTEX_POINT('',#6141);
#1922=VERTEX_POINT('',#6143);
#1923=VERTEX_POINT('',#6147);
#1924=VERTEX_POINT('',#6149);
#1925=VERTEX_POINT('',#6153);
#1926=VERTEX_POINT('',#6155);
#1927=VERTEX_POINT('',#6159);
#1928=VERTEX_POINT('',#6161);
#1929=VERTEX_POINT('',#6165);
#1930=VERTEX_POINT('',#6167);
#1931=VERTEX_POINT('',#6171);
#1932=VERTEX_POINT('',#6173);
#1933=VERTEX_POINT('',#6177);
#1934=VERTEX_POINT('',#6179);
#1935=VERTEX_POINT('',#6183);
#1936=VERTEX_POINT('',#6185);
#1937=VERTEX_POINT('',#6189);
#1938=VERTEX_POINT('',#6191);
#1939=VERTEX_POINT('',#6195);
#1940=VERTEX_POINT('',#6197);
#1941=VERTEX_POINT('',#6201);
#1942=VERTEX_POINT('',#6203);
#1943=VERTEX_POINT('',#6207);
#1944=VERTEX_POINT('',#6209);
#1945=VERTEX_POINT('',#6213);
#1946=VERTEX_POINT('',#6215);
#1947=VERTEX_POINT('',#6219);
#1948=VERTEX_POINT('',#6221);
#1949=VERTEX_POINT('',#6231);
#1950=VERTEX_POINT('',#6232);
#1951=VERTEX_POINT('',#6234);
#1952=VERTEX_POINT('',#6236);
#1953=VERTEX_POINT('',#6240);
#1954=VERTEX_POINT('',#6242);
#1955=VERTEX_POINT('',#6244);
#1956=VERTEX_POINT('',#6246);
#1957=VERTEX_POINT('',#6250);
#1958=VERTEX_POINT('',#6254);
#1959=VERTEX_POINT('',#6258);
#1960=VERTEX_POINT('',#6260);
#1961=VERTEX_POINT('',#6262);
#1962=VERTEX_POINT('',#6264);
#1963=VERTEX_POINT('',#6266);
#1964=VERTEX_POINT('',#6268);
#1965=VERTEX_POINT('',#6270);
#1966=VERTEX_POINT('',#6272);
#1967=VERTEX_POINT('',#6274);
#1968=VERTEX_POINT('',#6276);
#1969=VERTEX_POINT('',#6278);
#1970=VERTEX_POINT('',#6280);
#1971=VERTEX_POINT('',#6282);
#1972=VERTEX_POINT('',#6284);
#1973=VERTEX_POINT('',#6286);
#1974=VERTEX_POINT('',#6288);
#1975=VERTEX_POINT('',#6290);
#1976=VERTEX_POINT('',#6292);
#1977=VERTEX_POINT('',#6294);
#1978=VERTEX_POINT('',#6296);
#1979=VERTEX_POINT('',#6298);
#1980=VERTEX_POINT('',#6300);
#1981=VERTEX_POINT('',#6302);
#1982=VERTEX_POINT('',#6304);
#1983=VERTEX_POINT('',#6306);
#1984=VERTEX_POINT('',#6308);
#1985=VERTEX_POINT('',#6310);
#1986=VERTEX_POINT('',#6313);
#1987=VERTEX_POINT('',#6314);
#1988=VERTEX_POINT('',#6316);
#1989=VERTEX_POINT('',#6318);
#1990=VERTEX_POINT('',#6320);
#1991=VERTEX_POINT('',#6324);
#1992=VERTEX_POINT('',#6326);
#1993=VERTEX_POINT('',#6330);
#1994=VERTEX_POINT('',#6331);
#1995=VERTEX_POINT('',#6333);
#1996=VERTEX_POINT('',#6335);
#1997=VERTEX_POINT('',#6337);
#1998=VERTEX_POINT('',#6341);
#1999=VERTEX_POINT('',#6344);
#2000=VERTEX_POINT('',#6348);
#2001=VERTEX_POINT('',#6352);
#2002=VERTEX_POINT('',#6353);
#2003=VERTEX_POINT('',#6355);
#2004=VERTEX_POINT('',#6357);
#2005=VERTEX_POINT('',#6361);
#2006=VERTEX_POINT('',#6363);
#2007=VERTEX_POINT('',#6365);
#2008=VERTEX_POINT('',#6367);
#2009=VERTEX_POINT('',#6369);
#2010=VERTEX_POINT('',#6371);
#2011=VERTEX_POINT('',#6373);
#2012=VERTEX_POINT('',#6375);
#2013=VERTEX_POINT('',#6377);
#2014=VERTEX_POINT('',#6379);
#2015=VERTEX_POINT('',#6381);
#2016=VERTEX_POINT('',#6383);
#2017=VERTEX_POINT('',#6385);
#2018=VERTEX_POINT('',#6388);
#2019=VERTEX_POINT('',#6390);
#2020=VERTEX_POINT('',#6392);
#2021=VERTEX_POINT('',#6394);
#2022=VERTEX_POINT('',#6396);
#2023=VERTEX_POINT('',#6398);
#2024=VERTEX_POINT('',#6400);
#2025=VERTEX_POINT('',#6402);
#2026=VERTEX_POINT('',#6404);
#2027=VERTEX_POINT('',#6406);
#2028=VERTEX_POINT('',#6410);
#2029=VERTEX_POINT('',#6411);
#2030=VERTEX_POINT('',#6413);
#2031=VERTEX_POINT('',#6415);
#2032=VERTEX_POINT('',#6417);
#2033=VERTEX_POINT('',#6421);
#2034=VERTEX_POINT('',#6423);
#2035=VERTEX_POINT('',#6435);
#2036=VERTEX_POINT('',#6437);
#2037=VERTEX_POINT('',#6441);
#2038=VERTEX_POINT('',#6443);
#2039=VERTEX_POINT('',#6447);
#2040=VERTEX_POINT('',#6451);
#2041=VERTEX_POINT('',#6455);
#2042=VERTEX_POINT('',#6461);
#2043=VERTEX_POINT('',#6465);
#2044=VERTEX_POINT('',#6469);
#2045=VERTEX_POINT('',#6536);
#2046=VERTEX_POINT('',#6537);
#2047=VERTEX_POINT('',#6539);
#2048=VERTEX_POINT('',#6541);
#2049=VERTEX_POINT('',#6545);
#2050=VERTEX_POINT('',#6547);
#2051=VERTEX_POINT('',#6551);
#2052=VERTEX_POINT('',#6553);
#2053=VERTEX_POINT('',#6557);
#2054=VERTEX_POINT('',#6559);
#2055=VERTEX_POINT('',#6563);
#2056=VERTEX_POINT('',#6565);
#2057=VERTEX_POINT('',#6569);
#2058=VERTEX_POINT('',#6571);
#2059=VERTEX_POINT('',#6575);
#2060=VERTEX_POINT('',#6577);
#2061=VERTEX_POINT('',#6581);
#2062=VERTEX_POINT('',#6583);
#2063=VERTEX_POINT('',#6587);
#2064=VERTEX_POINT('',#6589);
#2065=VERTEX_POINT('',#6593);
#2066=VERTEX_POINT('',#6595);
#2067=VERTEX_POINT('',#6599);
#2068=VERTEX_POINT('',#6601);
#2069=VERTEX_POINT('',#6605);
#2070=VERTEX_POINT('',#6607);
#2071=VERTEX_POINT('',#6611);
#2072=VERTEX_POINT('',#6613);
#2073=VERTEX_POINT('',#6617);
#2074=VERTEX_POINT('',#6619);
#2075=VERTEX_POINT('',#6623);
#2076=VERTEX_POINT('',#6625);
#2077=VERTEX_POINT('',#6635);
#2078=VERTEX_POINT('',#6636);
#2079=VERTEX_POINT('',#6638);
#2080=VERTEX_POINT('',#6640);
#2081=VERTEX_POINT('',#6644);
#2082=VERTEX_POINT('',#6646);
#2083=VERTEX_POINT('',#6650);
#2084=VERTEX_POINT('',#6652);
#2085=VERTEX_POINT('',#6660);
#2086=VERTEX_POINT('',#6661);
#2087=VERTEX_POINT('',#6663);
#2088=VERTEX_POINT('',#6665);
#2089=VERTEX_POINT('',#6669);
#2090=VERTEX_POINT('',#6671);
#2091=VERTEX_POINT('',#6675);
#2092=VERTEX_POINT('',#6677);
#2093=VERTEX_POINT('',#6681);
#2094=VERTEX_POINT('',#6683);
#2095=VERTEX_POINT('',#6687);
#2096=VERTEX_POINT('',#6689);
#2097=VERTEX_POINT('',#6693);
#2098=VERTEX_POINT('',#6695);
#2099=VERTEX_POINT('',#6702);
#2100=VERTEX_POINT('',#6703);
#2101=VERTEX_POINT('',#6705);
#2102=VERTEX_POINT('',#6707);
#2103=VERTEX_POINT('',#6711);
#2104=VERTEX_POINT('',#6713);
#2105=VERTEX_POINT('',#6717);
#2106=VERTEX_POINT('',#6719);
#2107=VERTEX_POINT('',#6723);
#2108=VERTEX_POINT('',#6725);
#2109=VERTEX_POINT('',#6729);
#2110=VERTEX_POINT('',#6731);
#2111=VERTEX_POINT('',#6735);
#2112=VERTEX_POINT('',#6737);
#2113=VERTEX_POINT('',#6741);
#2114=VERTEX_POINT('',#6743);
#2115=VERTEX_POINT('',#6747);
#2116=VERTEX_POINT('',#6749);
#2117=VERTEX_POINT('',#6753);
#2118=VERTEX_POINT('',#6755);
#2119=VERTEX_POINT('',#6759);
#2120=VERTEX_POINT('',#6761);
#2121=VERTEX_POINT('',#6765);
#2122=VERTEX_POINT('',#6767);
#2123=VERTEX_POINT('',#6771);
#2124=VERTEX_POINT('',#6773);
#2125=VERTEX_POINT('',#6777);
#2126=VERTEX_POINT('',#6779);
#2127=EDGE_CURVE('',#1755,#1756,#625,.T.);
#2128=EDGE_CURVE('',#1755,#1757,#626,.T.);
#2129=EDGE_CURVE('',#1758,#1757,#627,.T.);
#2130=EDGE_CURVE('',#1756,#1758,#628,.T.);
#2131=EDGE_CURVE('',#1756,#1759,#629,.T.);
#2132=EDGE_CURVE('',#1760,#1758,#630,.T.);
#2133=EDGE_CURVE('',#1759,#1760,#631,.T.);
#2134=EDGE_CURVE('',#1761,#1759,#632,.T.);
#2135=EDGE_CURVE('',#1762,#1760,#633,.T.);
#2136=EDGE_CURVE('',#1761,#1762,#634,.T.);
#2137=EDGE_CURVE('',#1763,#1761,#635,.T.);
#2138=EDGE_CURVE('',#1764,#1762,#636,.T.);
#2139=EDGE_CURVE('',#1763,#1764,#637,.T.);
#2140=EDGE_CURVE('',#1765,#1763,#638,.T.);
#2141=EDGE_CURVE('',#1766,#1764,#639,.T.);
#2142=EDGE_CURVE('',#1765,#1766,#640,.T.);
#2143=EDGE_CURVE('',#1767,#1765,#641,.T.);
#2144=EDGE_CURVE('',#1768,#1766,#642,.T.);
#2145=EDGE_CURVE('',#1767,#1768,#643,.T.);
#2146=EDGE_CURVE('',#1769,#1767,#644,.T.);
#2147=EDGE_CURVE('',#1770,#1768,#645,.T.);
#2148=EDGE_CURVE('',#1769,#1770,#646,.T.);
#2149=EDGE_CURVE('',#1771,#1769,#647,.T.);
#2150=EDGE_CURVE('',#1772,#1770,#648,.T.);
#2151=EDGE_CURVE('',#1771,#1772,#649,.T.);
#2152=EDGE_CURVE('',#1771,#1773,#650,.T.);
#2153=EDGE_CURVE('',#1774,#1772,#651,.T.);
#2154=EDGE_CURVE('',#1773,#1774,#652,.T.);
#2155=EDGE_CURVE('',#1775,#1773,#653,.T.);
#2156=EDGE_CURVE('',#1776,#1774,#654,.T.);
#2157=EDGE_CURVE('',#1775,#1776,#655,.T.);
#2158=EDGE_CURVE('',#1777,#1775,#656,.T.);
#2159=EDGE_CURVE('',#1778,#1776,#657,.T.);
#2160=EDGE_CURVE('',#1777,#1778,#658,.T.);
#2161=EDGE_CURVE('',#1779,#1777,#659,.T.);
#2162=EDGE_CURVE('',#1780,#1778,#660,.T.);
#2163=EDGE_CURVE('',#1779,#1780,#661,.T.);
#2164=EDGE_CURVE('',#1781,#1779,#662,.T.);
#2165=EDGE_CURVE('',#1782,#1780,#663,.T.);
#2166=EDGE_CURVE('',#1781,#1782,#664,.T.);
#2167=EDGE_CURVE('',#1783,#1781,#665,.T.);
#2168=EDGE_CURVE('',#1784,#1782,#666,.T.);
#2169=EDGE_CURVE('',#1783,#1784,#667,.T.);
#2170=EDGE_CURVE('',#1785,#1783,#668,.T.);
#2171=EDGE_CURVE('',#1786,#1784,#669,.T.);
#2172=EDGE_CURVE('',#1785,#1786,#670,.T.);
#2173=EDGE_CURVE('',#1787,#1785,#671,.T.);
#2174=EDGE_CURVE('',#1788,#1786,#672,.T.);
#2175=EDGE_CURVE('',#1787,#1788,#673,.T.);
#2176=EDGE_CURVE('',#1789,#1787,#674,.T.);
#2177=EDGE_CURVE('',#1790,#1788,#675,.T.);
#2178=EDGE_CURVE('',#1789,#1790,#676,.T.);
#2179=EDGE_CURVE('',#1791,#1789,#677,.T.);
#2180=EDGE_CURVE('',#1792,#1790,#678,.T.);
#2181=EDGE_CURVE('',#1791,#1792,#679,.T.);
#2182=EDGE_CURVE('',#1793,#1791,#680,.T.);
#2183=EDGE_CURVE('',#1794,#1792,#681,.T.);
#2184=EDGE_CURVE('',#1793,#1794,#682,.T.);
#2185=EDGE_CURVE('',#1795,#1793,#683,.T.);
#2186=EDGE_CURVE('',#1796,#1794,#684,.T.);
#2187=EDGE_CURVE('',#1795,#1796,#685,.T.);
#2188=EDGE_CURVE('',#1797,#1795,#686,.T.);
#2189=EDGE_CURVE('',#1798,#1796,#687,.T.);
#2190=EDGE_CURVE('',#1797,#1798,#688,.T.);
#2191=EDGE_CURVE('',#1799,#1797,#689,.T.);
#2192=EDGE_CURVE('',#1800,#1798,#690,.T.);
#2193=EDGE_CURVE('',#1799,#1800,#691,.T.);
#2194=EDGE_CURVE('',#1801,#1799,#692,.T.);
#2195=EDGE_CURVE('',#1802,#1800,#693,.T.);
#2196=EDGE_CURVE('',#1801,#1802,#694,.T.);
#2197=EDGE_CURVE('',#1803,#1801,#695,.T.);
#2198=EDGE_CURVE('',#1804,#1802,#696,.T.);
#2199=EDGE_CURVE('',#1803,#1804,#697,.T.);
#2200=EDGE_CURVE('',#1805,#1803,#698,.T.);
#2201=EDGE_CURVE('',#1806,#1804,#699,.T.);
#2202=EDGE_CURVE('',#1805,#1806,#700,.T.);
#2203=EDGE_CURVE('',#1807,#1805,#701,.T.);
#2204=EDGE_CURVE('',#1808,#1806,#702,.T.);
#2205=EDGE_CURVE('',#1807,#1808,#703,.T.);
#2206=EDGE_CURVE('',#1809,#1807,#704,.T.);
#2207=EDGE_CURVE('',#1810,#1808,#705,.T.);
#2208=EDGE_CURVE('',#1809,#1810,#706,.T.);
#2209=EDGE_CURVE('',#1811,#1809,#707,.T.);
#2210=EDGE_CURVE('',#1812,#1810,#708,.T.);
#2211=EDGE_CURVE('',#1811,#1812,#709,.T.);
#2212=EDGE_CURVE('',#1813,#1811,#710,.T.);
#2213=EDGE_CURVE('',#1814,#1812,#711,.T.);
#2214=EDGE_CURVE('',#1813,#1814,#712,.T.);
#2215=EDGE_CURVE('',#1815,#1813,#713,.T.);
#2216=EDGE_CURVE('',#1816,#1814,#714,.T.);
#2217=EDGE_CURVE('',#1815,#1816,#715,.T.);
#2218=EDGE_CURVE('',#1817,#1815,#716,.T.);
#2219=EDGE_CURVE('',#1818,#1816,#717,.T.);
#2220=EDGE_CURVE('',#1817,#1818,#718,.T.);
#2221=EDGE_CURVE('',#1819,#1817,#719,.T.);
#2222=EDGE_CURVE('',#1820,#1818,#720,.T.);
#2223=EDGE_CURVE('',#1819,#1820,#721,.T.);
#2224=EDGE_CURVE('',#1821,#1819,#722,.T.);
#2225=EDGE_CURVE('',#1822,#1820,#723,.T.);
#2226=EDGE_CURVE('',#1821,#1822,#724,.T.);
#2227=EDGE_CURVE('',#1823,#1821,#725,.T.);
#2228=EDGE_CURVE('',#1824,#1822,#726,.T.);
#2229=EDGE_CURVE('',#1823,#1824,#727,.T.);
#2230=EDGE_CURVE('',#1825,#1823,#728,.T.);
#2231=EDGE_CURVE('',#1826,#1824,#729,.T.);
#2232=EDGE_CURVE('',#1825,#1826,#730,.T.);
#2233=EDGE_CURVE('',#1755,#1825,#731,.T.);
#2234=EDGE_CURVE('',#1757,#1826,#732,.T.);
#2235=EDGE_CURVE('',#1827,#1828,#733,.T.);
#2236=EDGE_CURVE('',#1827,#1829,#734,.T.);
#2237=EDGE_CURVE('',#1830,#1829,#735,.T.);
#2238=EDGE_CURVE('',#1828,#1830,#736,.T.);
#2239=EDGE_CURVE('',#1831,#1828,#737,.T.);
#2240=EDGE_CURVE('',#1832,#1830,#738,.T.);
#2241=EDGE_CURVE('',#1831,#1832,#739,.T.);
#2242=EDGE_CURVE('',#1833,#1831,#740,.T.);
#2243=EDGE_CURVE('',#1834,#1832,#741,.T.);
#2244=EDGE_CURVE('',#1833,#1834,#742,.T.);
#2245=EDGE_CURVE('',#1833,#1835,#743,.T.);
#2246=EDGE_CURVE('',#1836,#1834,#744,.T.);
#2247=EDGE_CURVE('',#1835,#1836,#745,.T.);
#2248=EDGE_CURVE('',#1835,#1837,#746,.T.);
#2249=EDGE_CURVE('',#1838,#1836,#747,.T.);
#2250=EDGE_CURVE('',#1837,#1838,#748,.T.);
#2251=EDGE_CURVE('',#1837,#1839,#749,.T.);
#2252=EDGE_CURVE('',#1840,#1838,#750,.T.);
#2253=EDGE_CURVE('',#1839,#1840,#751,.T.);
#2254=EDGE_CURVE('',#1839,#1841,#752,.T.);
#2255=EDGE_CURVE('',#1842,#1840,#753,.T.);
#2256=EDGE_CURVE('',#1841,#1842,#754,.T.);
#2257=EDGE_CURVE('',#1841,#1843,#755,.T.);
#2258=EDGE_CURVE('',#1844,#1842,#756,.T.);
#2259=EDGE_CURVE('',#1843,#1844,#757,.T.);
#2260=EDGE_CURVE('',#1843,#1845,#758,.T.);
#2261=EDGE_CURVE('',#1846,#1844,#759,.T.);
#2262=EDGE_CURVE('',#1845,#1846,#760,.T.);
#2263=EDGE_CURVE('',#1845,#1847,#761,.T.);
#2264=EDGE_CURVE('',#1848,#1846,#762,.T.);
#2265=EDGE_CURVE('',#1847,#1848,#763,.T.);
#2266=EDGE_CURVE('',#1849,#1847,#764,.T.);
#2267=EDGE_CURVE('',#1850,#1848,#765,.T.);
#2268=EDGE_CURVE('',#1849,#1850,#766,.T.);
#2269=EDGE_CURVE('',#1851,#1849,#767,.T.);
#2270=EDGE_CURVE('',#1852,#1850,#768,.T.);
#2271=EDGE_CURVE('',#1851,#1852,#769,.T.);
#2272=EDGE_CURVE('',#1853,#1851,#770,.T.);
#2273=EDGE_CURVE('',#1854,#1852,#771,.T.);
#2274=EDGE_CURVE('',#1853,#1854,#772,.T.);
#2275=EDGE_CURVE('',#1853,#1855,#773,.T.);
#2276=EDGE_CURVE('',#1856,#1854,#774,.T.);
#2277=EDGE_CURVE('',#1855,#1856,#775,.T.);
#2278=EDGE_CURVE('',#1857,#1855,#776,.T.);
#2279=EDGE_CURVE('',#1858,#1856,#777,.T.);
#2280=EDGE_CURVE('',#1857,#1858,#778,.T.);
#2281=EDGE_CURVE('',#1859,#1857,#779,.T.);
#2282=EDGE_CURVE('',#1860,#1858,#780,.T.);
#2283=EDGE_CURVE('',#1859,#1860,#781,.T.);
#2284=EDGE_CURVE('',#1861,#1859,#782,.T.);
#2285=EDGE_CURVE('',#1862,#1860,#783,.T.);
#2286=EDGE_CURVE('',#1861,#1862,#784,.T.);
#2287=EDGE_CURVE('',#1863,#1861,#785,.T.);
#2288=EDGE_CURVE('',#1864,#1862,#786,.T.);
#2289=EDGE_CURVE('',#1863,#1864,#787,.T.);
#2290=EDGE_CURVE('',#1865,#1863,#788,.T.);
#2291=EDGE_CURVE('',#1866,#1864,#789,.T.);
#2292=EDGE_CURVE('',#1865,#1866,#790,.T.);
#2293=EDGE_CURVE('',#1867,#1865,#791,.T.);
#2294=EDGE_CURVE('',#1868,#1866,#792,.T.);
#2295=EDGE_CURVE('',#1867,#1868,#793,.T.);
#2296=EDGE_CURVE('',#1869,#1867,#794,.T.);
#2297=EDGE_CURVE('',#1870,#1868,#795,.T.);
#2298=EDGE_CURVE('',#1869,#1870,#796,.T.);
#2299=EDGE_CURVE('',#1871,#1869,#797,.T.);
#2300=EDGE_CURVE('',#1872,#1870,#798,.T.);
#2301=EDGE_CURVE('',#1871,#1872,#799,.T.);
#2302=EDGE_CURVE('',#1873,#1871,#800,.T.);
#2303=EDGE_CURVE('',#1874,#1872,#801,.T.);
#2304=EDGE_CURVE('',#1873,#1874,#802,.T.);
#2305=EDGE_CURVE('',#1827,#1873,#803,.T.);
#2306=EDGE_CURVE('',#1829,#1874,#804,.T.);
#2307=EDGE_CURVE('',#1875,#1876,#805,.T.);
#2308=EDGE_CURVE('',#1875,#1877,#806,.T.);
#2309=EDGE_CURVE('',#1878,#1877,#807,.T.);
#2310=EDGE_CURVE('',#1876,#1878,#808,.T.);
#2311=EDGE_CURVE('',#1879,#1876,#809,.T.);
#2312=EDGE_CURVE('',#1880,#1878,#810,.T.);
#2313=EDGE_CURVE('',#1879,#1880,#811,.T.);
#2314=EDGE_CURVE('',#1881,#1879,#812,.T.);
#2315=EDGE_CURVE('',#1882,#1880,#813,.T.);
#2316=EDGE_CURVE('',#1881,#1882,#814,.T.);
#2317=EDGE_CURVE('',#1881,#1883,#815,.T.);
#2318=EDGE_CURVE('',#1884,#1882,#816,.T.);
#2319=EDGE_CURVE('',#1883,#1884,#817,.T.);
#2320=EDGE_CURVE('',#1883,#1885,#818,.T.);
#2321=EDGE_CURVE('',#1886,#1884,#819,.T.);
#2322=EDGE_CURVE('',#1885,#1886,#820,.T.);
#2323=EDGE_CURVE('',#1887,#1885,#821,.T.);
#2324=EDGE_CURVE('',#1888,#1886,#822,.T.);
#2325=EDGE_CURVE('',#1887,#1888,#823,.T.);
#2326=EDGE_CURVE('',#1889,#1887,#824,.T.);
#2327=EDGE_CURVE('',#1890,#1888,#825,.T.);
#2328=EDGE_CURVE('',#1889,#1890,#826,.T.);
#2329=EDGE_CURVE('',#1889,#1891,#827,.T.);
#2330=EDGE_CURVE('',#1892,#1890,#828,.T.);
#2331=EDGE_CURVE('',#1891,#1892,#829,.T.);
#2332=EDGE_CURVE('',#1893,#1891,#830,.T.);
#2333=EDGE_CURVE('',#1894,#1892,#831,.T.);
#2334=EDGE_CURVE('',#1893,#1894,#832,.T.);
#2335=EDGE_CURVE('',#1895,#1893,#833,.T.);
#2336=EDGE_CURVE('',#1896,#1894,#834,.T.);
#2337=EDGE_CURVE('',#1895,#1896,#835,.T.);
#2338=EDGE_CURVE('',#1897,#1895,#836,.T.);
#2339=EDGE_CURVE('',#1898,#1896,#837,.T.);
#2340=EDGE_CURVE('',#1897,#1898,#838,.T.);
#2341=EDGE_CURVE('',#1897,#1899,#839,.T.);
#2342=EDGE_CURVE('',#1900,#1898,#840,.T.);
#2343=EDGE_CURVE('',#1899,#1900,#841,.T.);
#2344=EDGE_CURVE('',#1899,#1901,#842,.T.);
#2345=EDGE_CURVE('',#1902,#1900,#843,.T.);
#2346=EDGE_CURVE('',#1901,#1902,#844,.T.);
#2347=EDGE_CURVE('',#1901,#1903,#845,.T.);
#2348=EDGE_CURVE('',#1904,#1902,#846,.T.);
#2349=EDGE_CURVE('',#1903,#1904,#847,.T.);
#2350=EDGE_CURVE('',#1903,#1905,#848,.T.);
#2351=EDGE_CURVE('',#1906,#1904,#849,.T.);
#2352=EDGE_CURVE('',#1905,#1906,#850,.T.);
#2353=EDGE_CURVE('',#1905,#1907,#851,.T.);
#2354=EDGE_CURVE('',#1908,#1906,#852,.T.);
#2355=EDGE_CURVE('',#1907,#1908,#853,.T.);
#2356=EDGE_CURVE('',#1909,#1907,#854,.T.);
#2357=EDGE_CURVE('',#1910,#1908,#855,.T.);
#2358=EDGE_CURVE('',#1909,#1910,#856,.T.);
#2359=EDGE_CURVE('',#1911,#1909,#857,.T.);
#2360=EDGE_CURVE('',#1912,#1910,#858,.T.);
#2361=EDGE_CURVE('',#1911,#1912,#859,.T.);
#2362=EDGE_CURVE('',#1911,#1913,#860,.T.);
#2363=EDGE_CURVE('',#1914,#1912,#861,.T.);
#2364=EDGE_CURVE('',#1913,#1914,#862,.T.);
#2365=EDGE_CURVE('',#1915,#1913,#863,.T.);
#2366=EDGE_CURVE('',#1916,#1914,#864,.T.);
#2367=EDGE_CURVE('',#1915,#1916,#865,.T.);
#2368=EDGE_CURVE('',#1915,#1917,#866,.T.);
#2369=EDGE_CURVE('',#1918,#1916,#867,.T.);
#2370=EDGE_CURVE('',#1917,#1918,#868,.T.);
#2371=EDGE_CURVE('',#1919,#1917,#869,.T.);
#2372=EDGE_CURVE('',#1920,#1918,#870,.T.);
#2373=EDGE_CURVE('',#1919,#1920,#871,.T.);
#2374=EDGE_CURVE('',#1921,#1919,#872,.T.);
#2375=EDGE_CURVE('',#1922,#1920,#873,.T.);
#2376=EDGE_CURVE('',#1921,#1922,#874,.T.);
#2377=EDGE_CURVE('',#1923,#1921,#875,.T.);
#2378=EDGE_CURVE('',#1924,#1922,#876,.T.);
#2379=EDGE_CURVE('',#1923,#1924,#877,.T.);
#2380=EDGE_CURVE('',#1923,#1925,#878,.T.);
#2381=EDGE_CURVE('',#1926,#1924,#879,.T.);
#2382=EDGE_CURVE('',#1925,#1926,#880,.T.);
#2383=EDGE_CURVE('',#1927,#1925,#881,.T.);
#2384=EDGE_CURVE('',#1928,#1926,#882,.T.);
#2385=EDGE_CURVE('',#1927,#1928,#883,.T.);
#2386=EDGE_CURVE('',#1929,#1927,#884,.T.);
#2387=EDGE_CURVE('',#1930,#1928,#885,.T.);
#2388=EDGE_CURVE('',#1929,#1930,#886,.T.);
#2389=EDGE_CURVE('',#1929,#1931,#887,.T.);
#2390=EDGE_CURVE('',#1932,#1930,#888,.T.);
#2391=EDGE_CURVE('',#1931,#1932,#889,.T.);
#2392=EDGE_CURVE('',#1931,#1933,#890,.T.);
#2393=EDGE_CURVE('',#1934,#1932,#891,.T.);
#2394=EDGE_CURVE('',#1933,#1934,#892,.T.);
#2395=EDGE_CURVE('',#1935,#1933,#893,.T.);
#2396=EDGE_CURVE('',#1936,#1934,#894,.T.);
#2397=EDGE_CURVE('',#1935,#1936,#895,.T.);
#2398=EDGE_CURVE('',#1937,#1935,#896,.T.);
#2399=EDGE_CURVE('',#1938,#1936,#897,.T.);
#2400=EDGE_CURVE('',#1937,#1938,#898,.T.);
#2401=EDGE_CURVE('',#1937,#1939,#899,.T.);
#2402=EDGE_CURVE('',#1940,#1938,#900,.T.);
#2403=EDGE_CURVE('',#1939,#1940,#901,.T.);
#2404=EDGE_CURVE('',#1939,#1941,#902,.T.);
#2405=EDGE_CURVE('',#1942,#1940,#903,.T.);
#2406=EDGE_CURVE('',#1941,#1942,#904,.T.);
#2407=EDGE_CURVE('',#1941,#1943,#905,.T.);
#2408=EDGE_CURVE('',#1944,#1942,#906,.T.);
#2409=EDGE_CURVE('',#1943,#1944,#907,.T.);
#2410=EDGE_CURVE('',#1945,#1943,#908,.T.);
#2411=EDGE_CURVE('',#1946,#1944,#909,.T.);
#2412=EDGE_CURVE('',#1945,#1946,#910,.T.);
#2413=EDGE_CURVE('',#1947,#1945,#911,.T.);
#2414=EDGE_CURVE('',#1948,#1946,#912,.T.);
#2415=EDGE_CURVE('',#1947,#1948,#913,.T.);
#2416=EDGE_CURVE('',#1947,#1875,#914,.T.);
#2417=EDGE_CURVE('',#1877,#1948,#915,.T.);
#2418=EDGE_CURVE('',#1949,#1950,#916,.T.);
#2419=EDGE_CURVE('',#1950,#1951,#917,.T.);
#2420=EDGE_CURVE('',#1951,#1952,#918,.T.);
#2421=EDGE_CURVE('',#1952,#1949,#919,.T.);
#2422=EDGE_CURVE('',#1953,#1949,#920,.T.);
#2423=EDGE_CURVE('',#1954,#1953,#921,.T.);
#2424=EDGE_CURVE('',#1955,#1954,#922,.T.);
#2425=EDGE_CURVE('',#1956,#1955,#923,.T.);
#2426=EDGE_CURVE('',#1950,#1956,#924,.T.);
#2427=EDGE_CURVE('',#1957,#1952,#925,.T.);
#2428=EDGE_CURVE('',#1953,#1957,#926,.T.);
#2429=EDGE_CURVE('',#1957,#1958,#927,.T.);
#2430=EDGE_CURVE('',#1958,#1954,#928,.T.);
#2431=EDGE_CURVE('',#1959,#1958,#929,.T.);
#2432=EDGE_CURVE('',#1960,#1959,#930,.T.);
#2433=EDGE_CURVE('',#1960,#1961,#931,.T.);
#2434=EDGE_CURVE('',#1961,#1962,#932,.T.);
#2435=EDGE_CURVE('',#1963,#1962,#933,.T.);
#2436=EDGE_CURVE('',#1964,#1963,#934,.T.);
#2437=EDGE_CURVE('',#1964,#1965,#935,.T.);
#2438=EDGE_CURVE('',#1965,#1966,#936,.T.);
#2439=EDGE_CURVE('',#1967,#1966,#937,.T.);
#2440=EDGE_CURVE('',#1968,#1967,#938,.T.);
#2441=EDGE_CURVE('',#1968,#1969,#939,.T.);
#2442=EDGE_CURVE('',#1969,#1970,#940,.T.);
#2443=EDGE_CURVE('',#1971,#1970,#941,.T.);
#2444=EDGE_CURVE('',#1972,#1971,#942,.T.);
#2445=EDGE_CURVE('',#1972,#1973,#943,.T.);
#2446=EDGE_CURVE('',#1973,#1974,#944,.T.);
#2447=EDGE_CURVE('',#1974,#1975,#945,.T.);
#2448=EDGE_CURVE('',#1976,#1975,#946,.T.);
#2449=EDGE_CURVE('',#1976,#1977,#947,.T.);
#2450=EDGE_CURVE('',#1977,#1978,#948,.T.);
#2451=EDGE_CURVE('',#1978,#1979,#949,.T.);
#2452=EDGE_CURVE('',#1980,#1979,#950,.T.);
#2453=EDGE_CURVE('',#1980,#1981,#951,.T.);
#2454=EDGE_CURVE('',#1981,#1982,#952,.T.);
#2455=EDGE_CURVE('',#1982,#1983,#953,.T.);
#2456=EDGE_CURVE('',#1984,#1983,#954,.T.);
#2457=EDGE_CURVE('',#1984,#1985,#955,.T.);
#2458=EDGE_CURVE('',#1955,#1985,#956,.T.);
#2459=EDGE_CURVE('',#1986,#1987,#957,.T.);
#2460=EDGE_CURVE('',#1988,#1986,#958,.T.);
#2461=EDGE_CURVE('',#1989,#1988,#959,.T.);
#2462=EDGE_CURVE('',#1990,#1989,#960,.T.);
#2463=EDGE_CURVE('',#1987,#1990,#961,.T.);
#2464=EDGE_CURVE('',#1957,#1991,#962,.T.);
#2465=EDGE_CURVE('',#1991,#1992,#963,.T.);
#2466=EDGE_CURVE('',#1959,#1992,#964,.T.);
#2467=EDGE_CURVE('',#1993,#1994,#965,.T.);
#2468=EDGE_CURVE('',#1994,#1995,#966,.T.);
#2469=EDGE_CURVE('',#1995,#1996,#967,.F.);
#2470=EDGE_CURVE('',#1996,#1997,#968,.T.);
#2471=EDGE_CURVE('',#1997,#1993,#969,.T.);
#2472=EDGE_CURVE('',#1997,#1998,#970,.T.);
#2473=EDGE_CURVE('',#1992,#1998,#971,.T.);
#2474=EDGE_CURVE('',#1991,#1999,#972,.T.);
#2475=EDGE_CURVE('',#1993,#1999,#973,.T.);
#2476=EDGE_CURVE('',#2000,#1996,#974,.T.);
#2477=EDGE_CURVE('',#1998,#2000,#975,.T.);
#2478=EDGE_CURVE('',#2001,#2002,#976,.T.);
#2479=EDGE_CURVE('',#2002,#2003,#977,.T.);
#2480=EDGE_CURVE('',#2003,#2004,#978,.F.);
#2481=EDGE_CURVE('',#2004,#2001,#979,.T.);
#2482=EDGE_CURVE('',#2005,#1956,#980,.T.);
#2483=EDGE_CURVE('',#2005,#2006,#981,.T.);
#2484=EDGE_CURVE('',#2006,#2007,#982,.T.);
#2485=EDGE_CURVE('',#2007,#2008,#983,.T.);
#2486=EDGE_CURVE('',#2008,#2009,#984,.T.);
#2487=EDGE_CURVE('',#2009,#2010,#985,.T.);
#2488=EDGE_CURVE('',#2010,#2011,#986,.T.);
#2489=EDGE_CURVE('',#2011,#2012,#987,.T.);
#2490=EDGE_CURVE('',#2012,#2013,#988,.T.);
#2491=EDGE_CURVE('',#2013,#2014,#989,.T.);
#2492=EDGE_CURVE('',#2014,#2015,#990,.T.);
#2493=EDGE_CURVE('',#2015,#2016,#991,.T.);
#2494=EDGE_CURVE('',#2016,#2017,#992,.T.);
#2495=EDGE_CURVE('',#2017,#2001,#993,.T.);
#2496=EDGE_CURVE('',#2004,#2018,#994,.T.);
#2497=EDGE_CURVE('',#2018,#2019,#995,.T.);
#2498=EDGE_CURVE('',#2019,#2020,#996,.T.);
#2499=EDGE_CURVE('',#2020,#2021,#997,.T.);
#2500=EDGE_CURVE('',#2021,#2022,#998,.T.);
#2501=EDGE_CURVE('',#2022,#2023,#999,.T.);
#2502=EDGE_CURVE('',#2023,#2024,#1000,.T.);
#2503=EDGE_CURVE('',#2024,#2025,#1001,.T.);
#2504=EDGE_CURVE('',#2025,#2026,#1002,.T.);
#2505=EDGE_CURVE('',#2026,#2027,#1003,.T.);
#2506=EDGE_CURVE('',#2027,#1995,#1004,.T.);
#2507=EDGE_CURVE('',#1951,#1994,#1005,.T.);
#2508=EDGE_CURVE('',#2028,#2029,#1006,.T.);
#2509=EDGE_CURVE('',#2030,#2028,#1007,.T.);
#2510=EDGE_CURVE('',#2031,#2030,#1008,.T.);
#2511=EDGE_CURVE('',#2032,#2031,#1009,.T.);
#2512=EDGE_CURVE('',#2029,#2032,#1010,.T.);
#2513=EDGE_CURVE('',#2033,#1972,#1011,.T.);
#2514=EDGE_CURVE('',#1971,#2034,#1012,.F.);
#2515=EDGE_CURVE('',#2034,#2033,#1013,.T.);
#2516=EDGE_CURVE('',#2033,#2002,#1014,.T.);
#2517=EDGE_CURVE('',#2034,#2003,#1015,.T.);
#2518=EDGE_CURVE('',#2000,#1960,#1016,.F.);
#2519=EDGE_CURVE('',#1999,#1952,#1017,.T.);
#2520=EDGE_CURVE('',#2032,#2035,#1018,.F.);
#2521=EDGE_CURVE('',#2035,#2036,#1019,.T.);
#2522=EDGE_CURVE('',#2036,#2029,#1020,.F.);
#2523=EDGE_CURVE('',#2037,#2035,#1021,.T.);
#2524=EDGE_CURVE('',#2038,#2037,#1022,.T.);
#2525=EDGE_CURVE('',#2038,#2036,#1023,.T.);
#2526=EDGE_CURVE('',#2039,#2035,#1024,.T.);
#2527=EDGE_CURVE('',#2031,#2039,#1025,.T.);
#2528=EDGE_CURVE('',#2030,#2040,#1026,.T.);
#2529=EDGE_CURVE('',#2040,#2039,#1027,.T.);
#2530=EDGE_CURVE('',#2028,#2041,#1028,.T.);
#2531=EDGE_CURVE('',#2041,#2040,#1029,.T.);
#2532=EDGE_CURVE('',#2036,#2041,#1030,.T.);
#2533=EDGE_CURVE('',#2042,#2039,#1031,.T.);
#2534=EDGE_CURVE('',#2037,#2042,#1032,.T.);
#2535=EDGE_CURVE('',#2043,#2040,#1033,.T.);
#2536=EDGE_CURVE('',#2042,#2043,#1034,.T.);
#2537=EDGE_CURVE('',#2044,#2041,#1035,.T.);
#2538=EDGE_CURVE('',#2043,#2044,#1036,.T.);
#2539=EDGE_CURVE('',#2044,#2038,#1037,.T.);
#2540=EDGE_CURVE('',#1988,#2043,#1038,.T.);
#2541=EDGE_CURVE('',#1989,#2044,#1039,.T.);
#2542=EDGE_CURVE('',#2042,#1986,#1040,.T.);
#2543=EDGE_CURVE('',#1987,#2037,#1041,.T.);
#2544=EDGE_CURVE('',#1990,#2038,#1042,.T.);
#2545=EDGE_CURVE('',#1985,#2005,#1043,.T.);
#2546=EDGE_CURVE('',#1984,#2006,#1044,.T.);
#2547=EDGE_CURVE('',#2001,#1972,#1045,.T.);
#2548=EDGE_CURVE('',#1980,#2010,#1046,.T.);
#2549=EDGE_CURVE('',#1981,#2009,#1047,.T.);
#2550=EDGE_CURVE('',#1982,#2008,#1048,.T.);
#2551=EDGE_CURVE('',#1983,#2007,#1049,.T.);
#2552=EDGE_CURVE('',#1961,#2027,#1050,.T.);
#2553=EDGE_CURVE('',#1962,#2026,#1051,.T.);
#2554=EDGE_CURVE('',#1963,#2025,#1052,.T.);
#2555=EDGE_CURVE('',#1964,#2024,#1053,.T.);
#2556=EDGE_CURVE('',#1965,#2023,#1054,.T.);
#2557=EDGE_CURVE('',#1966,#2022,#1055,.T.);
#2558=EDGE_CURVE('',#1967,#2021,#1056,.T.);
#2559=EDGE_CURVE('',#1968,#2020,#1057,.T.);
#2560=EDGE_CURVE('',#1969,#2019,#1058,.T.);
#2561=EDGE_CURVE('',#1970,#2018,#1059,.T.);
#2562=EDGE_CURVE('',#1973,#2017,#1060,.T.);
#2563=EDGE_CURVE('',#1974,#2016,#1061,.T.);
#2564=EDGE_CURVE('',#1975,#2015,#1062,.T.);
#2565=EDGE_CURVE('',#1976,#2014,#1063,.T.);
#2566=EDGE_CURVE('',#1977,#2013,#1064,.T.);
#2567=EDGE_CURVE('',#1978,#2012,#1065,.T.);
#2568=EDGE_CURVE('',#1979,#2011,#1066,.T.);
#2569=EDGE_CURVE('',#2045,#2046,#1067,.T.);
#2570=EDGE_CURVE('',#2046,#2047,#1068,.T.);
#2571=EDGE_CURVE('',#2048,#2047,#1069,.T.);
#2572=EDGE_CURVE('',#2045,#2048,#1070,.T.);
#2573=EDGE_CURVE('',#2045,#2049,#1071,.T.);
#2574=EDGE_CURVE('',#2050,#2048,#1072,.T.);
#2575=EDGE_CURVE('',#2049,#2050,#1073,.T.);
#2576=EDGE_CURVE('',#2051,#2049,#1074,.T.);
#2577=EDGE_CURVE('',#2052,#2050,#1075,.T.);
#2578=EDGE_CURVE('',#2051,#2052,#1076,.T.);
#2579=EDGE_CURVE('',#2051,#2053,#1077,.T.);
#2580=EDGE_CURVE('',#2054,#2052,#1078,.T.);
#2581=EDGE_CURVE('',#2053,#2054,#1079,.T.);
#2582=EDGE_CURVE('',#2055,#2053,#1080,.T.);
#2583=EDGE_CURVE('',#2056,#2054,#1081,.T.);
#2584=EDGE_CURVE('',#2055,#2056,#1082,.T.);
#2585=EDGE_CURVE('',#2055,#2057,#1083,.T.);
#2586=EDGE_CURVE('',#2058,#2056,#1084,.T.);
#2587=EDGE_CURVE('',#2057,#2058,#1085,.T.);
#2588=EDGE_CURVE('',#2059,#2057,#1086,.T.);
#2589=EDGE_CURVE('',#2060,#2058,#1087,.T.);
#2590=EDGE_CURVE('',#2059,#2060,#1088,.T.);
#2591=EDGE_CURVE('',#2061,#2059,#1089,.T.);
#2592=EDGE_CURVE('',#2062,#2060,#1090,.T.);
#2593=EDGE_CURVE('',#2061,#2062,#1091,.T.);
#2594=EDGE_CURVE('',#2063,#2061,#1092,.T.);
#2595=EDGE_CURVE('',#2064,#2062,#1093,.T.);
#2596=EDGE_CURVE('',#2063,#2064,#1094,.T.);
#2597=EDGE_CURVE('',#2063,#2065,#1095,.T.);
#2598=EDGE_CURVE('',#2066,#2064,#1096,.T.);
#2599=EDGE_CURVE('',#2065,#2066,#1097,.T.);
#2600=EDGE_CURVE('',#2065,#2067,#1098,.T.);
#2601=EDGE_CURVE('',#2068,#2066,#1099,.T.);
#2602=EDGE_CURVE('',#2067,#2068,#1100,.T.);
#2603=EDGE_CURVE('',#2067,#2069,#1101,.T.);
#2604=EDGE_CURVE('',#2070,#2068,#1102,.T.);
#2605=EDGE_CURVE('',#2069,#2070,#1103,.T.);
#2606=EDGE_CURVE('',#2071,#2069,#1104,.T.);
#2607=EDGE_CURVE('',#2072,#2070,#1105,.T.);
#2608=EDGE_CURVE('',#2071,#2072,#1106,.T.);
#2609=EDGE_CURVE('',#2073,#2071,#1107,.T.);
#2610=EDGE_CURVE('',#2074,#2072,#1108,.T.);
#2611=EDGE_CURVE('',#2073,#2074,#1109,.T.);
#2612=EDGE_CURVE('',#2075,#2073,#1110,.T.);
#2613=EDGE_CURVE('',#2076,#2074,#1111,.T.);
#2614=EDGE_CURVE('',#2075,#2076,#1112,.T.);
#2615=EDGE_CURVE('',#2046,#2075,#1113,.T.);
#2616=EDGE_CURVE('',#2047,#2076,#1114,.T.);
#2617=EDGE_CURVE('',#2077,#2078,#1115,.T.);
#2618=EDGE_CURVE('',#2077,#2079,#1116,.T.);
#2619=EDGE_CURVE('',#2079,#2080,#1117,.T.);
#2620=EDGE_CURVE('',#2078,#2080,#1118,.T.);
#2621=EDGE_CURVE('',#2081,#2077,#1119,.T.);
#2622=EDGE_CURVE('',#2081,#2082,#1120,.T.);
#2623=EDGE_CURVE('',#2082,#2079,#1121,.T.);
#2624=EDGE_CURVE('',#2083,#2081,#1122,.T.);
#2625=EDGE_CURVE('',#2083,#2084,#1123,.T.);
#2626=EDGE_CURVE('',#2084,#2082,#1124,.T.);
#2627=EDGE_CURVE('',#2078,#2083,#1125,.T.);
#2628=EDGE_CURVE('',#2080,#2084,#1126,.T.);
#2629=EDGE_CURVE('',#2085,#2086,#1127,.T.);
#2630=EDGE_CURVE('',#2086,#2087,#1128,.T.);
#2631=EDGE_CURVE('',#2088,#2087,#1129,.T.);
#2632=EDGE_CURVE('',#2085,#2088,#1130,.T.);
#2633=EDGE_CURVE('',#2089,#2085,#1131,.T.);
#2634=EDGE_CURVE('',#2090,#2088,#1132,.T.);
#2635=EDGE_CURVE('',#2089,#2090,#1133,.T.);
#2636=EDGE_CURVE('',#2091,#2089,#1134,.T.);
#2637=EDGE_CURVE('',#2092,#2090,#1135,.T.);
#2638=EDGE_CURVE('',#2091,#2092,#1136,.T.);
#2639=EDGE_CURVE('',#2093,#2091,#1137,.T.);
#2640=EDGE_CURVE('',#2094,#2092,#1138,.T.);
#2641=EDGE_CURVE('',#2093,#2094,#1139,.T.);
#2642=EDGE_CURVE('',#2095,#2093,#1140,.T.);
#2643=EDGE_CURVE('',#2096,#2094,#1141,.T.);
#2644=EDGE_CURVE('',#2095,#2096,#1142,.T.);
#2645=EDGE_CURVE('',#2097,#2095,#1143,.T.);
#2646=EDGE_CURVE('',#2098,#2096,#1144,.T.);
#2647=EDGE_CURVE('',#2097,#2098,#1145,.T.);
#2648=EDGE_CURVE('',#2086,#2097,#1146,.T.);
#2649=EDGE_CURVE('',#2087,#2098,#1147,.T.);
#2650=EDGE_CURVE('',#2099,#2100,#1148,.T.);
#2651=EDGE_CURVE('',#2100,#2101,#1149,.T.);
#2652=EDGE_CURVE('',#2102,#2101,#1150,.T.);
#2653=EDGE_CURVE('',#2099,#2102,#1151,.T.);
#2654=EDGE_CURVE('',#2099,#2103,#1152,.T.);
#2655=EDGE_CURVE('',#2104,#2102,#1153,.T.);
#2656=EDGE_CURVE('',#2103,#2104,#1154,.T.);
#2657=EDGE_CURVE('',#2105,#2103,#1155,.T.);
#2658=EDGE_CURVE('',#2106,#2104,#1156,.T.);
#2659=EDGE_CURVE('',#2105,#2106,#1157,.T.);
#2660=EDGE_CURVE('',#2107,#2105,#1158,.T.);
#2661=EDGE_CURVE('',#2108,#2106,#1159,.T.);
#2662=EDGE_CURVE('',#2107,#2108,#1160,.T.);
#2663=EDGE_CURVE('',#2109,#2107,#1161,.T.);
#2664=EDGE_CURVE('',#2110,#2108,#1162,.T.);
#2665=EDGE_CURVE('',#2109,#2110,#1163,.T.);
#2666=EDGE_CURVE('',#2109,#2111,#1164,.T.);
#2667=EDGE_CURVE('',#2112,#2110,#1165,.T.);
#2668=EDGE_CURVE('',#2111,#2112,#1166,.T.);
#2669=EDGE_CURVE('',#2113,#2111,#1167,.T.);
#2670=EDGE_CURVE('',#2114,#2112,#1168,.T.);
#2671=EDGE_CURVE('',#2113,#2114,#1169,.T.);
#2672=EDGE_CURVE('',#2115,#2113,#1170,.T.);
#2673=EDGE_CURVE('',#2116,#2114,#1171,.T.);
#2674=EDGE_CURVE('',#2115,#2116,#1172,.T.);
#2675=EDGE_CURVE('',#2117,#2115,#1173,.T.);
#2676=EDGE_CURVE('',#2118,#2116,#1174,.T.);
#2677=EDGE_CURVE('',#2117,#2118,#1175,.T.);
#2678=EDGE_CURVE('',#2117,#2119,#1176,.T.);
#2679=EDGE_CURVE('',#2120,#2118,#1177,.T.);
#2680=EDGE_CURVE('',#2119,#2120,#1178,.T.);
#2681=EDGE_CURVE('',#2121,#2119,#1179,.T.);
#2682=EDGE_CURVE('',#2122,#2120,#1180,.T.);
#2683=EDGE_CURVE('',#2121,#2122,#1181,.T.);
#2684=EDGE_CURVE('',#2123,#2121,#1182,.T.);
#2685=EDGE_CURVE('',#2124,#2122,#1183,.T.);
#2686=EDGE_CURVE('',#2123,#2124,#1184,.T.);
#2687=EDGE_CURVE('',#2123,#2125,#1185,.T.);
#2688=EDGE_CURVE('',#2126,#2124,#1186,.T.);
#2689=EDGE_CURVE('',#2125,#2126,#1187,.T.);
#2690=EDGE_CURVE('',#2100,#2125,#1188,.T.);
#2691=EDGE_CURVE('',#2101,#2126,#1189,.T.);
#2692=ORIENTED_EDGE('',*,*,#2127,.F.);
#2693=ORIENTED_EDGE('',*,*,#2128,.T.);
#2694=ORIENTED_EDGE('',*,*,#2129,.F.);
#2695=ORIENTED_EDGE('',*,*,#2130,.F.);
#2696=ORIENTED_EDGE('',*,*,#2131,.F.);
#2697=ORIENTED_EDGE('',*,*,#2130,.T.);
#2698=ORIENTED_EDGE('',*,*,#2132,.F.);
#2699=ORIENTED_EDGE('',*,*,#2133,.F.);
#2700=ORIENTED_EDGE('',*,*,#2134,.T.);
#2701=ORIENTED_EDGE('',*,*,#2133,.T.);
#2702=ORIENTED_EDGE('',*,*,#2135,.F.);
#2703=ORIENTED_EDGE('',*,*,#2136,.F.);
#2704=ORIENTED_EDGE('',*,*,#2137,.T.);
#2705=ORIENTED_EDGE('',*,*,#2136,.T.);
#2706=ORIENTED_EDGE('',*,*,#2138,.F.);
#2707=ORIENTED_EDGE('',*,*,#2139,.F.);
#2708=ORIENTED_EDGE('',*,*,#2140,.T.);
#2709=ORIENTED_EDGE('',*,*,#2139,.T.);
#2710=ORIENTED_EDGE('',*,*,#2141,.F.);
#2711=ORIENTED_EDGE('',*,*,#2142,.F.);
#2712=ORIENTED_EDGE('',*,*,#2143,.T.);
#2713=ORIENTED_EDGE('',*,*,#2142,.T.);
#2714=ORIENTED_EDGE('',*,*,#2144,.F.);
#2715=ORIENTED_EDGE('',*,*,#2145,.F.);
#2716=ORIENTED_EDGE('',*,*,#2146,.T.);
#2717=ORIENTED_EDGE('',*,*,#2145,.T.);
#2718=ORIENTED_EDGE('',*,*,#2147,.F.);
#2719=ORIENTED_EDGE('',*,*,#2148,.F.);
#2720=ORIENTED_EDGE('',*,*,#2149,.T.);
#2721=ORIENTED_EDGE('',*,*,#2148,.T.);
#2722=ORIENTED_EDGE('',*,*,#2150,.F.);
#2723=ORIENTED_EDGE('',*,*,#2151,.F.);
#2724=ORIENTED_EDGE('',*,*,#2152,.F.);
#2725=ORIENTED_EDGE('',*,*,#2151,.T.);
#2726=ORIENTED_EDGE('',*,*,#2153,.F.);
#2727=ORIENTED_EDGE('',*,*,#2154,.F.);
#2728=ORIENTED_EDGE('',*,*,#2155,.T.);
#2729=ORIENTED_EDGE('',*,*,#2154,.T.);
#2730=ORIENTED_EDGE('',*,*,#2156,.F.);
#2731=ORIENTED_EDGE('',*,*,#2157,.F.);
#2732=ORIENTED_EDGE('',*,*,#2158,.T.);
#2733=ORIENTED_EDGE('',*,*,#2157,.T.);
#2734=ORIENTED_EDGE('',*,*,#2159,.F.);
#2735=ORIENTED_EDGE('',*,*,#2160,.F.);
#2736=ORIENTED_EDGE('',*,*,#2161,.T.);
#2737=ORIENTED_EDGE('',*,*,#2160,.T.);
#2738=ORIENTED_EDGE('',*,*,#2162,.F.);
#2739=ORIENTED_EDGE('',*,*,#2163,.F.);
#2740=ORIENTED_EDGE('',*,*,#2164,.T.);
#2741=ORIENTED_EDGE('',*,*,#2163,.T.);
#2742=ORIENTED_EDGE('',*,*,#2165,.F.);
#2743=ORIENTED_EDGE('',*,*,#2166,.F.);
#2744=ORIENTED_EDGE('',*,*,#2167,.T.);
#2745=ORIENTED_EDGE('',*,*,#2166,.T.);
#2746=ORIENTED_EDGE('',*,*,#2168,.F.);
#2747=ORIENTED_EDGE('',*,*,#2169,.F.);
#2748=ORIENTED_EDGE('',*,*,#2170,.T.);
#2749=ORIENTED_EDGE('',*,*,#2169,.T.);
#2750=ORIENTED_EDGE('',*,*,#2171,.F.);
#2751=ORIENTED_EDGE('',*,*,#2172,.F.);
#2752=ORIENTED_EDGE('',*,*,#2173,.T.);
#2753=ORIENTED_EDGE('',*,*,#2172,.T.);
#2754=ORIENTED_EDGE('',*,*,#2174,.F.);
#2755=ORIENTED_EDGE('',*,*,#2175,.F.);
#2756=ORIENTED_EDGE('',*,*,#2176,.T.);
#2757=ORIENTED_EDGE('',*,*,#2175,.T.);
#2758=ORIENTED_EDGE('',*,*,#2177,.F.);
#2759=ORIENTED_EDGE('',*,*,#2178,.F.);
#2760=ORIENTED_EDGE('',*,*,#2179,.T.);
#2761=ORIENTED_EDGE('',*,*,#2178,.T.);
#2762=ORIENTED_EDGE('',*,*,#2180,.F.);
#2763=ORIENTED_EDGE('',*,*,#2181,.F.);
#2764=ORIENTED_EDGE('',*,*,#2182,.T.);
#2765=ORIENTED_EDGE('',*,*,#2181,.T.);
#2766=ORIENTED_EDGE('',*,*,#2183,.F.);
#2767=ORIENTED_EDGE('',*,*,#2184,.F.);
#2768=ORIENTED_EDGE('',*,*,#2185,.T.);
#2769=ORIENTED_EDGE('',*,*,#2184,.T.);
#2770=ORIENTED_EDGE('',*,*,#2186,.F.);
#2771=ORIENTED_EDGE('',*,*,#2187,.F.);
#2772=ORIENTED_EDGE('',*,*,#2188,.T.);
#2773=ORIENTED_EDGE('',*,*,#2187,.T.);
#2774=ORIENTED_EDGE('',*,*,#2189,.F.);
#2775=ORIENTED_EDGE('',*,*,#2190,.F.);
#2776=ORIENTED_EDGE('',*,*,#2191,.T.);
#2777=ORIENTED_EDGE('',*,*,#2190,.T.);
#2778=ORIENTED_EDGE('',*,*,#2192,.F.);
#2779=ORIENTED_EDGE('',*,*,#2193,.F.);
#2780=ORIENTED_EDGE('',*,*,#2194,.T.);
#2781=ORIENTED_EDGE('',*,*,#2193,.T.);
#2782=ORIENTED_EDGE('',*,*,#2195,.F.);
#2783=ORIENTED_EDGE('',*,*,#2196,.F.);
#2784=ORIENTED_EDGE('',*,*,#2197,.T.);
#2785=ORIENTED_EDGE('',*,*,#2196,.T.);
#2786=ORIENTED_EDGE('',*,*,#2198,.F.);
#2787=ORIENTED_EDGE('',*,*,#2199,.F.);
#2788=ORIENTED_EDGE('',*,*,#2200,.T.);
#2789=ORIENTED_EDGE('',*,*,#2199,.T.);
#2790=ORIENTED_EDGE('',*,*,#2201,.F.);
#2791=ORIENTED_EDGE('',*,*,#2202,.F.);
#2792=ORIENTED_EDGE('',*,*,#2203,.T.);
#2793=ORIENTED_EDGE('',*,*,#2202,.T.);
#2794=ORIENTED_EDGE('',*,*,#2204,.F.);
#2795=ORIENTED_EDGE('',*,*,#2205,.F.);
#2796=ORIENTED_EDGE('',*,*,#2206,.T.);
#2797=ORIENTED_EDGE('',*,*,#2205,.T.);
#2798=ORIENTED_EDGE('',*,*,#2207,.F.);
#2799=ORIENTED_EDGE('',*,*,#2208,.F.);
#2800=ORIENTED_EDGE('',*,*,#2209,.T.);
#2801=ORIENTED_EDGE('',*,*,#2208,.T.);
#2802=ORIENTED_EDGE('',*,*,#2210,.F.);
#2803=ORIENTED_EDGE('',*,*,#2211,.F.);
#2804=ORIENTED_EDGE('',*,*,#2212,.T.);
#2805=ORIENTED_EDGE('',*,*,#2211,.T.);
#2806=ORIENTED_EDGE('',*,*,#2213,.F.);
#2807=ORIENTED_EDGE('',*,*,#2214,.F.);
#2808=ORIENTED_EDGE('',*,*,#2215,.T.);
#2809=ORIENTED_EDGE('',*,*,#2214,.T.);
#2810=ORIENTED_EDGE('',*,*,#2216,.F.);
#2811=ORIENTED_EDGE('',*,*,#2217,.F.);
#2812=ORIENTED_EDGE('',*,*,#2218,.T.);
#2813=ORIENTED_EDGE('',*,*,#2217,.T.);
#2814=ORIENTED_EDGE('',*,*,#2219,.F.);
#2815=ORIENTED_EDGE('',*,*,#2220,.F.);
#2816=ORIENTED_EDGE('',*,*,#2221,.T.);
#2817=ORIENTED_EDGE('',*,*,#2220,.T.);
#2818=ORIENTED_EDGE('',*,*,#2222,.F.);
#2819=ORIENTED_EDGE('',*,*,#2223,.F.);
#2820=ORIENTED_EDGE('',*,*,#2224,.T.);
#2821=ORIENTED_EDGE('',*,*,#2223,.T.);
#2822=ORIENTED_EDGE('',*,*,#2225,.F.);
#2823=ORIENTED_EDGE('',*,*,#2226,.F.);
#2824=ORIENTED_EDGE('',*,*,#2227,.T.);
#2825=ORIENTED_EDGE('',*,*,#2226,.T.);
#2826=ORIENTED_EDGE('',*,*,#2228,.F.);
#2827=ORIENTED_EDGE('',*,*,#2229,.F.);
#2828=ORIENTED_EDGE('',*,*,#2230,.T.);
#2829=ORIENTED_EDGE('',*,*,#2229,.T.);
#2830=ORIENTED_EDGE('',*,*,#2231,.F.);
#2831=ORIENTED_EDGE('',*,*,#2232,.F.);
#2832=ORIENTED_EDGE('',*,*,#2233,.T.);
#2833=ORIENTED_EDGE('',*,*,#2232,.T.);
#2834=ORIENTED_EDGE('',*,*,#2234,.F.);
#2835=ORIENTED_EDGE('',*,*,#2128,.F.);
#2836=ORIENTED_EDGE('',*,*,#2234,.T.);
#2837=ORIENTED_EDGE('',*,*,#2231,.T.);
#2838=ORIENTED_EDGE('',*,*,#2228,.T.);
#2839=ORIENTED_EDGE('',*,*,#2225,.T.);
#2840=ORIENTED_EDGE('',*,*,#2222,.T.);
#2841=ORIENTED_EDGE('',*,*,#2219,.T.);
#2842=ORIENTED_EDGE('',*,*,#2216,.T.);
#2843=ORIENTED_EDGE('',*,*,#2213,.T.);
#2844=ORIENTED_EDGE('',*,*,#2210,.T.);
#2845=ORIENTED_EDGE('',*,*,#2207,.T.);
#2846=ORIENTED_EDGE('',*,*,#2204,.T.);
#2847=ORIENTED_EDGE('',*,*,#2201,.T.);
#2848=ORIENTED_EDGE('',*,*,#2198,.T.);
#2849=ORIENTED_EDGE('',*,*,#2195,.T.);
#2850=ORIENTED_EDGE('',*,*,#2192,.T.);
#2851=ORIENTED_EDGE('',*,*,#2189,.T.);
#2852=ORIENTED_EDGE('',*,*,#2186,.T.);
#2853=ORIENTED_EDGE('',*,*,#2183,.T.);
#2854=ORIENTED_EDGE('',*,*,#2180,.T.);
#2855=ORIENTED_EDGE('',*,*,#2177,.T.);
#2856=ORIENTED_EDGE('',*,*,#2174,.T.);
#2857=ORIENTED_EDGE('',*,*,#2171,.T.);
#2858=ORIENTED_EDGE('',*,*,#2168,.T.);
#2859=ORIENTED_EDGE('',*,*,#2165,.T.);
#2860=ORIENTED_EDGE('',*,*,#2162,.T.);
#2861=ORIENTED_EDGE('',*,*,#2159,.T.);
#2862=ORIENTED_EDGE('',*,*,#2156,.T.);
#2863=ORIENTED_EDGE('',*,*,#2153,.T.);
#2864=ORIENTED_EDGE('',*,*,#2150,.T.);
#2865=ORIENTED_EDGE('',*,*,#2147,.T.);
#2866=ORIENTED_EDGE('',*,*,#2144,.T.);
#2867=ORIENTED_EDGE('',*,*,#2141,.T.);
#2868=ORIENTED_EDGE('',*,*,#2138,.T.);
#2869=ORIENTED_EDGE('',*,*,#2135,.T.);
#2870=ORIENTED_EDGE('',*,*,#2132,.T.);
#2871=ORIENTED_EDGE('',*,*,#2129,.T.);
#2872=ORIENTED_EDGE('',*,*,#2233,.F.);
#2873=ORIENTED_EDGE('',*,*,#2127,.T.);
#2874=ORIENTED_EDGE('',*,*,#2131,.T.);
#2875=ORIENTED_EDGE('',*,*,#2134,.F.);
#2876=ORIENTED_EDGE('',*,*,#2137,.F.);
#2877=ORIENTED_EDGE('',*,*,#2140,.F.);
#2878=ORIENTED_EDGE('',*,*,#2143,.F.);
#2879=ORIENTED_EDGE('',*,*,#2146,.F.);
#2880=ORIENTED_EDGE('',*,*,#2149,.F.);
#2881=ORIENTED_EDGE('',*,*,#2152,.T.);
#2882=ORIENTED_EDGE('',*,*,#2155,.F.);
#2883=ORIENTED_EDGE('',*,*,#2158,.F.);
#2884=ORIENTED_EDGE('',*,*,#2161,.F.);
#2885=ORIENTED_EDGE('',*,*,#2164,.F.);
#2886=ORIENTED_EDGE('',*,*,#2167,.F.);
#2887=ORIENTED_EDGE('',*,*,#2170,.F.);
#2888=ORIENTED_EDGE('',*,*,#2173,.F.);
#2889=ORIENTED_EDGE('',*,*,#2176,.F.);
#2890=ORIENTED_EDGE('',*,*,#2179,.F.);
#2891=ORIENTED_EDGE('',*,*,#2182,.F.);
#2892=ORIENTED_EDGE('',*,*,#2185,.F.);
#2893=ORIENTED_EDGE('',*,*,#2188,.F.);
#2894=ORIENTED_EDGE('',*,*,#2191,.F.);
#2895=ORIENTED_EDGE('',*,*,#2194,.F.);
#2896=ORIENTED_EDGE('',*,*,#2197,.F.);
#2897=ORIENTED_EDGE('',*,*,#2200,.F.);
#2898=ORIENTED_EDGE('',*,*,#2203,.F.);
#2899=ORIENTED_EDGE('',*,*,#2206,.F.);
#2900=ORIENTED_EDGE('',*,*,#2209,.F.);
#2901=ORIENTED_EDGE('',*,*,#2212,.F.);
#2902=ORIENTED_EDGE('',*,*,#2215,.F.);
#2903=ORIENTED_EDGE('',*,*,#2218,.F.);
#2904=ORIENTED_EDGE('',*,*,#2221,.F.);
#2905=ORIENTED_EDGE('',*,*,#2224,.F.);
#2906=ORIENTED_EDGE('',*,*,#2227,.F.);
#2907=ORIENTED_EDGE('',*,*,#2230,.F.);
#2908=ORIENTED_EDGE('',*,*,#2235,.F.);
#2909=ORIENTED_EDGE('',*,*,#2236,.T.);
#2910=ORIENTED_EDGE('',*,*,#2237,.F.);
#2911=ORIENTED_EDGE('',*,*,#2238,.F.);
#2912=ORIENTED_EDGE('',*,*,#2239,.T.);
#2913=ORIENTED_EDGE('',*,*,#2238,.T.);
#2914=ORIENTED_EDGE('',*,*,#2240,.F.);
#2915=ORIENTED_EDGE('',*,*,#2241,.F.);
#2916=ORIENTED_EDGE('',*,*,#2242,.T.);
#2917=ORIENTED_EDGE('',*,*,#2241,.T.);
#2918=ORIENTED_EDGE('',*,*,#2243,.F.);
#2919=ORIENTED_EDGE('',*,*,#2244,.F.);
#2920=ORIENTED_EDGE('',*,*,#2245,.F.);
#2921=ORIENTED_EDGE('',*,*,#2244,.T.);
#2922=ORIENTED_EDGE('',*,*,#2246,.F.);
#2923=ORIENTED_EDGE('',*,*,#2247,.F.);
#2924=ORIENTED_EDGE('',*,*,#2248,.F.);
#2925=ORIENTED_EDGE('',*,*,#2247,.T.);
#2926=ORIENTED_EDGE('',*,*,#2249,.F.);
#2927=ORIENTED_EDGE('',*,*,#2250,.F.);
#2928=ORIENTED_EDGE('',*,*,#2251,.F.);
#2929=ORIENTED_EDGE('',*,*,#2250,.T.);
#2930=ORIENTED_EDGE('',*,*,#2252,.F.);
#2931=ORIENTED_EDGE('',*,*,#2253,.F.);
#2932=ORIENTED_EDGE('',*,*,#2254,.F.);
#2933=ORIENTED_EDGE('',*,*,#2253,.T.);
#2934=ORIENTED_EDGE('',*,*,#2255,.F.);
#2935=ORIENTED_EDGE('',*,*,#2256,.F.);
#2936=ORIENTED_EDGE('',*,*,#2257,.F.);
#2937=ORIENTED_EDGE('',*,*,#2256,.T.);
#2938=ORIENTED_EDGE('',*,*,#2258,.F.);
#2939=ORIENTED_EDGE('',*,*,#2259,.F.);
#2940=ORIENTED_EDGE('',*,*,#2260,.F.);
#2941=ORIENTED_EDGE('',*,*,#2259,.T.);
#2942=ORIENTED_EDGE('',*,*,#2261,.F.);
#2943=ORIENTED_EDGE('',*,*,#2262,.F.);
#2944=ORIENTED_EDGE('',*,*,#2263,.F.);
#2945=ORIENTED_EDGE('',*,*,#2262,.T.);
#2946=ORIENTED_EDGE('',*,*,#2264,.F.);
#2947=ORIENTED_EDGE('',*,*,#2265,.F.);
#2948=ORIENTED_EDGE('',*,*,#2266,.T.);
#2949=ORIENTED_EDGE('',*,*,#2265,.T.);
#2950=ORIENTED_EDGE('',*,*,#2267,.F.);
#2951=ORIENTED_EDGE('',*,*,#2268,.F.);
#2952=ORIENTED_EDGE('',*,*,#2269,.T.);
#2953=ORIENTED_EDGE('',*,*,#2268,.T.);
#2954=ORIENTED_EDGE('',*,*,#2270,.F.);
#2955=ORIENTED_EDGE('',*,*,#2271,.F.);
#2956=ORIENTED_EDGE('',*,*,#2272,.T.);
#2957=ORIENTED_EDGE('',*,*,#2271,.T.);
#2958=ORIENTED_EDGE('',*,*,#2273,.F.);
#2959=ORIENTED_EDGE('',*,*,#2274,.F.);
#2960=ORIENTED_EDGE('',*,*,#2275,.F.);
#2961=ORIENTED_EDGE('',*,*,#2274,.T.);
#2962=ORIENTED_EDGE('',*,*,#2276,.F.);
#2963=ORIENTED_EDGE('',*,*,#2277,.F.);
#2964=ORIENTED_EDGE('',*,*,#2278,.T.);
#2965=ORIENTED_EDGE('',*,*,#2277,.T.);
#2966=ORIENTED_EDGE('',*,*,#2279,.F.);
#2967=ORIENTED_EDGE('',*,*,#2280,.F.);
#2968=ORIENTED_EDGE('',*,*,#2281,.T.);
#2969=ORIENTED_EDGE('',*,*,#2280,.T.);
#2970=ORIENTED_EDGE('',*,*,#2282,.F.);
#2971=ORIENTED_EDGE('',*,*,#2283,.F.);
#2972=ORIENTED_EDGE('',*,*,#2284,.T.);
#2973=ORIENTED_EDGE('',*,*,#2283,.T.);
#2974=ORIENTED_EDGE('',*,*,#2285,.F.);
#2975=ORIENTED_EDGE('',*,*,#2286,.F.);
#2976=ORIENTED_EDGE('',*,*,#2287,.T.);
#2977=ORIENTED_EDGE('',*,*,#2286,.T.);
#2978=ORIENTED_EDGE('',*,*,#2288,.F.);
#2979=ORIENTED_EDGE('',*,*,#2289,.F.);
#2980=ORIENTED_EDGE('',*,*,#2290,.T.);
#2981=ORIENTED_EDGE('',*,*,#2289,.T.);
#2982=ORIENTED_EDGE('',*,*,#2291,.F.);
#2983=ORIENTED_EDGE('',*,*,#2292,.F.);
#2984=ORIENTED_EDGE('',*,*,#2293,.T.);
#2985=ORIENTED_EDGE('',*,*,#2292,.T.);
#2986=ORIENTED_EDGE('',*,*,#2294,.F.);
#2987=ORIENTED_EDGE('',*,*,#2295,.F.);
#2988=ORIENTED_EDGE('',*,*,#2296,.T.);
#2989=ORIENTED_EDGE('',*,*,#2295,.T.);
#2990=ORIENTED_EDGE('',*,*,#2297,.F.);
#2991=ORIENTED_EDGE('',*,*,#2298,.F.);
#2992=ORIENTED_EDGE('',*,*,#2299,.T.);
#2993=ORIENTED_EDGE('',*,*,#2298,.T.);
#2994=ORIENTED_EDGE('',*,*,#2300,.F.);
#2995=ORIENTED_EDGE('',*,*,#2301,.F.);
#2996=ORIENTED_EDGE('',*,*,#2302,.T.);
#2997=ORIENTED_EDGE('',*,*,#2301,.T.);
#2998=ORIENTED_EDGE('',*,*,#2303,.F.);
#2999=ORIENTED_EDGE('',*,*,#2304,.F.);
#3000=ORIENTED_EDGE('',*,*,#2305,.T.);
#3001=ORIENTED_EDGE('',*,*,#2304,.T.);
#3002=ORIENTED_EDGE('',*,*,#2306,.F.);
#3003=ORIENTED_EDGE('',*,*,#2236,.F.);
#3004=ORIENTED_EDGE('',*,*,#2306,.T.);
#3005=ORIENTED_EDGE('',*,*,#2303,.T.);
#3006=ORIENTED_EDGE('',*,*,#2300,.T.);
#3007=ORIENTED_EDGE('',*,*,#2297,.T.);
#3008=ORIENTED_EDGE('',*,*,#2294,.T.);
#3009=ORIENTED_EDGE('',*,*,#2291,.T.);
#3010=ORIENTED_EDGE('',*,*,#2288,.T.);
#3011=ORIENTED_EDGE('',*,*,#2285,.T.);
#3012=ORIENTED_EDGE('',*,*,#2282,.T.);
#3013=ORIENTED_EDGE('',*,*,#2279,.T.);
#3014=ORIENTED_EDGE('',*,*,#2276,.T.);
#3015=ORIENTED_EDGE('',*,*,#2273,.T.);
#3016=ORIENTED_EDGE('',*,*,#2270,.T.);
#3017=ORIENTED_EDGE('',*,*,#2267,.T.);
#3018=ORIENTED_EDGE('',*,*,#2264,.T.);
#3019=ORIENTED_EDGE('',*,*,#2261,.T.);
#3020=ORIENTED_EDGE('',*,*,#2258,.T.);
#3021=ORIENTED_EDGE('',*,*,#2255,.T.);
#3022=ORIENTED_EDGE('',*,*,#2252,.T.);
#3023=ORIENTED_EDGE('',*,*,#2249,.T.);
#3024=ORIENTED_EDGE('',*,*,#2246,.T.);
#3025=ORIENTED_EDGE('',*,*,#2243,.T.);
#3026=ORIENTED_EDGE('',*,*,#2240,.T.);
#3027=ORIENTED_EDGE('',*,*,#2237,.T.);
#3028=ORIENTED_EDGE('',*,*,#2305,.F.);
#3029=ORIENTED_EDGE('',*,*,#2235,.T.);
#3030=ORIENTED_EDGE('',*,*,#2239,.F.);
#3031=ORIENTED_EDGE('',*,*,#2242,.F.);
#3032=ORIENTED_EDGE('',*,*,#2245,.T.);
#3033=ORIENTED_EDGE('',*,*,#2248,.T.);
#3034=ORIENTED_EDGE('',*,*,#2251,.T.);
#3035=ORIENTED_EDGE('',*,*,#2254,.T.);
#3036=ORIENTED_EDGE('',*,*,#2257,.T.);
#3037=ORIENTED_EDGE('',*,*,#2260,.T.);
#3038=ORIENTED_EDGE('',*,*,#2263,.T.);
#3039=ORIENTED_EDGE('',*,*,#2266,.F.);
#3040=ORIENTED_EDGE('',*,*,#2269,.F.);
#3041=ORIENTED_EDGE('',*,*,#2272,.F.);
#3042=ORIENTED_EDGE('',*,*,#2275,.T.);
#3043=ORIENTED_EDGE('',*,*,#2278,.F.);
#3044=ORIENTED_EDGE('',*,*,#2281,.F.);
#3045=ORIENTED_EDGE('',*,*,#2284,.F.);
#3046=ORIENTED_EDGE('',*,*,#2287,.F.);
#3047=ORIENTED_EDGE('',*,*,#2290,.F.);
#3048=ORIENTED_EDGE('',*,*,#2293,.F.);
#3049=ORIENTED_EDGE('',*,*,#2296,.F.);
#3050=ORIENTED_EDGE('',*,*,#2299,.F.);
#3051=ORIENTED_EDGE('',*,*,#2302,.F.);
#3052=ORIENTED_EDGE('',*,*,#2307,.F.);
#3053=ORIENTED_EDGE('',*,*,#2308,.T.);
#3054=ORIENTED_EDGE('',*,*,#2309,.F.);
#3055=ORIENTED_EDGE('',*,*,#2310,.F.);
#3056=ORIENTED_EDGE('',*,*,#2311,.T.);
#3057=ORIENTED_EDGE('',*,*,#2310,.T.);
#3058=ORIENTED_EDGE('',*,*,#2312,.F.);
#3059=ORIENTED_EDGE('',*,*,#2313,.F.);
#3060=ORIENTED_EDGE('',*,*,#2314,.T.);
#3061=ORIENTED_EDGE('',*,*,#2313,.T.);
#3062=ORIENTED_EDGE('',*,*,#2315,.F.);
#3063=ORIENTED_EDGE('',*,*,#2316,.F.);
#3064=ORIENTED_EDGE('',*,*,#2317,.F.);
#3065=ORIENTED_EDGE('',*,*,#2316,.T.);
#3066=ORIENTED_EDGE('',*,*,#2318,.F.);
#3067=ORIENTED_EDGE('',*,*,#2319,.F.);
#3068=ORIENTED_EDGE('',*,*,#2320,.F.);
#3069=ORIENTED_EDGE('',*,*,#2319,.T.);
#3070=ORIENTED_EDGE('',*,*,#2321,.F.);
#3071=ORIENTED_EDGE('',*,*,#2322,.F.);
#3072=ORIENTED_EDGE('',*,*,#2323,.T.);
#3073=ORIENTED_EDGE('',*,*,#2322,.T.);
#3074=ORIENTED_EDGE('',*,*,#2324,.F.);
#3075=ORIENTED_EDGE('',*,*,#2325,.F.);
#3076=ORIENTED_EDGE('',*,*,#2326,.T.);
#3077=ORIENTED_EDGE('',*,*,#2325,.T.);
#3078=ORIENTED_EDGE('',*,*,#2327,.F.);
#3079=ORIENTED_EDGE('',*,*,#2328,.F.);
#3080=ORIENTED_EDGE('',*,*,#2329,.F.);
#3081=ORIENTED_EDGE('',*,*,#2328,.T.);
#3082=ORIENTED_EDGE('',*,*,#2330,.F.);
#3083=ORIENTED_EDGE('',*,*,#2331,.F.);
#3084=ORIENTED_EDGE('',*,*,#2332,.T.);
#3085=ORIENTED_EDGE('',*,*,#2331,.T.);
#3086=ORIENTED_EDGE('',*,*,#2333,.F.);
#3087=ORIENTED_EDGE('',*,*,#2334,.F.);
#3088=ORIENTED_EDGE('',*,*,#2335,.T.);
#3089=ORIENTED_EDGE('',*,*,#2334,.T.);
#3090=ORIENTED_EDGE('',*,*,#2336,.F.);
#3091=ORIENTED_EDGE('',*,*,#2337,.F.);
#3092=ORIENTED_EDGE('',*,*,#2338,.T.);
#3093=ORIENTED_EDGE('',*,*,#2337,.T.);
#3094=ORIENTED_EDGE('',*,*,#2339,.F.);
#3095=ORIENTED_EDGE('',*,*,#2340,.F.);
#3096=ORIENTED_EDGE('',*,*,#2341,.F.);
#3097=ORIENTED_EDGE('',*,*,#2340,.T.);
#3098=ORIENTED_EDGE('',*,*,#2342,.F.);
#3099=ORIENTED_EDGE('',*,*,#2343,.F.);
#3100=ORIENTED_EDGE('',*,*,#2344,.F.);
#3101=ORIENTED_EDGE('',*,*,#2343,.T.);
#3102=ORIENTED_EDGE('',*,*,#2345,.F.);
#3103=ORIENTED_EDGE('',*,*,#2346,.F.);
#3104=ORIENTED_EDGE('',*,*,#2347,.F.);
#3105=ORIENTED_EDGE('',*,*,#2346,.T.);
#3106=ORIENTED_EDGE('',*,*,#2348,.F.);
#3107=ORIENTED_EDGE('',*,*,#2349,.F.);
#3108=ORIENTED_EDGE('',*,*,#2350,.F.);
#3109=ORIENTED_EDGE('',*,*,#2349,.T.);
#3110=ORIENTED_EDGE('',*,*,#2351,.F.);
#3111=ORIENTED_EDGE('',*,*,#2352,.F.);
#3112=ORIENTED_EDGE('',*,*,#2353,.F.);
#3113=ORIENTED_EDGE('',*,*,#2352,.T.);
#3114=ORIENTED_EDGE('',*,*,#2354,.F.);
#3115=ORIENTED_EDGE('',*,*,#2355,.F.);
#3116=ORIENTED_EDGE('',*,*,#2356,.T.);
#3117=ORIENTED_EDGE('',*,*,#2355,.T.);
#3118=ORIENTED_EDGE('',*,*,#2357,.F.);
#3119=ORIENTED_EDGE('',*,*,#2358,.F.);
#3120=ORIENTED_EDGE('',*,*,#2359,.T.);
#3121=ORIENTED_EDGE('',*,*,#2358,.T.);
#3122=ORIENTED_EDGE('',*,*,#2360,.F.);
#3123=ORIENTED_EDGE('',*,*,#2361,.F.);
#3124=ORIENTED_EDGE('',*,*,#2362,.F.);
#3125=ORIENTED_EDGE('',*,*,#2361,.T.);
#3126=ORIENTED_EDGE('',*,*,#2363,.F.);
#3127=ORIENTED_EDGE('',*,*,#2364,.F.);
#3128=ORIENTED_EDGE('',*,*,#2365,.T.);
#3129=ORIENTED_EDGE('',*,*,#2364,.T.);
#3130=ORIENTED_EDGE('',*,*,#2366,.F.);
#3131=ORIENTED_EDGE('',*,*,#2367,.F.);
#3132=ORIENTED_EDGE('',*,*,#2368,.F.);
#3133=ORIENTED_EDGE('',*,*,#2367,.T.);
#3134=ORIENTED_EDGE('',*,*,#2369,.F.);
#3135=ORIENTED_EDGE('',*,*,#2370,.F.);
#3136=ORIENTED_EDGE('',*,*,#2371,.T.);
#3137=ORIENTED_EDGE('',*,*,#2370,.T.);
#3138=ORIENTED_EDGE('',*,*,#2372,.F.);
#3139=ORIENTED_EDGE('',*,*,#2373,.F.);
#3140=ORIENTED_EDGE('',*,*,#2374,.T.);
#3141=ORIENTED_EDGE('',*,*,#2373,.T.);
#3142=ORIENTED_EDGE('',*,*,#2375,.F.);
#3143=ORIENTED_EDGE('',*,*,#2376,.F.);
#3144=ORIENTED_EDGE('',*,*,#2377,.T.);
#3145=ORIENTED_EDGE('',*,*,#2376,.T.);
#3146=ORIENTED_EDGE('',*,*,#2378,.F.);
#3147=ORIENTED_EDGE('',*,*,#2379,.F.);
#3148=ORIENTED_EDGE('',*,*,#2380,.F.);
#3149=ORIENTED_EDGE('',*,*,#2379,.T.);
#3150=ORIENTED_EDGE('',*,*,#2381,.F.);
#3151=ORIENTED_EDGE('',*,*,#2382,.F.);
#3152=ORIENTED_EDGE('',*,*,#2383,.T.);
#3153=ORIENTED_EDGE('',*,*,#2382,.T.);
#3154=ORIENTED_EDGE('',*,*,#2384,.F.);
#3155=ORIENTED_EDGE('',*,*,#2385,.F.);
#3156=ORIENTED_EDGE('',*,*,#2386,.T.);
#3157=ORIENTED_EDGE('',*,*,#2385,.T.);
#3158=ORIENTED_EDGE('',*,*,#2387,.F.);
#3159=ORIENTED_EDGE('',*,*,#2388,.F.);
#3160=ORIENTED_EDGE('',*,*,#2389,.F.);
#3161=ORIENTED_EDGE('',*,*,#2388,.T.);
#3162=ORIENTED_EDGE('',*,*,#2390,.F.);
#3163=ORIENTED_EDGE('',*,*,#2391,.F.);
#3164=ORIENTED_EDGE('',*,*,#2392,.F.);
#3165=ORIENTED_EDGE('',*,*,#2391,.T.);
#3166=ORIENTED_EDGE('',*,*,#2393,.F.);
#3167=ORIENTED_EDGE('',*,*,#2394,.F.);
#3168=ORIENTED_EDGE('',*,*,#2395,.T.);
#3169=ORIENTED_EDGE('',*,*,#2394,.T.);
#3170=ORIENTED_EDGE('',*,*,#2396,.F.);
#3171=ORIENTED_EDGE('',*,*,#2397,.F.);
#3172=ORIENTED_EDGE('',*,*,#2398,.T.);
#3173=ORIENTED_EDGE('',*,*,#2397,.T.);
#3174=ORIENTED_EDGE('',*,*,#2399,.F.);
#3175=ORIENTED_EDGE('',*,*,#2400,.F.);
#3176=ORIENTED_EDGE('',*,*,#2401,.F.);
#3177=ORIENTED_EDGE('',*,*,#2400,.T.);
#3178=ORIENTED_EDGE('',*,*,#2402,.F.);
#3179=ORIENTED_EDGE('',*,*,#2403,.F.);
#3180=ORIENTED_EDGE('',*,*,#2404,.F.);
#3181=ORIENTED_EDGE('',*,*,#2403,.T.);
#3182=ORIENTED_EDGE('',*,*,#2405,.F.);
#3183=ORIENTED_EDGE('',*,*,#2406,.F.);
#3184=ORIENTED_EDGE('',*,*,#2407,.F.);
#3185=ORIENTED_EDGE('',*,*,#2406,.T.);
#3186=ORIENTED_EDGE('',*,*,#2408,.F.);
#3187=ORIENTED_EDGE('',*,*,#2409,.F.);
#3188=ORIENTED_EDGE('',*,*,#2410,.T.);
#3189=ORIENTED_EDGE('',*,*,#2409,.T.);
#3190=ORIENTED_EDGE('',*,*,#2411,.F.);
#3191=ORIENTED_EDGE('',*,*,#2412,.F.);
#3192=ORIENTED_EDGE('',*,*,#2413,.T.);
#3193=ORIENTED_EDGE('',*,*,#2412,.T.);
#3194=ORIENTED_EDGE('',*,*,#2414,.F.);
#3195=ORIENTED_EDGE('',*,*,#2415,.F.);
#3196=ORIENTED_EDGE('',*,*,#2416,.F.);
#3197=ORIENTED_EDGE('',*,*,#2415,.T.);
#3198=ORIENTED_EDGE('',*,*,#2417,.F.);
#3199=ORIENTED_EDGE('',*,*,#2308,.F.);
#3200=ORIENTED_EDGE('',*,*,#2417,.T.);
#3201=ORIENTED_EDGE('',*,*,#2414,.T.);
#3202=ORIENTED_EDGE('',*,*,#2411,.T.);
#3203=ORIENTED_EDGE('',*,*,#2408,.T.);
#3204=ORIENTED_EDGE('',*,*,#2405,.T.);
#3205=ORIENTED_EDGE('',*,*,#2402,.T.);
#3206=ORIENTED_EDGE('',*,*,#2399,.T.);
#3207=ORIENTED_EDGE('',*,*,#2396,.T.);
#3208=ORIENTED_EDGE('',*,*,#2393,.T.);
#3209=ORIENTED_EDGE('',*,*,#2390,.T.);
#3210=ORIENTED_EDGE('',*,*,#2387,.T.);
#3211=ORIENTED_EDGE('',*,*,#2384,.T.);
#3212=ORIENTED_EDGE('',*,*,#2381,.T.);
#3213=ORIENTED_EDGE('',*,*,#2378,.T.);
#3214=ORIENTED_EDGE('',*,*,#2375,.T.);
#3215=ORIENTED_EDGE('',*,*,#2372,.T.);
#3216=ORIENTED_EDGE('',*,*,#2369,.T.);
#3217=ORIENTED_EDGE('',*,*,#2366,.T.);
#3218=ORIENTED_EDGE('',*,*,#2363,.T.);
#3219=ORIENTED_EDGE('',*,*,#2360,.T.);
#3220=ORIENTED_EDGE('',*,*,#2357,.T.);
#3221=ORIENTED_EDGE('',*,*,#2354,.T.);
#3222=ORIENTED_EDGE('',*,*,#2351,.T.);
#3223=ORIENTED_EDGE('',*,*,#2348,.T.);
#3224=ORIENTED_EDGE('',*,*,#2345,.T.);
#3225=ORIENTED_EDGE('',*,*,#2342,.T.);
#3226=ORIENTED_EDGE('',*,*,#2339,.T.);
#3227=ORIENTED_EDGE('',*,*,#2336,.T.);
#3228=ORIENTED_EDGE('',*,*,#2333,.T.);
#3229=ORIENTED_EDGE('',*,*,#2330,.T.);
#3230=ORIENTED_EDGE('',*,*,#2327,.T.);
#3231=ORIENTED_EDGE('',*,*,#2324,.T.);
#3232=ORIENTED_EDGE('',*,*,#2321,.T.);
#3233=ORIENTED_EDGE('',*,*,#2318,.T.);
#3234=ORIENTED_EDGE('',*,*,#2315,.T.);
#3235=ORIENTED_EDGE('',*,*,#2312,.T.);
#3236=ORIENTED_EDGE('',*,*,#2309,.T.);
#3237=ORIENTED_EDGE('',*,*,#2416,.T.);
#3238=ORIENTED_EDGE('',*,*,#2307,.T.);
#3239=ORIENTED_EDGE('',*,*,#2311,.F.);
#3240=ORIENTED_EDGE('',*,*,#2314,.F.);
#3241=ORIENTED_EDGE('',*,*,#2317,.T.);
#3242=ORIENTED_EDGE('',*,*,#2320,.T.);
#3243=ORIENTED_EDGE('',*,*,#2323,.F.);
#3244=ORIENTED_EDGE('',*,*,#2326,.F.);
#3245=ORIENTED_EDGE('',*,*,#2329,.T.);
#3246=ORIENTED_EDGE('',*,*,#2332,.F.);
#3247=ORIENTED_EDGE('',*,*,#2335,.F.);
#3248=ORIENTED_EDGE('',*,*,#2338,.F.);
#3249=ORIENTED_EDGE('',*,*,#2341,.T.);
#3250=ORIENTED_EDGE('',*,*,#2344,.T.);
#3251=ORIENTED_EDGE('',*,*,#2347,.T.);
#3252=ORIENTED_EDGE('',*,*,#2350,.T.);
#3253=ORIENTED_EDGE('',*,*,#2353,.T.);
#3254=ORIENTED_EDGE('',*,*,#2356,.F.);
#3255=ORIENTED_EDGE('',*,*,#2359,.F.);
#3256=ORIENTED_EDGE('',*,*,#2362,.T.);
#3257=ORIENTED_EDGE('',*,*,#2365,.F.);
#3258=ORIENTED_EDGE('',*,*,#2368,.T.);
#3259=ORIENTED_EDGE('',*,*,#2371,.F.);
#3260=ORIENTED_EDGE('',*,*,#2374,.F.);
#3261=ORIENTED_EDGE('',*,*,#2377,.F.);
#3262=ORIENTED_EDGE('',*,*,#2380,.T.);
#3263=ORIENTED_EDGE('',*,*,#2383,.F.);
#3264=ORIENTED_EDGE('',*,*,#2386,.F.);
#3265=ORIENTED_EDGE('',*,*,#2389,.T.);
#3266=ORIENTED_EDGE('',*,*,#2392,.T.);
#3267=ORIENTED_EDGE('',*,*,#2395,.F.);
#3268=ORIENTED_EDGE('',*,*,#2398,.F.);
#3269=ORIENTED_EDGE('',*,*,#2401,.T.);
#3270=ORIENTED_EDGE('',*,*,#2404,.T.);
#3271=ORIENTED_EDGE('',*,*,#2407,.T.);
#3272=ORIENTED_EDGE('',*,*,#2410,.F.);
#3273=ORIENTED_EDGE('',*,*,#2413,.F.);
#3274=ORIENTED_EDGE('',*,*,#2418,.T.);
#3275=ORIENTED_EDGE('',*,*,#2419,.T.);
#3276=ORIENTED_EDGE('',*,*,#2420,.T.);
#3277=ORIENTED_EDGE('',*,*,#2421,.T.);
#3278=ORIENTED_EDGE('',*,*,#2418,.F.);
#3279=ORIENTED_EDGE('',*,*,#2422,.F.);
#3280=ORIENTED_EDGE('',*,*,#2423,.F.);
#3281=ORIENTED_EDGE('',*,*,#2424,.F.);
#3282=ORIENTED_EDGE('',*,*,#2425,.F.);
#3283=ORIENTED_EDGE('',*,*,#2426,.F.);
#3284=ORIENTED_EDGE('',*,*,#2421,.F.);
#3285=ORIENTED_EDGE('',*,*,#2427,.F.);
#3286=ORIENTED_EDGE('',*,*,#2428,.F.);
#3287=ORIENTED_EDGE('',*,*,#2422,.T.);
#3288=ORIENTED_EDGE('',*,*,#2423,.T.);
#3289=ORIENTED_EDGE('',*,*,#2428,.T.);
#3290=ORIENTED_EDGE('',*,*,#2429,.T.);
#3291=ORIENTED_EDGE('',*,*,#2430,.T.);
#3292=ORIENTED_EDGE('',*,*,#2430,.F.);
#3293=ORIENTED_EDGE('',*,*,#2431,.F.);
#3294=ORIENTED_EDGE('',*,*,#2432,.F.);
#3295=ORIENTED_EDGE('',*,*,#2433,.T.);
#3296=ORIENTED_EDGE('',*,*,#2434,.T.);
#3297=ORIENTED_EDGE('',*,*,#2435,.F.);
#3298=ORIENTED_EDGE('',*,*,#2436,.F.);
#3299=ORIENTED_EDGE('',*,*,#2437,.T.);
#3300=ORIENTED_EDGE('',*,*,#2438,.T.);
#3301=ORIENTED_EDGE('',*,*,#2439,.F.);
#3302=ORIENTED_EDGE('',*,*,#2440,.F.);
#3303=ORIENTED_EDGE('',*,*,#2441,.T.);
#3304=ORIENTED_EDGE('',*,*,#2442,.T.);
#3305=ORIENTED_EDGE('',*,*,#2443,.F.);
#3306=ORIENTED_EDGE('',*,*,#2444,.F.);
#3307=ORIENTED_EDGE('',*,*,#2445,.T.);
#3308=ORIENTED_EDGE('',*,*,#2446,.T.);
#3309=ORIENTED_EDGE('',*,*,#2447,.T.);
#3310=ORIENTED_EDGE('',*,*,#2448,.F.);
#3311=ORIENTED_EDGE('',*,*,#2449,.T.);
#3312=ORIENTED_EDGE('',*,*,#2450,.T.);
#3313=ORIENTED_EDGE('',*,*,#2451,.T.);
#3314=ORIENTED_EDGE('',*,*,#2452,.F.);
#3315=ORIENTED_EDGE('',*,*,#2453,.T.);
#3316=ORIENTED_EDGE('',*,*,#2454,.T.);
#3317=ORIENTED_EDGE('',*,*,#2455,.T.);
#3318=ORIENTED_EDGE('',*,*,#2456,.F.);
#3319=ORIENTED_EDGE('',*,*,#2457,.T.);
#3320=ORIENTED_EDGE('',*,*,#2458,.F.);
#3321=ORIENTED_EDGE('',*,*,#2424,.T.);
#3322=ORIENTED_EDGE('',*,*,#2459,.F.);
#3323=ORIENTED_EDGE('',*,*,#2460,.F.);
#3324=ORIENTED_EDGE('',*,*,#2461,.F.);
#3325=ORIENTED_EDGE('',*,*,#2462,.F.);
#3326=ORIENTED_EDGE('',*,*,#2463,.F.);
#3327=ORIENTED_EDGE('',*,*,#2429,.F.);
#3328=ORIENTED_EDGE('',*,*,#2464,.T.);
#3329=ORIENTED_EDGE('',*,*,#2465,.T.);
#3330=ORIENTED_EDGE('',*,*,#2466,.F.);
#3331=ORIENTED_EDGE('',*,*,#2431,.T.);
#3332=ORIENTED_EDGE('',*,*,#2467,.T.);
#3333=ORIENTED_EDGE('',*,*,#2468,.T.);
#3334=ORIENTED_EDGE('',*,*,#2469,.T.);
#3335=ORIENTED_EDGE('',*,*,#2470,.T.);
#3336=ORIENTED_EDGE('',*,*,#2471,.T.);
#3337=ORIENTED_EDGE('',*,*,#2471,.F.);
#3338=ORIENTED_EDGE('',*,*,#2472,.T.);
#3339=ORIENTED_EDGE('',*,*,#2473,.F.);
#3340=ORIENTED_EDGE('',*,*,#2465,.F.);
#3341=ORIENTED_EDGE('',*,*,#2474,.T.);
#3342=ORIENTED_EDGE('',*,*,#2475,.F.);
#3343=ORIENTED_EDGE('',*,*,#2470,.F.);
#3344=ORIENTED_EDGE('',*,*,#2476,.F.);
#3345=ORIENTED_EDGE('',*,*,#2477,.F.);
#3346=ORIENTED_EDGE('',*,*,#2472,.F.);
#3347=ORIENTED_EDGE('',*,*,#2478,.T.);
#3348=ORIENTED_EDGE('',*,*,#2479,.T.);
#3349=ORIENTED_EDGE('',*,*,#2480,.T.);
#3350=ORIENTED_EDGE('',*,*,#2481,.T.);
#3351=ORIENTED_EDGE('',*,*,#2419,.F.);
#3352=ORIENTED_EDGE('',*,*,#2426,.T.);
#3353=ORIENTED_EDGE('',*,*,#2482,.F.);
#3354=ORIENTED_EDGE('',*,*,#2483,.T.);
#3355=ORIENTED_EDGE('',*,*,#2484,.T.);
#3356=ORIENTED_EDGE('',*,*,#2485,.T.);
#3357=ORIENTED_EDGE('',*,*,#2486,.T.);
#3358=ORIENTED_EDGE('',*,*,#2487,.T.);
#3359=ORIENTED_EDGE('',*,*,#2488,.T.);
#3360=ORIENTED_EDGE('',*,*,#2489,.T.);
#3361=ORIENTED_EDGE('',*,*,#2490,.T.);
#3362=ORIENTED_EDGE('',*,*,#2491,.T.);
#3363=ORIENTED_EDGE('',*,*,#2492,.T.);
#3364=ORIENTED_EDGE('',*,*,#2493,.T.);
#3365=ORIENTED_EDGE('',*,*,#2494,.T.);
#3366=ORIENTED_EDGE('',*,*,#2495,.T.);
#3367=ORIENTED_EDGE('',*,*,#2481,.F.);
#3368=ORIENTED_EDGE('',*,*,#2496,.T.);
#3369=ORIENTED_EDGE('',*,*,#2497,.T.);
#3370=ORIENTED_EDGE('',*,*,#2498,.T.);
#3371=ORIENTED_EDGE('',*,*,#2499,.T.);
#3372=ORIENTED_EDGE('',*,*,#2500,.T.);
#3373=ORIENTED_EDGE('',*,*,#2501,.T.);
#3374=ORIENTED_EDGE('',*,*,#2502,.T.);
#3375=ORIENTED_EDGE('',*,*,#2503,.T.);
#3376=ORIENTED_EDGE('',*,*,#2504,.T.);
#3377=ORIENTED_EDGE('',*,*,#2505,.T.);
#3378=ORIENTED_EDGE('',*,*,#2506,.T.);
#3379=ORIENTED_EDGE('',*,*,#2468,.F.);
#3380=ORIENTED_EDGE('',*,*,#2507,.F.);
#3381=ORIENTED_EDGE('',*,*,#2508,.F.);
#3382=ORIENTED_EDGE('',*,*,#2509,.F.);
#3383=ORIENTED_EDGE('',*,*,#2510,.F.);
#3384=ORIENTED_EDGE('',*,*,#2511,.F.);
#3385=ORIENTED_EDGE('',*,*,#2512,.F.);
#3386=ORIENTED_EDGE('',*,*,#2513,.T.);
#3387=ORIENTED_EDGE('',*,*,#2444,.T.);
#3388=ORIENTED_EDGE('',*,*,#2514,.T.);
#3389=ORIENTED_EDGE('',*,*,#2515,.T.);
#3390=ORIENTED_EDGE('',*,*,#2479,.F.);
#3391=ORIENTED_EDGE('',*,*,#2516,.F.);
#3392=ORIENTED_EDGE('',*,*,#2515,.F.);
#3393=ORIENTED_EDGE('',*,*,#2517,.T.);
#3394=ORIENTED_EDGE('',*,*,#2473,.T.);
#3395=ORIENTED_EDGE('',*,*,#2477,.T.);
#3396=ORIENTED_EDGE('',*,*,#2518,.T.);
#3397=ORIENTED_EDGE('',*,*,#2432,.T.);
#3398=ORIENTED_EDGE('',*,*,#2466,.T.);
#3399=ORIENTED_EDGE('',*,*,#2464,.F.);
#3400=ORIENTED_EDGE('',*,*,#2427,.T.);
#3401=ORIENTED_EDGE('',*,*,#2519,.F.);
#3402=ORIENTED_EDGE('',*,*,#2474,.F.);
#3403=ORIENTED_EDGE('',*,*,#2420,.F.);
#3404=ORIENTED_EDGE('',*,*,#2507,.T.);
#3405=ORIENTED_EDGE('',*,*,#2467,.F.);
#3406=ORIENTED_EDGE('',*,*,#2475,.T.);
#3407=ORIENTED_EDGE('',*,*,#2519,.T.);
#3408=ORIENTED_EDGE('',*,*,#2520,.T.);
#3409=ORIENTED_EDGE('',*,*,#2521,.T.);
#3410=ORIENTED_EDGE('',*,*,#2522,.T.);
#3411=ORIENTED_EDGE('',*,*,#2512,.T.);
#3412=ORIENTED_EDGE('',*,*,#2521,.F.);
#3413=ORIENTED_EDGE('',*,*,#2523,.F.);
#3414=ORIENTED_EDGE('',*,*,#2524,.F.);
#3415=ORIENTED_EDGE('',*,*,#2525,.T.);
#3416=ORIENTED_EDGE('',*,*,#2526,.T.);
#3417=ORIENTED_EDGE('',*,*,#2520,.F.);
#3418=ORIENTED_EDGE('',*,*,#2511,.T.);
#3419=ORIENTED_EDGE('',*,*,#2527,.T.);
#3420=ORIENTED_EDGE('',*,*,#2510,.T.);
#3421=ORIENTED_EDGE('',*,*,#2528,.T.);
#3422=ORIENTED_EDGE('',*,*,#2529,.T.);
#3423=ORIENTED_EDGE('',*,*,#2527,.F.);
#3424=ORIENTED_EDGE('',*,*,#2509,.T.);
#3425=ORIENTED_EDGE('',*,*,#2530,.T.);
#3426=ORIENTED_EDGE('',*,*,#2531,.T.);
#3427=ORIENTED_EDGE('',*,*,#2528,.F.);
#3428=ORIENTED_EDGE('',*,*,#2508,.T.);
#3429=ORIENTED_EDGE('',*,*,#2522,.F.);
#3430=ORIENTED_EDGE('',*,*,#2532,.T.);
#3431=ORIENTED_EDGE('',*,*,#2530,.F.);
#3432=ORIENTED_EDGE('',*,*,#2526,.F.);
#3433=ORIENTED_EDGE('',*,*,#2533,.F.);
#3434=ORIENTED_EDGE('',*,*,#2534,.F.);
#3435=ORIENTED_EDGE('',*,*,#2523,.T.);
#3436=ORIENTED_EDGE('',*,*,#2529,.F.);
#3437=ORIENTED_EDGE('',*,*,#2535,.F.);
#3438=ORIENTED_EDGE('',*,*,#2536,.F.);
#3439=ORIENTED_EDGE('',*,*,#2533,.T.);
#3440=ORIENTED_EDGE('',*,*,#2531,.F.);
#3441=ORIENTED_EDGE('',*,*,#2537,.F.);
#3442=ORIENTED_EDGE('',*,*,#2538,.F.);
#3443=ORIENTED_EDGE('',*,*,#2535,.T.);
#3444=ORIENTED_EDGE('',*,*,#2532,.F.);
#3445=ORIENTED_EDGE('',*,*,#2525,.F.);
#3446=ORIENTED_EDGE('',*,*,#2539,.F.);
#3447=ORIENTED_EDGE('',*,*,#2537,.T.);
#3448=ORIENTED_EDGE('',*,*,#2461,.T.);
#3449=ORIENTED_EDGE('',*,*,#2540,.T.);
#3450=ORIENTED_EDGE('',*,*,#2538,.T.);
#3451=ORIENTED_EDGE('',*,*,#2541,.F.);
#3452=ORIENTED_EDGE('',*,*,#2534,.T.);
#3453=ORIENTED_EDGE('',*,*,#2542,.T.);
#3454=ORIENTED_EDGE('',*,*,#2459,.T.);
#3455=ORIENTED_EDGE('',*,*,#2543,.T.);
#3456=ORIENTED_EDGE('',*,*,#2460,.T.);
#3457=ORIENTED_EDGE('',*,*,#2542,.F.);
#3458=ORIENTED_EDGE('',*,*,#2536,.T.);
#3459=ORIENTED_EDGE('',*,*,#2540,.F.);
#3460=ORIENTED_EDGE('',*,*,#2524,.T.);
#3461=ORIENTED_EDGE('',*,*,#2543,.F.);
#3462=ORIENTED_EDGE('',*,*,#2463,.T.);
#3463=ORIENTED_EDGE('',*,*,#2544,.T.);
#3464=ORIENTED_EDGE('',*,*,#2539,.T.);
#3465=ORIENTED_EDGE('',*,*,#2544,.F.);
#3466=ORIENTED_EDGE('',*,*,#2462,.T.);
#3467=ORIENTED_EDGE('',*,*,#2541,.T.);
#3468=ORIENTED_EDGE('',*,*,#2482,.T.);
#3469=ORIENTED_EDGE('',*,*,#2425,.T.);
#3470=ORIENTED_EDGE('',*,*,#2458,.T.);
#3471=ORIENTED_EDGE('',*,*,#2545,.T.);
#3472=ORIENTED_EDGE('',*,*,#2545,.F.);
#3473=ORIENTED_EDGE('',*,*,#2457,.F.);
#3474=ORIENTED_EDGE('',*,*,#2546,.T.);
#3475=ORIENTED_EDGE('',*,*,#2483,.F.);
#3476=ORIENTED_EDGE('',*,*,#2478,.F.);
#3477=ORIENTED_EDGE('',*,*,#2547,.T.);
#3478=ORIENTED_EDGE('',*,*,#2513,.F.);
#3479=ORIENTED_EDGE('',*,*,#2516,.T.);
#3480=ORIENTED_EDGE('',*,*,#2453,.F.);
#3481=ORIENTED_EDGE('',*,*,#2548,.T.);
#3482=ORIENTED_EDGE('',*,*,#2487,.F.);
#3483=ORIENTED_EDGE('',*,*,#2549,.F.);
#3484=ORIENTED_EDGE('',*,*,#2454,.F.);
#3485=ORIENTED_EDGE('',*,*,#2549,.T.);
#3486=ORIENTED_EDGE('',*,*,#2486,.F.);
#3487=ORIENTED_EDGE('',*,*,#2550,.F.);
#3488=ORIENTED_EDGE('',*,*,#2455,.F.);
#3489=ORIENTED_EDGE('',*,*,#2550,.T.);
#3490=ORIENTED_EDGE('',*,*,#2485,.F.);
#3491=ORIENTED_EDGE('',*,*,#2551,.F.);
#3492=ORIENTED_EDGE('',*,*,#2456,.T.);
#3493=ORIENTED_EDGE('',*,*,#2551,.T.);
#3494=ORIENTED_EDGE('',*,*,#2484,.F.);
#3495=ORIENTED_EDGE('',*,*,#2546,.F.);
#3496=ORIENTED_EDGE('',*,*,#2433,.F.);
#3497=ORIENTED_EDGE('',*,*,#2518,.F.);
#3498=ORIENTED_EDGE('',*,*,#2476,.T.);
#3499=ORIENTED_EDGE('',*,*,#2469,.F.);
#3500=ORIENTED_EDGE('',*,*,#2506,.F.);
#3501=ORIENTED_EDGE('',*,*,#2552,.F.);
#3502=ORIENTED_EDGE('',*,*,#2434,.F.);
#3503=ORIENTED_EDGE('',*,*,#2552,.T.);
#3504=ORIENTED_EDGE('',*,*,#2505,.F.);
#3505=ORIENTED_EDGE('',*,*,#2553,.F.);
#3506=ORIENTED_EDGE('',*,*,#2435,.T.);
#3507=ORIENTED_EDGE('',*,*,#2553,.T.);
#3508=ORIENTED_EDGE('',*,*,#2504,.F.);
#3509=ORIENTED_EDGE('',*,*,#2554,.F.);
#3510=ORIENTED_EDGE('',*,*,#2436,.T.);
#3511=ORIENTED_EDGE('',*,*,#2554,.T.);
#3512=ORIENTED_EDGE('',*,*,#2503,.F.);
#3513=ORIENTED_EDGE('',*,*,#2555,.F.);
#3514=ORIENTED_EDGE('',*,*,#2437,.F.);
#3515=ORIENTED_EDGE('',*,*,#2555,.T.);
#3516=ORIENTED_EDGE('',*,*,#2502,.F.);
#3517=ORIENTED_EDGE('',*,*,#2556,.F.);
#3518=ORIENTED_EDGE('',*,*,#2438,.F.);
#3519=ORIENTED_EDGE('',*,*,#2556,.T.);
#3520=ORIENTED_EDGE('',*,*,#2501,.F.);
#3521=ORIENTED_EDGE('',*,*,#2557,.F.);
#3522=ORIENTED_EDGE('',*,*,#2439,.T.);
#3523=ORIENTED_EDGE('',*,*,#2557,.T.);
#3524=ORIENTED_EDGE('',*,*,#2500,.F.);
#3525=ORIENTED_EDGE('',*,*,#2558,.F.);
#3526=ORIENTED_EDGE('',*,*,#2440,.T.);
#3527=ORIENTED_EDGE('',*,*,#2558,.T.);
#3528=ORIENTED_EDGE('',*,*,#2499,.F.);
#3529=ORIENTED_EDGE('',*,*,#2559,.F.);
#3530=ORIENTED_EDGE('',*,*,#2441,.F.);
#3531=ORIENTED_EDGE('',*,*,#2559,.T.);
#3532=ORIENTED_EDGE('',*,*,#2498,.F.);
#3533=ORIENTED_EDGE('',*,*,#2560,.F.);
#3534=ORIENTED_EDGE('',*,*,#2442,.F.);
#3535=ORIENTED_EDGE('',*,*,#2560,.T.);
#3536=ORIENTED_EDGE('',*,*,#2497,.F.);
#3537=ORIENTED_EDGE('',*,*,#2561,.F.);
#3538=ORIENTED_EDGE('',*,*,#2443,.T.);
#3539=ORIENTED_EDGE('',*,*,#2561,.T.);
#3540=ORIENTED_EDGE('',*,*,#2496,.F.);
#3541=ORIENTED_EDGE('',*,*,#2480,.F.);
#3542=ORIENTED_EDGE('',*,*,#2517,.F.);
#3543=ORIENTED_EDGE('',*,*,#2514,.F.);
#3544=ORIENTED_EDGE('',*,*,#2547,.F.);
#3545=ORIENTED_EDGE('',*,*,#2495,.F.);
#3546=ORIENTED_EDGE('',*,*,#2562,.F.);
#3547=ORIENTED_EDGE('',*,*,#2445,.F.);
#3548=ORIENTED_EDGE('',*,*,#2446,.F.);
#3549=ORIENTED_EDGE('',*,*,#2562,.T.);
#3550=ORIENTED_EDGE('',*,*,#2494,.F.);
#3551=ORIENTED_EDGE('',*,*,#2563,.F.);
#3552=ORIENTED_EDGE('',*,*,#2447,.F.);
#3553=ORIENTED_EDGE('',*,*,#2563,.T.);
#3554=ORIENTED_EDGE('',*,*,#2493,.F.);
#3555=ORIENTED_EDGE('',*,*,#2564,.F.);
#3556=ORIENTED_EDGE('',*,*,#2448,.T.);
#3557=ORIENTED_EDGE('',*,*,#2564,.T.);
#3558=ORIENTED_EDGE('',*,*,#2492,.F.);
#3559=ORIENTED_EDGE('',*,*,#2565,.F.);
#3560=ORIENTED_EDGE('',*,*,#2449,.F.);
#3561=ORIENTED_EDGE('',*,*,#2565,.T.);
#3562=ORIENTED_EDGE('',*,*,#2491,.F.);
#3563=ORIENTED_EDGE('',*,*,#2566,.F.);
#3564=ORIENTED_EDGE('',*,*,#2450,.F.);
#3565=ORIENTED_EDGE('',*,*,#2566,.T.);
#3566=ORIENTED_EDGE('',*,*,#2490,.F.);
#3567=ORIENTED_EDGE('',*,*,#2567,.F.);
#3568=ORIENTED_EDGE('',*,*,#2451,.F.);
#3569=ORIENTED_EDGE('',*,*,#2567,.T.);
#3570=ORIENTED_EDGE('',*,*,#2489,.F.);
#3571=ORIENTED_EDGE('',*,*,#2568,.F.);
#3572=ORIENTED_EDGE('',*,*,#2452,.T.);
#3573=ORIENTED_EDGE('',*,*,#2568,.T.);
#3574=ORIENTED_EDGE('',*,*,#2488,.F.);
#3575=ORIENTED_EDGE('',*,*,#2548,.F.);
#3576=ORIENTED_EDGE('',*,*,#2569,.T.);
#3577=ORIENTED_EDGE('',*,*,#2570,.T.);
#3578=ORIENTED_EDGE('',*,*,#2571,.F.);
#3579=ORIENTED_EDGE('',*,*,#2572,.F.);
#3580=ORIENTED_EDGE('',*,*,#2573,.F.);
#3581=ORIENTED_EDGE('',*,*,#2572,.T.);
#3582=ORIENTED_EDGE('',*,*,#2574,.F.);
#3583=ORIENTED_EDGE('',*,*,#2575,.F.);
#3584=ORIENTED_EDGE('',*,*,#2576,.T.);
#3585=ORIENTED_EDGE('',*,*,#2575,.T.);
#3586=ORIENTED_EDGE('',*,*,#2577,.F.);
#3587=ORIENTED_EDGE('',*,*,#2578,.F.);
#3588=ORIENTED_EDGE('',*,*,#2579,.F.);
#3589=ORIENTED_EDGE('',*,*,#2578,.T.);
#3590=ORIENTED_EDGE('',*,*,#2580,.F.);
#3591=ORIENTED_EDGE('',*,*,#2581,.F.);
#3592=ORIENTED_EDGE('',*,*,#2582,.T.);
#3593=ORIENTED_EDGE('',*,*,#2581,.T.);
#3594=ORIENTED_EDGE('',*,*,#2583,.F.);
#3595=ORIENTED_EDGE('',*,*,#2584,.F.);
#3596=ORIENTED_EDGE('',*,*,#2585,.F.);
#3597=ORIENTED_EDGE('',*,*,#2584,.T.);
#3598=ORIENTED_EDGE('',*,*,#2586,.F.);
#3599=ORIENTED_EDGE('',*,*,#2587,.F.);
#3600=ORIENTED_EDGE('',*,*,#2588,.T.);
#3601=ORIENTED_EDGE('',*,*,#2587,.T.);
#3602=ORIENTED_EDGE('',*,*,#2589,.F.);
#3603=ORIENTED_EDGE('',*,*,#2590,.F.);
#3604=ORIENTED_EDGE('',*,*,#2591,.T.);
#3605=ORIENTED_EDGE('',*,*,#2590,.T.);
#3606=ORIENTED_EDGE('',*,*,#2592,.F.);
#3607=ORIENTED_EDGE('',*,*,#2593,.F.);
#3608=ORIENTED_EDGE('',*,*,#2594,.T.);
#3609=ORIENTED_EDGE('',*,*,#2593,.T.);
#3610=ORIENTED_EDGE('',*,*,#2595,.F.);
#3611=ORIENTED_EDGE('',*,*,#2596,.F.);
#3612=ORIENTED_EDGE('',*,*,#2597,.F.);
#3613=ORIENTED_EDGE('',*,*,#2596,.T.);
#3614=ORIENTED_EDGE('',*,*,#2598,.F.);
#3615=ORIENTED_EDGE('',*,*,#2599,.F.);
#3616=ORIENTED_EDGE('',*,*,#2600,.F.);
#3617=ORIENTED_EDGE('',*,*,#2599,.T.);
#3618=ORIENTED_EDGE('',*,*,#2601,.F.);
#3619=ORIENTED_EDGE('',*,*,#2602,.F.);
#3620=ORIENTED_EDGE('',*,*,#2603,.F.);
#3621=ORIENTED_EDGE('',*,*,#2602,.T.);
#3622=ORIENTED_EDGE('',*,*,#2604,.F.);
#3623=ORIENTED_EDGE('',*,*,#2605,.F.);
#3624=ORIENTED_EDGE('',*,*,#2606,.T.);
#3625=ORIENTED_EDGE('',*,*,#2605,.T.);
#3626=ORIENTED_EDGE('',*,*,#2607,.F.);
#3627=ORIENTED_EDGE('',*,*,#2608,.F.);
#3628=ORIENTED_EDGE('',*,*,#2609,.T.);
#3629=ORIENTED_EDGE('',*,*,#2608,.T.);
#3630=ORIENTED_EDGE('',*,*,#2610,.F.);
#3631=ORIENTED_EDGE('',*,*,#2611,.F.);
#3632=ORIENTED_EDGE('',*,*,#2612,.T.);
#3633=ORIENTED_EDGE('',*,*,#2611,.T.);
#3634=ORIENTED_EDGE('',*,*,#2613,.F.);
#3635=ORIENTED_EDGE('',*,*,#2614,.F.);
#3636=ORIENTED_EDGE('',*,*,#2615,.T.);
#3637=ORIENTED_EDGE('',*,*,#2614,.T.);
#3638=ORIENTED_EDGE('',*,*,#2616,.F.);
#3639=ORIENTED_EDGE('',*,*,#2570,.F.);
#3640=ORIENTED_EDGE('',*,*,#2616,.T.);
#3641=ORIENTED_EDGE('',*,*,#2613,.T.);
#3642=ORIENTED_EDGE('',*,*,#2610,.T.);
#3643=ORIENTED_EDGE('',*,*,#2607,.T.);
#3644=ORIENTED_EDGE('',*,*,#2604,.T.);
#3645=ORIENTED_EDGE('',*,*,#2601,.T.);
#3646=ORIENTED_EDGE('',*,*,#2598,.T.);
#3647=ORIENTED_EDGE('',*,*,#2595,.T.);
#3648=ORIENTED_EDGE('',*,*,#2592,.T.);
#3649=ORIENTED_EDGE('',*,*,#2589,.T.);
#3650=ORIENTED_EDGE('',*,*,#2586,.T.);
#3651=ORIENTED_EDGE('',*,*,#2583,.T.);
#3652=ORIENTED_EDGE('',*,*,#2580,.T.);
#3653=ORIENTED_EDGE('',*,*,#2577,.T.);
#3654=ORIENTED_EDGE('',*,*,#2574,.T.);
#3655=ORIENTED_EDGE('',*,*,#2571,.T.);
#3656=ORIENTED_EDGE('',*,*,#2615,.F.);
#3657=ORIENTED_EDGE('',*,*,#2569,.F.);
#3658=ORIENTED_EDGE('',*,*,#2573,.T.);
#3659=ORIENTED_EDGE('',*,*,#2576,.F.);
#3660=ORIENTED_EDGE('',*,*,#2579,.T.);
#3661=ORIENTED_EDGE('',*,*,#2582,.F.);
#3662=ORIENTED_EDGE('',*,*,#2585,.T.);
#3663=ORIENTED_EDGE('',*,*,#2588,.F.);
#3664=ORIENTED_EDGE('',*,*,#2591,.F.);
#3665=ORIENTED_EDGE('',*,*,#2594,.F.);
#3666=ORIENTED_EDGE('',*,*,#2597,.T.);
#3667=ORIENTED_EDGE('',*,*,#2600,.T.);
#3668=ORIENTED_EDGE('',*,*,#2603,.T.);
#3669=ORIENTED_EDGE('',*,*,#2606,.F.);
#3670=ORIENTED_EDGE('',*,*,#2609,.F.);
#3671=ORIENTED_EDGE('',*,*,#2612,.F.);
#3672=ORIENTED_EDGE('',*,*,#2617,.F.);
#3673=ORIENTED_EDGE('',*,*,#2618,.T.);
#3674=ORIENTED_EDGE('',*,*,#2619,.T.);
#3675=ORIENTED_EDGE('',*,*,#2620,.F.);
#3676=ORIENTED_EDGE('',*,*,#2621,.F.);
#3677=ORIENTED_EDGE('',*,*,#2622,.T.);
#3678=ORIENTED_EDGE('',*,*,#2623,.T.);
#3679=ORIENTED_EDGE('',*,*,#2618,.F.);
#3680=ORIENTED_EDGE('',*,*,#2624,.F.);
#3681=ORIENTED_EDGE('',*,*,#2625,.T.);
#3682=ORIENTED_EDGE('',*,*,#2626,.T.);
#3683=ORIENTED_EDGE('',*,*,#2622,.F.);
#3684=ORIENTED_EDGE('',*,*,#2627,.F.);
#3685=ORIENTED_EDGE('',*,*,#2620,.T.);
#3686=ORIENTED_EDGE('',*,*,#2628,.T.);
#3687=ORIENTED_EDGE('',*,*,#2625,.F.);
#3688=ORIENTED_EDGE('',*,*,#2628,.F.);
#3689=ORIENTED_EDGE('',*,*,#2619,.F.);
#3690=ORIENTED_EDGE('',*,*,#2623,.F.);
#3691=ORIENTED_EDGE('',*,*,#2626,.F.);
#3692=ORIENTED_EDGE('',*,*,#2629,.T.);
#3693=ORIENTED_EDGE('',*,*,#2630,.T.);
#3694=ORIENTED_EDGE('',*,*,#2631,.F.);
#3695=ORIENTED_EDGE('',*,*,#2632,.F.);
#3696=ORIENTED_EDGE('',*,*,#2633,.T.);
#3697=ORIENTED_EDGE('',*,*,#2632,.T.);
#3698=ORIENTED_EDGE('',*,*,#2634,.F.);
#3699=ORIENTED_EDGE('',*,*,#2635,.F.);
#3700=ORIENTED_EDGE('',*,*,#2636,.T.);
#3701=ORIENTED_EDGE('',*,*,#2635,.T.);
#3702=ORIENTED_EDGE('',*,*,#2637,.F.);
#3703=ORIENTED_EDGE('',*,*,#2638,.F.);
#3704=ORIENTED_EDGE('',*,*,#2639,.T.);
#3705=ORIENTED_EDGE('',*,*,#2638,.T.);
#3706=ORIENTED_EDGE('',*,*,#2640,.F.);
#3707=ORIENTED_EDGE('',*,*,#2641,.F.);
#3708=ORIENTED_EDGE('',*,*,#2642,.T.);
#3709=ORIENTED_EDGE('',*,*,#2641,.T.);
#3710=ORIENTED_EDGE('',*,*,#2643,.F.);
#3711=ORIENTED_EDGE('',*,*,#2644,.F.);
#3712=ORIENTED_EDGE('',*,*,#2645,.T.);
#3713=ORIENTED_EDGE('',*,*,#2644,.T.);
#3714=ORIENTED_EDGE('',*,*,#2646,.F.);
#3715=ORIENTED_EDGE('',*,*,#2647,.F.);
#3716=ORIENTED_EDGE('',*,*,#2648,.T.);
#3717=ORIENTED_EDGE('',*,*,#2647,.T.);
#3718=ORIENTED_EDGE('',*,*,#2649,.F.);
#3719=ORIENTED_EDGE('',*,*,#2630,.F.);
#3720=ORIENTED_EDGE('',*,*,#2650,.T.);
#3721=ORIENTED_EDGE('',*,*,#2651,.T.);
#3722=ORIENTED_EDGE('',*,*,#2652,.F.);
#3723=ORIENTED_EDGE('',*,*,#2653,.F.);
#3724=ORIENTED_EDGE('',*,*,#2654,.F.);
#3725=ORIENTED_EDGE('',*,*,#2653,.T.);
#3726=ORIENTED_EDGE('',*,*,#2655,.F.);
#3727=ORIENTED_EDGE('',*,*,#2656,.F.);
#3728=ORIENTED_EDGE('',*,*,#2657,.T.);
#3729=ORIENTED_EDGE('',*,*,#2656,.T.);
#3730=ORIENTED_EDGE('',*,*,#2658,.F.);
#3731=ORIENTED_EDGE('',*,*,#2659,.F.);
#3732=ORIENTED_EDGE('',*,*,#2660,.T.);
#3733=ORIENTED_EDGE('',*,*,#2659,.T.);
#3734=ORIENTED_EDGE('',*,*,#2661,.F.);
#3735=ORIENTED_EDGE('',*,*,#2662,.F.);
#3736=ORIENTED_EDGE('',*,*,#2663,.T.);
#3737=ORIENTED_EDGE('',*,*,#2662,.T.);
#3738=ORIENTED_EDGE('',*,*,#2664,.F.);
#3739=ORIENTED_EDGE('',*,*,#2665,.F.);
#3740=ORIENTED_EDGE('',*,*,#2666,.F.);
#3741=ORIENTED_EDGE('',*,*,#2665,.T.);
#3742=ORIENTED_EDGE('',*,*,#2667,.F.);
#3743=ORIENTED_EDGE('',*,*,#2668,.F.);
#3744=ORIENTED_EDGE('',*,*,#2669,.T.);
#3745=ORIENTED_EDGE('',*,*,#2668,.T.);
#3746=ORIENTED_EDGE('',*,*,#2670,.F.);
#3747=ORIENTED_EDGE('',*,*,#2671,.F.);
#3748=ORIENTED_EDGE('',*,*,#2672,.T.);
#3749=ORIENTED_EDGE('',*,*,#2671,.T.);
#3750=ORIENTED_EDGE('',*,*,#2673,.F.);
#3751=ORIENTED_EDGE('',*,*,#2674,.F.);
#3752=ORIENTED_EDGE('',*,*,#2675,.T.);
#3753=ORIENTED_EDGE('',*,*,#2674,.T.);
#3754=ORIENTED_EDGE('',*,*,#2676,.F.);
#3755=ORIENTED_EDGE('',*,*,#2677,.F.);
#3756=ORIENTED_EDGE('',*,*,#2678,.F.);
#3757=ORIENTED_EDGE('',*,*,#2677,.T.);
#3758=ORIENTED_EDGE('',*,*,#2679,.F.);
#3759=ORIENTED_EDGE('',*,*,#2680,.F.);
#3760=ORIENTED_EDGE('',*,*,#2681,.T.);
#3761=ORIENTED_EDGE('',*,*,#2680,.T.);
#3762=ORIENTED_EDGE('',*,*,#2682,.F.);
#3763=ORIENTED_EDGE('',*,*,#2683,.F.);
#3764=ORIENTED_EDGE('',*,*,#2684,.T.);
#3765=ORIENTED_EDGE('',*,*,#2683,.T.);
#3766=ORIENTED_EDGE('',*,*,#2685,.F.);
#3767=ORIENTED_EDGE('',*,*,#2686,.F.);
#3768=ORIENTED_EDGE('',*,*,#2617,.T.);
#3769=ORIENTED_EDGE('',*,*,#2627,.T.);
#3770=ORIENTED_EDGE('',*,*,#2624,.T.);
#3771=ORIENTED_EDGE('',*,*,#2621,.T.);
#3772=ORIENTED_EDGE('',*,*,#2687,.F.);
#3773=ORIENTED_EDGE('',*,*,#2686,.T.);
#3774=ORIENTED_EDGE('',*,*,#2688,.F.);
#3775=ORIENTED_EDGE('',*,*,#2689,.F.);
#3776=ORIENTED_EDGE('',*,*,#2690,.T.);
#3777=ORIENTED_EDGE('',*,*,#2689,.T.);
#3778=ORIENTED_EDGE('',*,*,#2691,.F.);
#3779=ORIENTED_EDGE('',*,*,#2651,.F.);
#3780=ORIENTED_EDGE('',*,*,#2691,.T.);
#3781=ORIENTED_EDGE('',*,*,#2688,.T.);
#3782=ORIENTED_EDGE('',*,*,#2685,.T.);
#3783=ORIENTED_EDGE('',*,*,#2682,.T.);
#3784=ORIENTED_EDGE('',*,*,#2679,.T.);
#3785=ORIENTED_EDGE('',*,*,#2676,.T.);
#3786=ORIENTED_EDGE('',*,*,#2673,.T.);
#3787=ORIENTED_EDGE('',*,*,#2670,.T.);
#3788=ORIENTED_EDGE('',*,*,#2667,.T.);
#3789=ORIENTED_EDGE('',*,*,#2664,.T.);
#3790=ORIENTED_EDGE('',*,*,#2661,.T.);
#3791=ORIENTED_EDGE('',*,*,#2658,.T.);
#3792=ORIENTED_EDGE('',*,*,#2655,.T.);
#3793=ORIENTED_EDGE('',*,*,#2652,.T.);
#3794=ORIENTED_EDGE('',*,*,#2649,.T.);
#3795=ORIENTED_EDGE('',*,*,#2646,.T.);
#3796=ORIENTED_EDGE('',*,*,#2643,.T.);
#3797=ORIENTED_EDGE('',*,*,#2640,.T.);
#3798=ORIENTED_EDGE('',*,*,#2637,.T.);
#3799=ORIENTED_EDGE('',*,*,#2634,.T.);
#3800=ORIENTED_EDGE('',*,*,#2631,.T.);
#3801=ORIENTED_EDGE('',*,*,#2690,.F.);
#3802=ORIENTED_EDGE('',*,*,#2650,.F.);
#3803=ORIENTED_EDGE('',*,*,#2654,.T.);
#3804=ORIENTED_EDGE('',*,*,#2657,.F.);
#3805=ORIENTED_EDGE('',*,*,#2660,.F.);
#3806=ORIENTED_EDGE('',*,*,#2663,.F.);
#3807=ORIENTED_EDGE('',*,*,#2666,.T.);
#3808=ORIENTED_EDGE('',*,*,#2669,.F.);
#3809=ORIENTED_EDGE('',*,*,#2672,.F.);
#3810=ORIENTED_EDGE('',*,*,#2675,.F.);
#3811=ORIENTED_EDGE('',*,*,#2678,.T.);
#3812=ORIENTED_EDGE('',*,*,#2681,.F.);
#3813=ORIENTED_EDGE('',*,*,#2684,.F.);
#3814=ORIENTED_EDGE('',*,*,#2687,.T.);
#3815=ORIENTED_EDGE('',*,*,#2648,.F.);
#3816=ORIENTED_EDGE('',*,*,#2629,.F.);
#3817=ORIENTED_EDGE('',*,*,#2633,.F.);
#3818=ORIENTED_EDGE('',*,*,#2636,.F.);
#3819=ORIENTED_EDGE('',*,*,#2639,.F.);
#3820=ORIENTED_EDGE('',*,*,#2642,.F.);
#3821=ORIENTED_EDGE('',*,*,#2645,.F.);
#3822=PLANE('',#4309);
#3823=PLANE('',#4310);
#3824=PLANE('',#4311);
#3825=PLANE('',#4312);
#3826=PLANE('',#4313);
#3827=PLANE('',#4314);
#3828=PLANE('',#4315);
#3829=PLANE('',#4316);
#3830=PLANE('',#4317);
#3831=PLANE('',#4318);
#3832=PLANE('',#4319);
#3833=PLANE('',#4320);
#3834=PLANE('',#4321);
#3835=PLANE('',#4322);
#3836=PLANE('',#4323);
#3837=PLANE('',#4324);
#3838=PLANE('',#4325);
#3839=PLANE('',#4326);
#3840=PLANE('',#4327);
#3841=PLANE('',#4328);
#3842=PLANE('',#4329);
#3843=PLANE('',#4330);
#3844=PLANE('',#4331);
#3845=PLANE('',#4332);
#3846=PLANE('',#4333);
#3847=PLANE('',#4334);
#3848=PLANE('',#4335);
#3849=PLANE('',#4336);
#3850=PLANE('',#4337);
#3851=PLANE('',#4338);
#3852=PLANE('',#4339);
#3853=PLANE('',#4340);
#3854=PLANE('',#4341);
#3855=PLANE('',#4342);
#3856=PLANE('',#4343);
#3857=PLANE('',#4344);
#3858=PLANE('',#4345);
#3859=PLANE('',#4346);
#3860=PLANE('',#4348);
#3861=PLANE('',#4349);
#3862=PLANE('',#4350);
#3863=PLANE('',#4351);
#3864=PLANE('',#4352);
#3865=PLANE('',#4353);
#3866=PLANE('',#4354);
#3867=PLANE('',#4355);
#3868=PLANE('',#4356);
#3869=PLANE('',#4357);
#3870=PLANE('',#4358);
#3871=PLANE('',#4359);
#3872=PLANE('',#4360);
#3873=PLANE('',#4361);
#3874=PLANE('',#4362);
#3875=PLANE('',#4363);
#3876=PLANE('',#4364);
#3877=PLANE('',#4365);
#3878=PLANE('',#4366);
#3879=PLANE('',#4367);
#3880=PLANE('',#4368);
#3881=PLANE('',#4369);
#3882=PLANE('',#4370);
#3883=PLANE('',#4371);
#3884=PLANE('',#4372);
#3885=PLANE('',#4373);
#3886=PLANE('',#4375);
#3887=PLANE('',#4376);
#3888=PLANE('',#4377);
#3889=PLANE('',#4378);
#3890=PLANE('',#4379);
#3891=PLANE('',#4380);
#3892=PLANE('',#4381);
#3893=PLANE('',#4382);
#3894=PLANE('',#4383);
#3895=PLANE('',#4384);
#3896=PLANE('',#4385);
#3897=PLANE('',#4386);
#3898=PLANE('',#4387);
#3899=PLANE('',#4388);
#3900=PLANE('',#4389);
#3901=PLANE('',#4390);
#3902=PLANE('',#4391);
#3903=PLANE('',#4392);
#3904=PLANE('',#4393);
#3905=PLANE('',#4394);
#3906=PLANE('',#4395);
#3907=PLANE('',#4396);
#3908=PLANE('',#4397);
#3909=PLANE('',#4398);
#3910=PLANE('',#4399);
#3911=PLANE('',#4400);
#3912=PLANE('',#4401);
#3913=PLANE('',#4402);
#3914=PLANE('',#4403);
#3915=PLANE('',#4404);
#3916=PLANE('',#4405);
#3917=PLANE('',#4406);
#3918=PLANE('',#4407);
#3919=PLANE('',#4408);
#3920=PLANE('',#4409);
#3921=PLANE('',#4410);
#3922=PLANE('',#4411);
#3923=PLANE('',#4412);
#3924=PLANE('',#4413);
#3925=PLANE('',#4415);
#3926=PLANE('',#4416);
#3927=PLANE('',#4417);
#3928=PLANE('',#4418);
#3929=PLANE('',#4419);
#3930=PLANE('',#4420);
#3931=PLANE('',#4421);
#3932=PLANE('',#4422);
#3933=PLANE('',#4423);
#3934=PLANE('',#4424);
#3935=PLANE('',#4425);
#3936=PLANE('',#4426);
#3937=PLANE('',#4427);
#3938=PLANE('',#4428);
#3939=PLANE('',#4429);
#3940=PLANE('',#4430);
#3941=PLANE('',#4431);
#3942=PLANE('',#4432);
#3943=PLANE('',#4433);
#3944=PLANE('',#4434);
#3945=PLANE('',#4435);
#3946=PLANE('',#4436);
#3947=PLANE('',#4437);
#3948=PLANE('',#4438);
#3949=PLANE('',#4439);
#3950=PLANE('',#4440);
#3951=PLANE('',#4441);
#3952=PLANE('',#4442);
#3953=PLANE('',#4443);
#3954=PLANE('',#4444);
#3955=PLANE('',#4445);
#3956=PLANE('',#4446);
#3957=PLANE('',#4447);
#3958=PLANE('',#4448);
#3959=PLANE('',#4449);
#3960=PLANE('',#4450);
#3961=PLANE('',#4451);
#3962=PLANE('',#4452);
#3963=PLANE('',#4453);
#3964=PLANE('',#4454);
#3965=PLANE('',#4455);
#3966=PLANE('',#4456);
#3967=PLANE('',#4457);
#3968=PLANE('',#4458);
#3969=PLANE('',#4459);
#3970=PLANE('',#4460);
#3971=PLANE('',#4461);
#3972=PLANE('',#4462);
#3973=PLANE('',#4463);
#3974=PLANE('',#4464);
#3975=PLANE('',#4465);
#3976=PLANE('',#4466);
#3977=PLANE('',#4467);
#3978=PLANE('',#4468);
#3979=PLANE('',#4469);
#3980=PLANE('',#4470);
#3981=PLANE('',#4471);
#3982=PLANE('',#4473);
#3983=PLANE('',#4474);
#3984=PLANE('',#4475);
#3985=PLANE('',#4476);
#3986=PLANE('',#4477);
#3987=PLANE('',#4478);
#3988=PLANE('',#4479);
#3989=PLANE('',#4480);
#3990=PLANE('',#4481);
#3991=PLANE('',#4482);
#3992=PLANE('',#4483);
#3993=PLANE('',#4484);
#3994=PLANE('',#4485);
#3995=PLANE('',#4486);
#3996=PLANE('',#4487);
#3997=PLANE('',#4488);
#3998=PLANE('',#4489);
#3999=PLANE('',#4490);
#4000=PLANE('',#4492);
#4001=PLANE('',#4493);
#4002=PLANE('',#4494);
#4003=PLANE('',#4495);
#4004=PLANE('',#4496);
#4005=PLANE('',#4497);
#4006=PLANE('',#4498);
#4007=PLANE('',#4499);
#4008=PLANE('',#4500);
#4009=PLANE('',#4501);
#4010=PLANE('',#4502);
#4011=PLANE('',#4503);
#4012=PLANE('',#4504);
#4013=PLANE('',#4505);
#4014=PLANE('',#4506);
#4015=PLANE('',#4507);
#4016=PLANE('',#4508);
#4017=PLANE('',#4509);
#4018=PLANE('',#4510);
#4019=PLANE('',#4511);
#4020=PLANE('',#4512);
#4021=PLANE('',#4513);
#4022=PLANE('',#4514);
#4023=PLANE('',#4515);
#4024=PLANE('',#4516);
#4025=PLANE('',#4517);
#4026=PLANE('',#4518);
#4027=PLANE('',#4519);
#4028=ADVANCED_FACE('',(#208),#3822,.T.);
#4029=ADVANCED_FACE('',(#209),#3823,.T.);
#4030=ADVANCED_FACE('',(#210),#3824,.T.);
#4031=ADVANCED_FACE('',(#211),#3825,.T.);
#4032=ADVANCED_FACE('',(#212),#3826,.T.);
#4033=ADVANCED_FACE('',(#213),#3827,.T.);
#4034=ADVANCED_FACE('',(#214),#3828,.T.);
#4035=ADVANCED_FACE('',(#215),#3829,.T.);
#4036=ADVANCED_FACE('',(#216),#3830,.T.);
#4037=ADVANCED_FACE('',(#217),#3831,.T.);
#4038=ADVANCED_FACE('',(#218),#3832,.T.);
#4039=ADVANCED_FACE('',(#219),#3833,.T.);
#4040=ADVANCED_FACE('',(#220),#3834,.T.);
#4041=ADVANCED_FACE('',(#221),#3835,.T.);
#4042=ADVANCED_FACE('',(#222),#3836,.T.);
#4043=ADVANCED_FACE('',(#223),#3837,.T.);
#4044=ADVANCED_FACE('',(#224),#3838,.T.);
#4045=ADVANCED_FACE('',(#225),#3839,.T.);
#4046=ADVANCED_FACE('',(#226),#3840,.T.);
#4047=ADVANCED_FACE('',(#227),#3841,.T.);
#4048=ADVANCED_FACE('',(#228),#3842,.T.);
#4049=ADVANCED_FACE('',(#229),#3843,.T.);
#4050=ADVANCED_FACE('',(#230),#3844,.T.);
#4051=ADVANCED_FACE('',(#231),#3845,.T.);
#4052=ADVANCED_FACE('',(#232),#3846,.T.);
#4053=ADVANCED_FACE('',(#233),#3847,.T.);
#4054=ADVANCED_FACE('',(#234),#3848,.T.);
#4055=ADVANCED_FACE('',(#235),#3849,.T.);
#4056=ADVANCED_FACE('',(#236),#3850,.T.);
#4057=ADVANCED_FACE('',(#237),#3851,.T.);
#4058=ADVANCED_FACE('',(#238),#3852,.T.);
#4059=ADVANCED_FACE('',(#239),#3853,.T.);
#4060=ADVANCED_FACE('',(#240),#3854,.T.);
#4061=ADVANCED_FACE('',(#241),#3855,.T.);
#4062=ADVANCED_FACE('',(#242),#3856,.T.);
#4063=ADVANCED_FACE('',(#243),#3857,.T.);
#4064=ADVANCED_FACE('',(#244),#3858,.T.);
#4065=ADVANCED_FACE('',(#245),#3859,.F.);
#4066=ADVANCED_FACE('',(#246),#3860,.T.);
#4067=ADVANCED_FACE('',(#247),#3861,.T.);
#4068=ADVANCED_FACE('',(#248),#3862,.T.);
#4069=ADVANCED_FACE('',(#249),#3863,.T.);
#4070=ADVANCED_FACE('',(#250),#3864,.T.);
#4071=ADVANCED_FACE('',(#251),#3865,.T.);
#4072=ADVANCED_FACE('',(#252),#3866,.T.);
#4073=ADVANCED_FACE('',(#253),#3867,.T.);
#4074=ADVANCED_FACE('',(#254),#3868,.T.);
#4075=ADVANCED_FACE('',(#255),#3869,.T.);
#4076=ADVANCED_FACE('',(#256),#3870,.T.);
#4077=ADVANCED_FACE('',(#257),#3871,.T.);
#4078=ADVANCED_FACE('',(#258),#3872,.T.);
#4079=ADVANCED_FACE('',(#259),#3873,.T.);
#4080=ADVANCED_FACE('',(#260),#3874,.T.);
#4081=ADVANCED_FACE('',(#261),#3875,.T.);
#4082=ADVANCED_FACE('',(#262),#3876,.T.);
#4083=ADVANCED_FACE('',(#263),#3877,.T.);
#4084=ADVANCED_FACE('',(#264),#3878,.T.);
#4085=ADVANCED_FACE('',(#265),#3879,.T.);
#4086=ADVANCED_FACE('',(#266),#3880,.T.);
#4087=ADVANCED_FACE('',(#267),#3881,.T.);
#4088=ADVANCED_FACE('',(#268),#3882,.T.);
#4089=ADVANCED_FACE('',(#269),#3883,.T.);
#4090=ADVANCED_FACE('',(#270),#3884,.T.);
#4091=ADVANCED_FACE('',(#271),#3885,.F.);
#4092=ADVANCED_FACE('',(#272),#3886,.T.);
#4093=ADVANCED_FACE('',(#273),#3887,.T.);
#4094=ADVANCED_FACE('',(#274),#3888,.T.);
#4095=ADVANCED_FACE('',(#275),#3889,.T.);
#4096=ADVANCED_FACE('',(#276),#3890,.T.);
#4097=ADVANCED_FACE('',(#277),#3891,.T.);
#4098=ADVANCED_FACE('',(#278),#3892,.T.);
#4099=ADVANCED_FACE('',(#279),#3893,.T.);
#4100=ADVANCED_FACE('',(#280),#3894,.T.);
#4101=ADVANCED_FACE('',(#281),#3895,.T.);
#4102=ADVANCED_FACE('',(#282),#3896,.T.);
#4103=ADVANCED_FACE('',(#283),#3897,.T.);
#4104=ADVANCED_FACE('',(#284),#3898,.T.);
#4105=ADVANCED_FACE('',(#285),#3899,.T.);
#4106=ADVANCED_FACE('',(#286),#3900,.T.);
#4107=ADVANCED_FACE('',(#287),#3901,.T.);
#4108=ADVANCED_FACE('',(#288),#3902,.T.);
#4109=ADVANCED_FACE('',(#289),#3903,.T.);
#4110=ADVANCED_FACE('',(#290),#3904,.T.);
#4111=ADVANCED_FACE('',(#291),#3905,.T.);
#4112=ADVANCED_FACE('',(#292),#3906,.T.);
#4113=ADVANCED_FACE('',(#293),#3907,.T.);
#4114=ADVANCED_FACE('',(#294),#3908,.T.);
#4115=ADVANCED_FACE('',(#295),#3909,.T.);
#4116=ADVANCED_FACE('',(#296),#3910,.T.);
#4117=ADVANCED_FACE('',(#297),#3911,.T.);
#4118=ADVANCED_FACE('',(#298),#3912,.T.);
#4119=ADVANCED_FACE('',(#299),#3913,.T.);
#4120=ADVANCED_FACE('',(#300),#3914,.T.);
#4121=ADVANCED_FACE('',(#301),#3915,.T.);
#4122=ADVANCED_FACE('',(#302),#3916,.T.);
#4123=ADVANCED_FACE('',(#303),#3917,.T.);
#4124=ADVANCED_FACE('',(#304),#3918,.T.);
#4125=ADVANCED_FACE('',(#305),#3919,.T.);
#4126=ADVANCED_FACE('',(#306),#3920,.T.);
#4127=ADVANCED_FACE('',(#307),#3921,.T.);
#4128=ADVANCED_FACE('',(#308),#3922,.T.);
#4129=ADVANCED_FACE('',(#309),#3923,.T.);
#4130=ADVANCED_FACE('',(#310),#3924,.F.);
#4131=ADVANCED_FACE('',(#311),#3925,.T.);
#4132=ADVANCED_FACE('',(#312),#3926,.T.);
#4133=ADVANCED_FACE('',(#313),#3927,.T.);
#4134=ADVANCED_FACE('',(#314),#3928,.T.);
#4135=ADVANCED_FACE('',(#315,#179),#3929,.F.);
#4136=ADVANCED_FACE('',(#316),#3930,.T.);
#4137=ADVANCED_FACE('',(#317),#3931,.T.);
#4138=ADVANCED_FACE('',(#318),#3932,.T.);
#4139=ADVANCED_FACE('',(#319),#3933,.T.);
#4140=ADVANCED_FACE('',(#320),#3934,.T.);
#4141=ADVANCED_FACE('',(#321,#180),#3935,.T.);
#4142=ADVANCED_FACE('',(#322),#3936,.T.);
#4143=ADVANCED_FACE('',(#323),#3937,.T.);
#4144=ADVANCED_FACE('',(#324),#3938,.T.);
#4145=ADVANCED_FACE('',(#325),#3939,.T.);
#4146=ADVANCED_FACE('',(#326),#3940,.T.);
#4147=ADVANCED_FACE('',(#327),#3941,.T.);
#4148=ADVANCED_FACE('',(#328),#3942,.T.);
#4149=ADVANCED_FACE('',(#329),#3943,.T.);
#4150=ADVANCED_FACE('',(#330),#3944,.T.);
#4151=ADVANCED_FACE('',(#331),#3945,.T.);
#4152=ADVANCED_FACE('',(#332),#3946,.T.);
#4153=ADVANCED_FACE('',(#333),#3947,.T.);
#4154=ADVANCED_FACE('',(#334),#3948,.T.);
#4155=ADVANCED_FACE('',(#335),#3949,.T.);
#4156=ADVANCED_FACE('',(#336),#3950,.T.);
#4157=ADVANCED_FACE('',(#337),#3951,.T.);
#4158=ADVANCED_FACE('',(#338),#3952,.T.);
#4159=ADVANCED_FACE('',(#339),#3953,.T.);
#4160=ADVANCED_FACE('',(#340),#3954,.T.);
#4161=ADVANCED_FACE('',(#341),#3955,.T.);
#4162=ADVANCED_FACE('',(#342),#3956,.T.);
#4163=ADVANCED_FACE('',(#343),#3957,.T.);
#4164=ADVANCED_FACE('',(#344),#3958,.T.);
#4165=ADVANCED_FACE('',(#345),#3959,.T.);
#4166=ADVANCED_FACE('',(#346),#3960,.T.);
#4167=ADVANCED_FACE('',(#347),#3961,.T.);
#4168=ADVANCED_FACE('',(#348),#3962,.T.);
#4169=ADVANCED_FACE('',(#349),#3963,.T.);
#4170=ADVANCED_FACE('',(#350),#3964,.T.);
#4171=ADVANCED_FACE('',(#351),#3965,.T.);
#4172=ADVANCED_FACE('',(#352),#3966,.T.);
#4173=ADVANCED_FACE('',(#353),#3967,.T.);
#4174=ADVANCED_FACE('',(#354),#3968,.T.);
#4175=ADVANCED_FACE('',(#355),#3969,.T.);
#4176=ADVANCED_FACE('',(#356),#3970,.T.);
#4177=ADVANCED_FACE('',(#357),#3971,.T.);
#4178=ADVANCED_FACE('',(#358),#3972,.T.);
#4179=ADVANCED_FACE('',(#359),#3973,.T.);
#4180=ADVANCED_FACE('',(#360),#3974,.T.);
#4181=ADVANCED_FACE('',(#361),#3975,.T.);
#4182=ADVANCED_FACE('',(#362),#3976,.T.);
#4183=ADVANCED_FACE('',(#363),#3977,.T.);
#4184=ADVANCED_FACE('',(#364),#3978,.T.);
#4185=ADVANCED_FACE('',(#365),#3979,.T.);
#4186=ADVANCED_FACE('',(#366),#3980,.T.);
#4187=ADVANCED_FACE('',(#367),#3981,.T.);
#4188=ADVANCED_FACE('',(#368),#3982,.T.);
#4189=ADVANCED_FACE('',(#369),#3983,.T.);
#4190=ADVANCED_FACE('',(#370),#3984,.T.);
#4191=ADVANCED_FACE('',(#371),#3985,.T.);
#4192=ADVANCED_FACE('',(#372),#3986,.T.);
#4193=ADVANCED_FACE('',(#373),#3987,.T.);
#4194=ADVANCED_FACE('',(#374),#3988,.T.);
#4195=ADVANCED_FACE('',(#375),#3989,.T.);
#4196=ADVANCED_FACE('',(#376),#3990,.T.);
#4197=ADVANCED_FACE('',(#377),#3991,.T.);
#4198=ADVANCED_FACE('',(#378),#3992,.T.);
#4199=ADVANCED_FACE('',(#379),#3993,.T.);
#4200=ADVANCED_FACE('',(#380),#3994,.T.);
#4201=ADVANCED_FACE('',(#381),#3995,.T.);
#4202=ADVANCED_FACE('',(#382),#3996,.T.);
#4203=ADVANCED_FACE('',(#383),#3997,.T.);
#4204=ADVANCED_FACE('',(#384),#3998,.T.);
#4205=ADVANCED_FACE('',(#385),#3999,.F.);
#4206=ADVANCED_FACE('',(#386),#4000,.F.);
#4207=ADVANCED_FACE('',(#387),#4001,.F.);
#4208=ADVANCED_FACE('',(#388),#4002,.F.);
#4209=ADVANCED_FACE('',(#389),#4003,.F.);
#4210=ADVANCED_FACE('',(#390),#4004,.F.);
#4211=ADVANCED_FACE('',(#391),#4005,.T.);
#4212=ADVANCED_FACE('',(#392),#4006,.T.);
#4213=ADVANCED_FACE('',(#393),#4007,.T.);
#4214=ADVANCED_FACE('',(#394),#4008,.T.);
#4215=ADVANCED_FACE('',(#395),#4009,.T.);
#4216=ADVANCED_FACE('',(#396),#4010,.T.);
#4217=ADVANCED_FACE('',(#397),#4011,.T.);
#4218=ADVANCED_FACE('',(#398),#4012,.T.);
#4219=ADVANCED_FACE('',(#399),#4013,.T.);
#4220=ADVANCED_FACE('',(#400),#4014,.T.);
#4221=ADVANCED_FACE('',(#401),#4015,.T.);
#4222=ADVANCED_FACE('',(#402),#4016,.T.);
#4223=ADVANCED_FACE('',(#403),#4017,.T.);
#4224=ADVANCED_FACE('',(#404),#4018,.T.);
#4225=ADVANCED_FACE('',(#405),#4019,.T.);
#4226=ADVANCED_FACE('',(#406),#4020,.T.);
#4227=ADVANCED_FACE('',(#407),#4021,.T.);
#4228=ADVANCED_FACE('',(#408),#4022,.T.);
#4229=ADVANCED_FACE('',(#409,#181),#4023,.T.);
#4230=ADVANCED_FACE('',(#410),#4024,.T.);
#4231=ADVANCED_FACE('',(#411),#4025,.T.);
#4232=ADVANCED_FACE('',(#412,#182),#4026,.T.);
#4233=ADVANCED_FACE('',(#413,#183),#4027,.F.);
#4234=CLOSED_SHELL('',(#4028,#4029,#4030,#4031,#4032,#4033,#4034,#4035,
#4036,#4037,#4038,#4039,#4040,#4041,#4042,#4043,#4044,#4045,#4046,#4047,
#4048,#4049,#4050,#4051,#4052,#4053,#4054,#4055,#4056,#4057,#4058,#4059,
#4060,#4061,#4062,#4063,#4064,#4065));
#4235=CLOSED_SHELL('',(#4066,#4067,#4068,#4069,#4070,#4071,#4072,#4073,
#4074,#4075,#4076,#4077,#4078,#4079,#4080,#4081,#4082,#4083,#4084,#4085,
#4086,#4087,#4088,#4089,#4090,#4091));
#4236=CLOSED_SHELL('',(#4092,#4093,#4094,#4095,#4096,#4097,#4098,#4099,
#4100,#4101,#4102,#4103,#4104,#4105,#4106,#4107,#4108,#4109,#4110,#4111,
#4112,#4113,#4114,#4115,#4116,#4117,#4118,#4119,#4120,#4121,#4122,#4123,
#4124,#4125,#4126,#4127,#4128,#4129,#4130));
#4237=CLOSED_SHELL('',(#4131,#4132,#4133,#4134,#4135,#4136,#4137,#4138,
#4139,#4140,#4141,#4142,#4143,#4144,#4145,#4146,#4147,#4148,#4149,#4150,
#4151,#4152,#4153,#4154,#4155,#4156,#4157,#4158,#4159,#4160,#4161,#4162,
#4163,#4164,#4165,#4166,#4167,#4168,#4169,#4170,#4171,#4172,#4173,#4174,
#4175,#4176,#4177,#4178,#4179,#4180,#4181,#4182,#4183,#4184,#4185,#4186,
#4187));
#4238=CLOSED_SHELL('',(#4188,#4189,#4190,#4191,#4192,#4193,#4194,#4195,
#4196,#4197,#4198,#4199,#4200,#4201,#4202,#4203,#4204,#4205));
#4239=CLOSED_SHELL('',(#4206,#4207,#4208,#4209,#4210,#4211,#4212,#4213,
#4214,#4215,#4216,#4217,#4218,#4219,#4220,#4221,#4222,#4223,#4224,#4225,
#4226,#4227,#4228,#4229,#4230,#4231,#4232,#4233));
#4240=DERIVED_UNIT_ELEMENT(#4252,1.);
#4241=DERIVED_UNIT_ELEMENT(#6846,-3.);
#4242=DERIVED_UNIT_ELEMENT(#4252,1.);
#4243=DERIVED_UNIT_ELEMENT(#6846,-3.);
#4244=DERIVED_UNIT_ELEMENT(#4252,1.);
#4245=DERIVED_UNIT_ELEMENT(#6846,-3.);
#4246=DERIVED_UNIT_ELEMENT(#4252,1.);
#4247=DERIVED_UNIT_ELEMENT(#6846,-3.);
#4248=DERIVED_UNIT_ELEMENT(#4252,1.);
#4249=DERIVED_UNIT_ELEMENT(#6846,-3.);
#4250=DERIVED_UNIT_ELEMENT(#4252,1.);
#4251=DERIVED_UNIT_ELEMENT(#6846,-3.);
#4252=(
MASS_UNIT()
NAMED_UNIT(*)
SI_UNIT(.KILO.,.GRAM.)
);
#4253=DERIVED_UNIT((#4240,#4241));
#4254=DERIVED_UNIT((#4242,#4243));
#4255=DERIVED_UNIT((#4244,#4245));
#4256=DERIVED_UNIT((#4246,#4247));
#4257=DERIVED_UNIT((#4248,#4249));
#4258=DERIVED_UNIT((#4250,#4251));
#4259=MEASURE_REPRESENTATION_ITEM('density measure',
POSITIVE_RATIO_MEASURE(7850.),#4253);
#4260=MEASURE_REPRESENTATION_ITEM('density measure',
POSITIVE_RATIO_MEASURE(7850.),#4254);
#4261=MEASURE_REPRESENTATION_ITEM('density measure',
POSITIVE_RATIO_MEASURE(7850.),#4255);
#4262=MEASURE_REPRESENTATION_ITEM('density measure',
POSITIVE_RATIO_MEASURE(7850.),#4256);
#4263=MEASURE_REPRESENTATION_ITEM('density measure',
POSITIVE_RATIO_MEASURE(7850.),#4257);
#4264=MEASURE_REPRESENTATION_ITEM('density measure',
POSITIVE_RATIO_MEASURE(7850.),#4258);
#4265=PROPERTY_DEFINITION_REPRESENTATION(#4295,#4277);
#4266=PROPERTY_DEFINITION_REPRESENTATION(#4296,#4278);
#4267=PROPERTY_DEFINITION_REPRESENTATION(#4297,#4279);
#4268=PROPERTY_DEFINITION_REPRESENTATION(#4298,#4280);
#4269=PROPERTY_DEFINITION_REPRESENTATION(#4299,#4281);
#4270=PROPERTY_DEFINITION_REPRESENTATION(#4300,#4282);
#4271=PROPERTY_DEFINITION_REPRESENTATION(#4301,#4283);
#4272=PROPERTY_DEFINITION_REPRESENTATION(#4302,#4284);
#4273=PROPERTY_DEFINITION_REPRESENTATION(#4303,#4285);
#4274=PROPERTY_DEFINITION_REPRESENTATION(#4304,#4286);
#4275=PROPERTY_DEFINITION_REPRESENTATION(#4305,#4287);
#4276=PROPERTY_DEFINITION_REPRESENTATION(#4306,#4288);
#4277=REPRESENTATION('material name',(#4289),#6838);
#4278=REPRESENTATION('density',(#4259),#6838);
#4279=REPRESENTATION('material name',(#4290),#6839);
#4280=REPRESENTATION('density',(#4260),#6839);
#4281=REPRESENTATION('material name',(#4291),#6840);
#4282=REPRESENTATION('density',(#4261),#6840);
#4283=REPRESENTATION('material name',(#4292),#6841);
#4284=REPRESENTATION('density',(#4262),#6841);
#4285=REPRESENTATION('material name',(#4293),#6842);
#4286=REPRESENTATION('density',(#4263),#6842);
#4287=REPRESENTATION('material name',(#4294),#6843);
#4288=REPRESENTATION('density',(#4264),#6843);
#4289=DESCRIPTIVE_REPRESENTATION_ITEM('Steel','Steel');
#4290=DESCRIPTIVE_REPRESENTATION_ITEM('Steel','Steel');
#4291=DESCRIPTIVE_REPRESENTATION_ITEM('Steel','Steel');
#4292=DESCRIPTIVE_REPRESENTATION_ITEM('Steel','Steel');
#4293=DESCRIPTIVE_REPRESENTATION_ITEM('Steel','Steel');
#4294=DESCRIPTIVE_REPRESENTATION_ITEM('Steel','Steel');
#4295=PROPERTY_DEFINITION('material property','material name',#6914);
#4296=PROPERTY_DEFINITION('material property','density of part',#6914);
#4297=PROPERTY_DEFINITION('material property','material name',#6915);
#4298=PROPERTY_DEFINITION('material property','density of part',#6915);
#4299=PROPERTY_DEFINITION('material property','material name',#6916);
#4300=PROPERTY_DEFINITION('material property','density of part',#6916);
#4301=PROPERTY_DEFINITION('material property','material name',#6917);
#4302=PROPERTY_DEFINITION('material property','density of part',#6917);
#4303=PROPERTY_DEFINITION('material property','material name',#6918);
#4304=PROPERTY_DEFINITION('material property','density of part',#6918);
#4305=PROPERTY_DEFINITION('material property','material name',#6919);
#4306=PROPERTY_DEFINITION('material property','density of part',#6919);
#4307=AXIS2_PLACEMENT_3D('',#5637,#4562,#4563);
#4308=AXIS2_PLACEMENT_3D('',#5638,#4564,#4565);
#4309=AXIS2_PLACEMENT_3D('',#5639,#4566,#4567);
#4310=AXIS2_PLACEMENT_3D('',#5648,#4572,#4573);
#4311=AXIS2_PLACEMENT_3D('',#5654,#4577,#4578);
#4312=AXIS2_PLACEMENT_3D('',#5660,#4582,#4583);
#4313=AXIS2_PLACEMENT_3D('',#5666,#4587,#4588);
#4314=AXIS2_PLACEMENT_3D('',#5672,#4592,#4593);
#4315=AXIS2_PLACEMENT_3D('',#5678,#4597,#4598);
#4316=AXIS2_PLACEMENT_3D('',#5684,#4602,#4603);
#4317=AXIS2_PLACEMENT_3D('',#5690,#4607,#4608);
#4318=AXIS2_PLACEMENT_3D('',#5696,#4612,#4613);
#4319=AXIS2_PLACEMENT_3D('',#5702,#4617,#4618);
#4320=AXIS2_PLACEMENT_3D('',#5708,#4622,#4623);
#4321=AXIS2_PLACEMENT_3D('',#5714,#4627,#4628);
#4322=AXIS2_PLACEMENT_3D('',#5720,#4632,#4633);
#4323=AXIS2_PLACEMENT_3D('',#5726,#4637,#4638);
#4324=AXIS2_PLACEMENT_3D('',#5732,#4642,#4643);
#4325=AXIS2_PLACEMENT_3D('',#5738,#4647,#4648);
#4326=AXIS2_PLACEMENT_3D('',#5744,#4652,#4653);
#4327=AXIS2_PLACEMENT_3D('',#5750,#4657,#4658);
#4328=AXIS2_PLACEMENT_3D('',#5756,#4662,#4663);
#4329=AXIS2_PLACEMENT_3D('',#5762,#4667,#4668);
#4330=AXIS2_PLACEMENT_3D('',#5768,#4672,#4673);
#4331=AXIS2_PLACEMENT_3D('',#5774,#4677,#4678);
#4332=AXIS2_PLACEMENT_3D('',#5780,#4682,#4683);
#4333=AXIS2_PLACEMENT_3D('',#5786,#4687,#4688);
#4334=AXIS2_PLACEMENT_3D('',#5792,#4692,#4693);
#4335=AXIS2_PLACEMENT_3D('',#5798,#4697,#4698);
#4336=AXIS2_PLACEMENT_3D('',#5804,#4702,#4703);
#4337=AXIS2_PLACEMENT_3D('',#5810,#4707,#4708);
#4338=AXIS2_PLACEMENT_3D('',#5816,#4712,#4713);
#4339=AXIS2_PLACEMENT_3D('',#5822,#4717,#4718);
#4340=AXIS2_PLACEMENT_3D('',#5828,#4722,#4723);
#4341=AXIS2_PLACEMENT_3D('',#5834,#4727,#4728);
#4342=AXIS2_PLACEMENT_3D('',#5840,#4732,#4733);
#4343=AXIS2_PLACEMENT_3D('',#5846,#4737,#4738);
#4344=AXIS2_PLACEMENT_3D('',#5852,#4742,#4743);
#4345=AXIS2_PLACEMENT_3D('',#5855,#4746,#4747);
#4346=AXIS2_PLACEMENT_3D('',#5856,#4748,#4749);
#4347=AXIS2_PLACEMENT_3D('',#5857,#4750,#4751);
#4348=AXIS2_PLACEMENT_3D('',#5858,#4752,#4753);
#4349=AXIS2_PLACEMENT_3D('',#5867,#4758,#4759);
#4350=AXIS2_PLACEMENT_3D('',#5873,#4763,#4764);
#4351=AXIS2_PLACEMENT_3D('',#5879,#4768,#4769);
#4352=AXIS2_PLACEMENT_3D('',#5885,#4773,#4774);
#4353=AXIS2_PLACEMENT_3D('',#5891,#4778,#4779);
#4354=AXIS2_PLACEMENT_3D('',#5897,#4783,#4784);
#4355=AXIS2_PLACEMENT_3D('',#5903,#4788,#4789);
#4356=AXIS2_PLACEMENT_3D('',#5909,#4793,#4794);
#4357=AXIS2_PLACEMENT_3D('',#5915,#4798,#4799);
#4358=AXIS2_PLACEMENT_3D('',#5921,#4803,#4804);
#4359=AXIS2_PLACEMENT_3D('',#5927,#4808,#4809);
#4360=AXIS2_PLACEMENT_3D('',#5933,#4813,#4814);
#4361=AXIS2_PLACEMENT_3D('',#5939,#4818,#4819);
#4362=AXIS2_PLACEMENT_3D('',#5945,#4823,#4824);
#4363=AXIS2_PLACEMENT_3D('',#5951,#4828,#4829);
#4364=AXIS2_PLACEMENT_3D('',#5957,#4833,#4834);
#4365=AXIS2_PLACEMENT_3D('',#5963,#4838,#4839);
#4366=AXIS2_PLACEMENT_3D('',#5969,#4843,#4844);
#4367=AXIS2_PLACEMENT_3D('',#5975,#4848,#4849);
#4368=AXIS2_PLACEMENT_3D('',#5981,#4853,#4854);
#4369=AXIS2_PLACEMENT_3D('',#5987,#4858,#4859);
#4370=AXIS2_PLACEMENT_3D('',#5993,#4863,#4864);
#4371=AXIS2_PLACEMENT_3D('',#5999,#4868,#4869);
#4372=AXIS2_PLACEMENT_3D('',#6002,#4872,#4873);
#4373=AXIS2_PLACEMENT_3D('',#6003,#4874,#4875);
#4374=AXIS2_PLACEMENT_3D('',#6004,#4876,#4877);
#4375=AXIS2_PLACEMENT_3D('',#6005,#4878,#4879);
#4376=AXIS2_PLACEMENT_3D('',#6014,#4884,#4885);
#4377=AXIS2_PLACEMENT_3D('',#6020,#4889,#4890);
#4378=AXIS2_PLACEMENT_3D('',#6026,#4894,#4895);
#4379=AXIS2_PLACEMENT_3D('',#6032,#4899,#4900);
#4380=AXIS2_PLACEMENT_3D('',#6038,#4904,#4905);
#4381=AXIS2_PLACEMENT_3D('',#6044,#4909,#4910);
#4382=AXIS2_PLACEMENT_3D('',#6050,#4914,#4915);
#4383=AXIS2_PLACEMENT_3D('',#6056,#4919,#4920);
#4384=AXIS2_PLACEMENT_3D('',#6062,#4924,#4925);
#4385=AXIS2_PLACEMENT_3D('',#6068,#4929,#4930);
#4386=AXIS2_PLACEMENT_3D('',#6074,#4934,#4935);
#4387=AXIS2_PLACEMENT_3D('',#6080,#4939,#4940);
#4388=AXIS2_PLACEMENT_3D('',#6086,#4944,#4945);
#4389=AXIS2_PLACEMENT_3D('',#6092,#4949,#4950);
#4390=AXIS2_PLACEMENT_3D('',#6098,#4954,#4955);
#4391=AXIS2_PLACEMENT_3D('',#6104,#4959,#4960);
#4392=AXIS2_PLACEMENT_3D('',#6110,#4964,#4965);
#4393=AXIS2_PLACEMENT_3D('',#6116,#4969,#4970);
#4394=AXIS2_PLACEMENT_3D('',#6122,#4974,#4975);
#4395=AXIS2_PLACEMENT_3D('',#6128,#4979,#4980);
#4396=AXIS2_PLACEMENT_3D('',#6134,#4984,#4985);
#4397=AXIS2_PLACEMENT_3D('',#6140,#4989,#4990);
#4398=AXIS2_PLACEMENT_3D('',#6146,#4994,#4995);
#4399=AXIS2_PLACEMENT_3D('',#6152,#4999,#5000);
#4400=AXIS2_PLACEMENT_3D('',#6158,#5004,#5005);
#4401=AXIS2_PLACEMENT_3D('',#6164,#5009,#5010);
#4402=AXIS2_PLACEMENT_3D('',#6170,#5014,#5015);
#4403=AXIS2_PLACEMENT_3D('',#6176,#5019,#5020);
#4404=AXIS2_PLACEMENT_3D('',#6182,#5024,#5025);
#4405=AXIS2_PLACEMENT_3D('',#6188,#5029,#5030);
#4406=AXIS2_PLACEMENT_3D('',#6194,#5034,#5035);
#4407=AXIS2_PLACEMENT_3D('',#6200,#5039,#5040);
#4408=AXIS2_PLACEMENT_3D('',#6206,#5044,#5045);
#4409=AXIS2_PLACEMENT_3D('',#6212,#5049,#5050);
#4410=AXIS2_PLACEMENT_3D('',#6218,#5054,#5055);
#4411=AXIS2_PLACEMENT_3D('',#6224,#5059,#5060);
#4412=AXIS2_PLACEMENT_3D('',#6227,#5063,#5064);
#4413=AXIS2_PLACEMENT_3D('',#6228,#5065,#5066);
#4414=AXIS2_PLACEMENT_3D('',#6229,#5067,#5068);
#4415=AXIS2_PLACEMENT_3D('',#6230,#5069,#5070);
#4416=AXIS2_PLACEMENT_3D('',#6239,#5075,#5076);
#4417=AXIS2_PLACEMENT_3D('',#6249,#5082,#5083);
#4418=AXIS2_PLACEMENT_3D('',#6253,#5086,#5087);
#4419=AXIS2_PLACEMENT_3D('',#6257,#5090,#5091);
#4420=AXIS2_PLACEMENT_3D('',#6323,#5125,#5126);
#4421=AXIS2_PLACEMENT_3D('',#6329,#5130,#5131);
#4422=AXIS2_PLACEMENT_3D('',#6340,#5137,#5138);
#4423=AXIS2_PLACEMENT_3D('',#6347,#5143,#5144);
#4424=AXIS2_PLACEMENT_3D('',#6351,#5147,#5148);
#4425=AXIS2_PLACEMENT_3D('',#6360,#5153,#5154);
#4426=AXIS2_PLACEMENT_3D('',#6420,#5186,#5187);
#4427=AXIS2_PLACEMENT_3D('',#6426,#5191,#5192);
#4428=AXIS2_PLACEMENT_3D('',#6429,#5195,#5196);
#4429=AXIS2_PLACEMENT_3D('',#6431,#5198,#5199);
#4430=AXIS2_PLACEMENT_3D('',#6433,#5201,#5202);
#4431=AXIS2_PLACEMENT_3D('',#6434,#5203,#5204);
#4432=AXIS2_PLACEMENT_3D('',#6440,#5208,#5209);
#4433=AXIS2_PLACEMENT_3D('',#6446,#5213,#5214);
#4434=AXIS2_PLACEMENT_3D('',#6450,#5217,#5218);
#4435=AXIS2_PLACEMENT_3D('',#6454,#5221,#5222);
#4436=AXIS2_PLACEMENT_3D('',#6458,#5225,#5226);
#4437=AXIS2_PLACEMENT_3D('',#6460,#5228,#5229);
#4438=AXIS2_PLACEMENT_3D('',#6464,#5232,#5233);
#4439=AXIS2_PLACEMENT_3D('',#6468,#5236,#5237);
#4440=AXIS2_PLACEMENT_3D('',#6472,#5240,#5241);
#4441=AXIS2_PLACEMENT_3D('',#6474,#5243,#5244);
#4442=AXIS2_PLACEMENT_3D('',#6477,#5247,#5248);
#4443=AXIS2_PLACEMENT_3D('',#6480,#5251,#5252);
#4444=AXIS2_PLACEMENT_3D('',#6481,#5253,#5254);
#4445=AXIS2_PLACEMENT_3D('',#6483,#5256,#5257);
#4446=AXIS2_PLACEMENT_3D('',#6484,#5258,#5259);
#4447=AXIS2_PLACEMENT_3D('',#6486,#5261,#5262);
#4448=AXIS2_PLACEMENT_3D('',#6488,#5264,#5265);
#4449=AXIS2_PLACEMENT_3D('',#6490,#5267,#5268);
#4450=AXIS2_PLACEMENT_3D('',#6493,#5271,#5272);
#4451=AXIS2_PLACEMENT_3D('',#6495,#5274,#5275);
#4452=AXIS2_PLACEMENT_3D('',#6497,#5277,#5278);
#4453=AXIS2_PLACEMENT_3D('',#6498,#5279,#5280);
#4454=AXIS2_PLACEMENT_3D('',#6500,#5282,#5283);
#4455=AXIS2_PLACEMENT_3D('',#6502,#5285,#5286);
#4456=AXIS2_PLACEMENT_3D('',#6504,#5288,#5289);
#4457=AXIS2_PLACEMENT_3D('',#6506,#5291,#5292);
#4458=AXIS2_PLACEMENT_3D('',#6508,#5294,#5295);
#4459=AXIS2_PLACEMENT_3D('',#6510,#5297,#5298);
#4460=AXIS2_PLACEMENT_3D('',#6512,#5300,#5301);
#4461=AXIS2_PLACEMENT_3D('',#6514,#5303,#5304);
#4462=AXIS2_PLACEMENT_3D('',#6516,#5306,#5307);
#4463=AXIS2_PLACEMENT_3D('',#6518,#5309,#5310);
#4464=AXIS2_PLACEMENT_3D('',#6519,#5311,#5312);
#4465=AXIS2_PLACEMENT_3D('',#6521,#5314,#5315);
#4466=AXIS2_PLACEMENT_3D('',#6523,#5317,#5318);
#4467=AXIS2_PLACEMENT_3D('',#6525,#5320,#5321);
#4468=AXIS2_PLACEMENT_3D('',#6527,#5323,#5324);
#4469=AXIS2_PLACEMENT_3D('',#6529,#5326,#5327);
#4470=AXIS2_PLACEMENT_3D('',#6531,#5329,#5330);
#4471=AXIS2_PLACEMENT_3D('',#6533,#5332,#5333);
#4472=AXIS2_PLACEMENT_3D('',#6534,#5334,#5335);
#4473=AXIS2_PLACEMENT_3D('',#6535,#5336,#5337);
#4474=AXIS2_PLACEMENT_3D('',#6544,#5342,#5343);
#4475=AXIS2_PLACEMENT_3D('',#6550,#5347,#5348);
#4476=AXIS2_PLACEMENT_3D('',#6556,#5352,#5353);
#4477=AXIS2_PLACEMENT_3D('',#6562,#5357,#5358);
#4478=AXIS2_PLACEMENT_3D('',#6568,#5362,#5363);
#4479=AXIS2_PLACEMENT_3D('',#6574,#5367,#5368);
#4480=AXIS2_PLACEMENT_3D('',#6580,#5372,#5373);
#4481=AXIS2_PLACEMENT_3D('',#6586,#5377,#5378);
#4482=AXIS2_PLACEMENT_3D('',#6592,#5382,#5383);
#4483=AXIS2_PLACEMENT_3D('',#6598,#5387,#5388);
#4484=AXIS2_PLACEMENT_3D('',#6604,#5392,#5393);
#4485=AXIS2_PLACEMENT_3D('',#6610,#5397,#5398);
#4486=AXIS2_PLACEMENT_3D('',#6616,#5402,#5403);
#4487=AXIS2_PLACEMENT_3D('',#6622,#5407,#5408);
#4488=AXIS2_PLACEMENT_3D('',#6628,#5412,#5413);
#4489=AXIS2_PLACEMENT_3D('',#6631,#5416,#5417);
#4490=AXIS2_PLACEMENT_3D('',#6632,#5418,#5419);
#4491=AXIS2_PLACEMENT_3D('',#6633,#5420,#5421);
#4492=AXIS2_PLACEMENT_3D('',#6634,#5422,#5423);
#4493=AXIS2_PLACEMENT_3D('',#6643,#5428,#5429);
#4494=AXIS2_PLACEMENT_3D('',#6649,#5433,#5434);
#4495=AXIS2_PLACEMENT_3D('',#6655,#5438,#5439);
#4496=AXIS2_PLACEMENT_3D('',#6658,#5442,#5443);
#4497=AXIS2_PLACEMENT_3D('',#6659,#5444,#5445);
#4498=AXIS2_PLACEMENT_3D('',#6668,#5450,#5451);
#4499=AXIS2_PLACEMENT_3D('',#6674,#5455,#5456);
#4500=AXIS2_PLACEMENT_3D('',#6680,#5460,#5461);
#4501=AXIS2_PLACEMENT_3D('',#6686,#5465,#5466);
#4502=AXIS2_PLACEMENT_3D('',#6692,#5470,#5471);
#4503=AXIS2_PLACEMENT_3D('',#6698,#5475,#5476);
#4504=AXIS2_PLACEMENT_3D('',#6701,#5479,#5480);
#4505=AXIS2_PLACEMENT_3D('',#6710,#5485,#5486);
#4506=AXIS2_PLACEMENT_3D('',#6716,#5490,#5491);
#4507=AXIS2_PLACEMENT_3D('',#6722,#5495,#5496);
#4508=AXIS2_PLACEMENT_3D('',#6728,#5500,#5501);
#4509=AXIS2_PLACEMENT_3D('',#6734,#5505,#5506);
#4510=AXIS2_PLACEMENT_3D('',#6740,#5510,#5511);
#4511=AXIS2_PLACEMENT_3D('',#6746,#5515,#5516);
#4512=AXIS2_PLACEMENT_3D('',#6752,#5520,#5521);
#4513=AXIS2_PLACEMENT_3D('',#6758,#5525,#5526);
#4514=AXIS2_PLACEMENT_3D('',#6764,#5530,#5531);
#4515=AXIS2_PLACEMENT_3D('',#6770,#5535,#5536);
#4516=AXIS2_PLACEMENT_3D('',#6776,#5540,#5541);
#4517=AXIS2_PLACEMENT_3D('',#6782,#5545,#5546);
#4518=AXIS2_PLACEMENT_3D('',#6785,#5549,#5550);
#4519=AXIS2_PLACEMENT_3D('',#6786,#5551,#5552);
#4520=AXIS2_PLACEMENT_3D('',#6787,#5553,#5554);
#4521=AXIS2_PLACEMENT_3D('',#6788,#5555,#5556);
#4522=AXIS2_PLACEMENT_3D('',#6789,#5557,#5558);
#4523=AXIS2_PLACEMENT_3D('',#6790,#5559,#5560);
#4524=AXIS2_PLACEMENT_3D('',#6791,#5561,#5562);
#4525=AXIS2_PLACEMENT_3D('',#6792,#5563,#5564);
#4526=AXIS2_PLACEMENT_3D('',#6793,#5565,#5566);
#4527=AXIS2_PLACEMENT_3D('',#6794,#5567,#5568);
#4528=AXIS2_PLACEMENT_3D('',#6795,#5569,#5570);
#4529=AXIS2_PLACEMENT_3D('',#6796,#5571,#5572);
#4530=AXIS2_PLACEMENT_3D('',#6797,#5573,#5574);
#4531=AXIS2_PLACEMENT_3D('',#6798,#5575,#5576);
#4532=AXIS2_PLACEMENT_3D('',#6799,#5577,#5578);
#4533=AXIS2_PLACEMENT_3D('',#6800,#5579,#5580);
#4534=AXIS2_PLACEMENT_3D('',#6801,#5581,#5582);
#4535=AXIS2_PLACEMENT_3D('',#6802,#5583,#5584);
#4536=AXIS2_PLACEMENT_3D('',#6803,#5585,#5586);
#4537=AXIS2_PLACEMENT_3D('',#6804,#5587,#5588);
#4538=AXIS2_PLACEMENT_3D('',#6805,#5589,#5590);
#4539=AXIS2_PLACEMENT_3D('',#6806,#5591,#5592);
#4540=AXIS2_PLACEMENT_3D('',#6807,#5593,#5594);
#4541=AXIS2_PLACEMENT_3D('',#6808,#5595,#5596);
#4542=AXIS2_PLACEMENT_3D('',#6809,#5597,#5598);
#4543=AXIS2_PLACEMENT_3D('',#6810,#5599,#5600);
#4544=AXIS2_PLACEMENT_3D('',#6811,#5601,#5602);
#4545=AXIS2_PLACEMENT_3D('',#6812,#5603,#5604);
#4546=AXIS2_PLACEMENT_3D('',#6813,#5605,#5606);
#4547=AXIS2_PLACEMENT_3D('',#6814,#5607,#5608);
#4548=AXIS2_PLACEMENT_3D('',#6815,#5609,#5610);
#4549=AXIS2_PLACEMENT_3D('',#6816,#5611,#5612);
#4550=AXIS2_PLACEMENT_3D('',#6817,#5613,#5614);
#4551=AXIS2_PLACEMENT_3D('',#6818,#5615,#5616);
#4552=AXIS2_PLACEMENT_3D('',#6819,#5617,#5618);
#4553=AXIS2_PLACEMENT_3D('',#6820,#5619,#5620);
#4554=AXIS2_PLACEMENT_3D('',#6821,#5621,#5622);
#4555=AXIS2_PLACEMENT_3D('',#6822,#5623,#5624);
#4556=AXIS2_PLACEMENT_3D('',#6823,#5625,#5626);
#4557=AXIS2_PLACEMENT_3D('',#6824,#5627,#5628);
#4558=AXIS2_PLACEMENT_3D('',#6825,#5629,#5630);
#4559=AXIS2_PLACEMENT_3D('',#6826,#5631,#5632);
#4560=AXIS2_PLACEMENT_3D('',#6827,#5633,#5634);
#4561=AXIS2_PLACEMENT_3D('',#6828,#5635,#5636);
#4562=DIRECTION('axis',(0.,0.,1.));
#4563=DIRECTION('refdir',(1.,0.,0.));
#4564=DIRECTION('axis',(0.,0.,1.));
#4565=DIRECTION('refdir',(1.,0.,0.));
#4566=DIRECTION('center_axis',(-2.22044596003298E-15,0.,1.));
#4567=DIRECTION('ref_axis',(1.,0.,2.22044596003298E-15));
#4568=DIRECTION('',(-1.,0.,-2.22044596003298E-15));
#4569=DIRECTION('',(0.,1.,0.));
#4570=DIRECTION('',(1.,0.,2.22044596003298E-15));
#4571=DIRECTION('',(0.,1.,0.));
#4572=DIRECTION('center_axis',(-1.,0.,4.26325641456059E-15));
#4573=DIRECTION('ref_axis',(4.26325641456059E-15,0.,1.));
#4574=DIRECTION('',(-4.26325641456059E-15,0.,-1.));
#4575=DIRECTION('',(4.26325641456059E-15,0.,1.));
#4576=DIRECTION('',(0.,1.,0.));
#4577=DIRECTION('center_axis',(1.16732019135431E-15,0.,-1.));
#4578=DIRECTION('ref_axis',(-1.,0.,-1.16732019135431E-15));
#4579=DIRECTION('',(-1.,0.,-1.16732019135431E-15));
#4580=DIRECTION('',(-1.,0.,-1.16732019135431E-15));
#4581=DIRECTION('',(0.,1.,0.));
#4582=DIRECTION('center_axis',(1.,0.,4.58414661401412E-16));
#4583=DIRECTION('ref_axis',(4.58414661401412E-16,0.,-1.));
#4584=DIRECTION('',(4.58414661401412E-16,0.,-1.));
#4585=DIRECTION('',(4.58414661401412E-16,0.,-1.));
#4586=DIRECTION('',(0.,1.,0.));
#4587=DIRECTION('center_axis',(-1.01506105108586E-15,0.,1.));
#4588=DIRECTION('ref_axis',(1.,0.,1.01506105108586E-15));
#4589=DIRECTION('',(1.,0.,1.01506105108586E-15));
#4590=DIRECTION('',(1.,0.,1.01506105108586E-15));
#4591=DIRECTION('',(0.,1.,0.));
#4592=DIRECTION('center_axis',(1.,0.,0.));
#4593=DIRECTION('ref_axis',(0.,0.,-1.));
#4594=DIRECTION('',(0.,0.,-1.));
#4595=DIRECTION('',(0.,0.,-1.));
#4596=DIRECTION('',(0.,1.,0.));
#4597=DIRECTION('center_axis',(0.707106781186573,0.,0.707106781186522));
#4598=DIRECTION('ref_axis',(0.707106781186522,0.,-0.707106781186573));
#4599=DIRECTION('',(0.707106781186522,0.,-0.707106781186573));
#4600=DIRECTION('',(0.707106781186522,0.,-0.707106781186573));
#4601=DIRECTION('',(0.,1.,0.));
#4602=DIRECTION('center_axis',(0.,0.,1.));
#4603=DIRECTION('ref_axis',(1.,0.,0.));
#4604=DIRECTION('',(1.,0.,0.));
#4605=DIRECTION('',(1.,0.,0.));
#4606=DIRECTION('',(0.,1.,0.));
#4607=DIRECTION('center_axis',(-0.707106781186548,0.,0.707106781186548));
#4608=DIRECTION('ref_axis',(0.707106781186548,0.,0.707106781186548));
#4609=DIRECTION('',(-0.707106781186547,0.,-0.707106781186547));
#4610=DIRECTION('',(0.707106781186547,0.,0.707106781186547));
#4611=DIRECTION('',(0.,1.,0.));
#4612=DIRECTION('center_axis',(-1.,0.,0.));
#4613=DIRECTION('ref_axis',(0.,0.,1.));
#4614=DIRECTION('',(0.,0.,1.));
#4615=DIRECTION('',(0.,0.,1.));
#4616=DIRECTION('',(0.,1.,0.));
#4617=DIRECTION('center_axis',(1.01506105108585E-15,0.,1.));
#4618=DIRECTION('ref_axis',(1.,0.,-1.01506105108585E-15));
#4619=DIRECTION('',(1.,0.,-1.01506105108585E-15));
#4620=DIRECTION('',(1.,0.,-1.01506105108585E-15));
#4621=DIRECTION('',(0.,1.,0.));
#4622=DIRECTION('center_axis',(-1.,0.,0.));
#4623=DIRECTION('ref_axis',(0.,0.,1.));
#4624=DIRECTION('',(0.,0.,1.));
#4625=DIRECTION('',(0.,0.,1.));
#4626=DIRECTION('',(0.,1.,0.));
#4627=DIRECTION('center_axis',(0.499999999999984,0.,-0.866025403784448));
#4628=DIRECTION('ref_axis',(-0.866025403784448,0.,-0.499999999999984));
#4629=DIRECTION('',(-0.866025403784448,0.,-0.499999999999984));
#4630=DIRECTION('',(-0.866025403784448,0.,-0.499999999999984));
#4631=DIRECTION('',(0.,1.,0.));
#4632=DIRECTION('center_axis',(-1.,0.,0.));
#4633=DIRECTION('ref_axis',(0.,0.,1.));
#4634=DIRECTION('',(0.,0.,1.));
#4635=DIRECTION('',(0.,0.,1.));
#4636=DIRECTION('',(0.,1.,0.));
#4637=DIRECTION('center_axis',(0.499999999999984,0.,0.866025403784448));
#4638=DIRECTION('ref_axis',(0.866025403784448,0.,-0.499999999999984));
#4639=DIRECTION('',(0.866025403784448,0.,-0.499999999999984));
#4640=DIRECTION('',(0.866025403784448,0.,-0.499999999999984));
#4641=DIRECTION('',(0.,1.,0.));
#4642=DIRECTION('center_axis',(-1.,0.,0.));
#4643=DIRECTION('ref_axis',(0.,0.,1.));
#4644=DIRECTION('',(0.,0.,1.));
#4645=DIRECTION('',(0.,0.,1.));
#4646=DIRECTION('',(0.,1.,0.));
#4647=DIRECTION('center_axis',(0.499999999999984,0.,-0.866025403784448));
#4648=DIRECTION('ref_axis',(-0.866025403784448,0.,-0.499999999999984));
#4649=DIRECTION('',(-0.866025403784448,0.,-0.499999999999984));
#4650=DIRECTION('',(-0.866025403784448,0.,-0.499999999999984));
#4651=DIRECTION('',(0.,1.,0.));
#4652=DIRECTION('center_axis',(-1.,0.,0.));
#4653=DIRECTION('ref_axis',(0.,0.,1.));
#4654=DIRECTION('',(0.,0.,1.));
#4655=DIRECTION('',(0.,0.,1.));
#4656=DIRECTION('',(0.,1.,0.));
#4657=DIRECTION('center_axis',(0.499999999999984,0.,0.866025403784448));
#4658=DIRECTION('ref_axis',(0.866025403784448,0.,-0.499999999999984));
#4659=DIRECTION('',(0.866025403784448,0.,-0.499999999999984));
#4660=DIRECTION('',(0.866025403784448,0.,-0.499999999999984));
#4661=DIRECTION('',(0.,1.,0.));
#4662=DIRECTION('center_axis',(-1.,0.,0.));
#4663=DIRECTION('ref_axis',(0.,0.,1.));
#4664=DIRECTION('',(0.,0.,1.));
#4665=DIRECTION('',(0.,0.,1.));
#4666=DIRECTION('',(0.,1.,0.));
#4667=DIRECTION('center_axis',(0.499999999999984,0.,-0.866025403784448));
#4668=DIRECTION('ref_axis',(-0.866025403784448,0.,-0.499999999999984));
#4669=DIRECTION('',(-0.866025403784448,0.,-0.499999999999984));
#4670=DIRECTION('',(-0.866025403784448,0.,-0.499999999999984));
#4671=DIRECTION('',(0.,1.,0.));
#4672=DIRECTION('center_axis',(-1.,0.,0.));
#4673=DIRECTION('ref_axis',(0.,0.,1.));
#4674=DIRECTION('',(0.,0.,1.));
#4675=DIRECTION('',(0.,0.,1.));
#4676=DIRECTION('',(0.,1.,0.));
#4677=DIRECTION('center_axis',(0.499999999999984,0.,0.866025403784448));
#4678=DIRECTION('ref_axis',(0.866025403784448,0.,-0.499999999999984));
#4679=DIRECTION('',(0.866025403784448,0.,-0.499999999999984));
#4680=DIRECTION('',(0.866025403784448,0.,-0.499999999999984));
#4681=DIRECTION('',(0.,1.,0.));
#4682=DIRECTION('center_axis',(-1.,0.,-1.01506102191508E-14));
#4683=DIRECTION('ref_axis',(-1.01506102191508E-14,0.,1.));
#4684=DIRECTION('',(-1.01506102191508E-14,0.,1.));
#4685=DIRECTION('',(-1.01506102191508E-14,0.,1.));
#4686=DIRECTION('',(0.,1.,0.));
#4687=DIRECTION('center_axis',(3.1720657711383E-16,0.,1.));
#4688=DIRECTION('ref_axis',(1.,0.,-3.1720657711383E-16));
#4689=DIRECTION('',(1.,0.,-3.1720657711383E-16));
#4690=DIRECTION('',(1.,0.,-3.1720657711383E-16));
#4691=DIRECTION('',(0.,1.,0.));
#4692=DIRECTION('center_axis',(-0.866025403784442,0.,-0.499999999999994));
#4693=DIRECTION('ref_axis',(-0.499999999999994,0.,0.866025403784442));
#4694=DIRECTION('',(-0.499999999999994,0.,0.866025403784442));
#4695=DIRECTION('',(-0.499999999999994,0.,0.866025403784442));
#4696=DIRECTION('',(0.,1.,0.));
#4697=DIRECTION('center_axis',(-1.97372980848434E-15,0.,1.));
#4698=DIRECTION('ref_axis',(1.,0.,1.97372980848434E-15));
#4699=DIRECTION('',(1.,0.,1.97372980848434E-15));
#4700=DIRECTION('',(1.,0.,1.97372980848434E-15));
#4701=DIRECTION('',(0.,1.,0.));
#4702=DIRECTION('center_axis',(0.866025403784443,0.,-0.499999999999993));
#4703=DIRECTION('ref_axis',(-0.499999999999993,0.,-0.866025403784443));
#4704=DIRECTION('',(-0.499999999999993,0.,-0.866025403784443));
#4705=DIRECTION('',(-0.499999999999993,0.,-0.866025403784443));
#4706=DIRECTION('',(0.,1.,0.));
#4707=DIRECTION('center_axis',(0.,0.,1.));
#4708=DIRECTION('ref_axis',(1.,0.,0.));
#4709=DIRECTION('',(1.,0.,0.));
#4710=DIRECTION('',(1.,0.,0.));
#4711=DIRECTION('',(0.,1.,0.));
#4712=DIRECTION('center_axis',(-0.866025403784444,0.,-0.499999999999991));
#4713=DIRECTION('ref_axis',(-0.499999999999991,0.,0.866025403784444));
#4714=DIRECTION('',(-0.499999999999991,0.,0.866025403784444));
#4715=DIRECTION('',(-0.499999999999991,0.,0.866025403784444));
#4716=DIRECTION('',(0.,1.,0.));
#4717=DIRECTION('center_axis',(-1.97372980848434E-15,0.,1.));
#4718=DIRECTION('ref_axis',(1.,0.,1.97372980848434E-15));
#4719=DIRECTION('',(1.,0.,1.97372980848434E-15));
#4720=DIRECTION('',(1.,0.,1.97372980848434E-15));
#4721=DIRECTION('',(0.,1.,0.));
#4722=DIRECTION('center_axis',(0.866025403784445,0.,-0.499999999999988));
#4723=DIRECTION('ref_axis',(-0.499999999999988,0.,-0.866025403784445));
#4724=DIRECTION('',(-0.499999999999988,0.,-0.866025403784445));
#4725=DIRECTION('',(-0.499999999999988,0.,-0.866025403784445));
#4726=DIRECTION('',(0.,1.,0.));
#4727=DIRECTION('center_axis',(0.,0.,1.));
#4728=DIRECTION('ref_axis',(1.,0.,0.));
#4729=DIRECTION('',(1.,0.,0.));
#4730=DIRECTION('',(1.,0.,0.));
#4731=DIRECTION('',(0.,1.,0.));
#4732=DIRECTION('center_axis',(-0.866025403784446,0.,-0.499999999999987));
#4733=DIRECTION('ref_axis',(-0.499999999999987,0.,0.866025403784446));
#4734=DIRECTION('',(-0.499999999999987,0.,0.866025403784446));
#4735=DIRECTION('',(-0.499999999999987,0.,0.866025403784446));
#4736=DIRECTION('',(0.,1.,0.));
#4737=DIRECTION('center_axis',(-1.97372980848434E-15,0.,1.));
#4738=DIRECTION('ref_axis',(1.,0.,1.97372980848434E-15));
#4739=DIRECTION('',(1.,0.,1.97372980848434E-15));
#4740=DIRECTION('',(1.,0.,1.97372980848434E-15));
#4741=DIRECTION('',(0.,1.,0.));
#4742=DIRECTION('center_axis',(0.866025403784447,0.,-0.499999999999985));
#4743=DIRECTION('ref_axis',(-0.499999999999985,0.,-0.866025403784447));
#4744=DIRECTION('',(-0.499999999999985,0.,-0.866025403784447));
#4745=DIRECTION('',(-0.499999999999985,0.,-0.866025403784447));
#4746=DIRECTION('center_axis',(0.,1.,0.));
#4747=DIRECTION('ref_axis',(0.,0.,1.));
#4748=DIRECTION('center_axis',(0.,1.,0.));
#4749=DIRECTION('ref_axis',(1.,0.,0.));
#4750=DIRECTION('axis',(0.,0.,1.));
#4751=DIRECTION('refdir',(1.,0.,0.));
#4752=DIRECTION('center_axis',(0.447213595499958,0.,0.894427190999916));
#4753=DIRECTION('ref_axis',(0.894427190999916,0.,-0.447213595499958));
#4754=DIRECTION('',(-0.894427190999916,0.,0.447213595499958));
#4755=DIRECTION('',(0.,1.,0.));
#4756=DIRECTION('',(0.894427190999916,0.,-0.447213595499958));
#4757=DIRECTION('',(0.,1.,0.));
#4758=DIRECTION('center_axis',(-1.,0.,0.));
#4759=DIRECTION('ref_axis',(0.,0.,1.));
#4760=DIRECTION('',(0.,0.,1.));
#4761=DIRECTION('',(0.,0.,1.));
#4762=DIRECTION('',(0.,1.,0.));
#4763=DIRECTION('center_axis',(0.,0.,-1.));
#4764=DIRECTION('ref_axis',(-1.,0.,0.));
#4765=DIRECTION('',(-1.,0.,0.));
#4766=DIRECTION('',(-1.,0.,0.));
#4767=DIRECTION('',(0.,1.,0.));
#4768=DIRECTION('center_axis',(0.707106781186549,0.,-0.707106781186546));
#4769=DIRECTION('ref_axis',(-0.707106781186546,0.,-0.707106781186549));
#4770=DIRECTION('',(0.707106781186546,0.,0.707106781186549));
#4771=DIRECTION('',(-0.707106781186546,0.,-0.707106781186549));
#4772=DIRECTION('',(0.,1.,0.));
#4773=DIRECTION('center_axis',(1.,0.,0.));
#4774=DIRECTION('ref_axis',(0.,0.,-1.));
#4775=DIRECTION('',(0.,0.,1.));
#4776=DIRECTION('',(0.,0.,-1.));
#4777=DIRECTION('',(0.,1.,0.));
#4778=DIRECTION('center_axis',(0.707106781186549,0.,-0.707106781186546));
#4779=DIRECTION('ref_axis',(-0.707106781186546,0.,-0.707106781186549));
#4780=DIRECTION('',(0.707106781186546,0.,0.707106781186549));
#4781=DIRECTION('',(-0.707106781186546,0.,-0.707106781186549));
#4782=DIRECTION('',(0.,1.,0.));
#4783=DIRECTION('center_axis',(0.,0.,-1.));
#4784=DIRECTION('ref_axis',(-1.,0.,0.));
#4785=DIRECTION('',(1.,0.,0.));
#4786=DIRECTION('',(-1.,0.,0.));
#4787=DIRECTION('',(0.,1.,0.));
#4788=DIRECTION('center_axis',(-0.707106781186548,0.,-0.707106781186548));
#4789=DIRECTION('ref_axis',(-0.707106781186548,0.,0.707106781186548));
#4790=DIRECTION('',(0.707106781186547,0.,-0.707106781186547));
#4791=DIRECTION('',(-0.707106781186547,0.,0.707106781186547));
#4792=DIRECTION('',(0.,1.,0.));
#4793=DIRECTION('center_axis',(-1.,0.,0.));
#4794=DIRECTION('ref_axis',(0.,0.,1.));
#4795=DIRECTION('',(0.,0.,-1.));
#4796=DIRECTION('',(0.,0.,1.));
#4797=DIRECTION('',(0.,1.,0.));
#4798=DIRECTION('center_axis',(-0.707106781186547,0.,-0.707106781186548));
#4799=DIRECTION('ref_axis',(-0.707106781186548,0.,0.707106781186547));
#4800=DIRECTION('',(0.707106781186548,0.,-0.707106781186547));
#4801=DIRECTION('',(-0.707106781186548,0.,0.707106781186547));
#4802=DIRECTION('',(0.,1.,0.));
#4803=DIRECTION('center_axis',(0.,0.,-1.));
#4804=DIRECTION('ref_axis',(-1.,0.,0.));
#4805=DIRECTION('',(-1.,0.,0.));
#4806=DIRECTION('',(-1.,0.,0.));
#4807=DIRECTION('',(0.,1.,0.));
#4808=DIRECTION('center_axis',(1.,0.,0.));
#4809=DIRECTION('ref_axis',(0.,0.,-1.));
#4810=DIRECTION('',(0.,0.,-1.));
#4811=DIRECTION('',(0.,0.,-1.));
#4812=DIRECTION('',(0.,1.,0.));
#4813=DIRECTION('center_axis',(0.,0.,1.));
#4814=DIRECTION('ref_axis',(1.,0.,0.));
#4815=DIRECTION('',(1.,0.,0.));
#4816=DIRECTION('',(1.,0.,0.));
#4817=DIRECTION('',(0.,1.,0.));
#4818=DIRECTION('center_axis',(-0.707106781186546,0.,0.707106781186549));
#4819=DIRECTION('ref_axis',(0.707106781186549,0.,0.707106781186546));
#4820=DIRECTION('',(-0.707106781186549,0.,-0.707106781186546));
#4821=DIRECTION('',(0.707106781186549,0.,0.707106781186546));
#4822=DIRECTION('',(0.,1.,0.));
#4823=DIRECTION('center_axis',(-1.,0.,0.));
#4824=DIRECTION('ref_axis',(0.,0.,1.));
#4825=DIRECTION('',(0.,0.,1.));
#4826=DIRECTION('',(0.,0.,1.));
#4827=DIRECTION('',(0.,1.,0.));
#4828=DIRECTION('center_axis',(-0.707106781186546,0.,0.707106781186549));
#4829=DIRECTION('ref_axis',(0.707106781186549,0.,0.707106781186546));
#4830=DIRECTION('',(0.707106781186549,0.,0.707106781186546));
#4831=DIRECTION('',(0.707106781186549,0.,0.707106781186546));
#4832=DIRECTION('',(0.,1.,0.));
#4833=DIRECTION('center_axis',(0.,0.,1.));
#4834=DIRECTION('ref_axis',(1.,0.,0.));
#4835=DIRECTION('',(1.,0.,0.));
#4836=DIRECTION('',(1.,0.,0.));
#4837=DIRECTION('',(0.,1.,0.));
#4838=DIRECTION('center_axis',(0.707106781186548,0.,0.707106781186548));
#4839=DIRECTION('ref_axis',(0.707106781186548,0.,-0.707106781186548));
#4840=DIRECTION('',(0.707106781186548,0.,-0.707106781186548));
#4841=DIRECTION('',(0.707106781186548,0.,-0.707106781186548));
#4842=DIRECTION('',(0.,1.,0.));
#4843=DIRECTION('center_axis',(1.,0.,0.));
#4844=DIRECTION('ref_axis',(0.,0.,-1.));
#4845=DIRECTION('',(0.,0.,-1.));
#4846=DIRECTION('',(0.,0.,-1.));
#4847=DIRECTION('',(0.,1.,0.));
#4848=DIRECTION('center_axis',(0.707106781186548,0.,0.707106781186548));
#4849=DIRECTION('ref_axis',(0.707106781186548,0.,-0.707106781186548));
#4850=DIRECTION('',(0.707106781186548,0.,-0.707106781186548));
#4851=DIRECTION('',(0.707106781186548,0.,-0.707106781186548));
#4852=DIRECTION('',(0.,1.,0.));
#4853=DIRECTION('center_axis',(0.,0.,1.));
#4854=DIRECTION('ref_axis',(1.,0.,0.));
#4855=DIRECTION('',(1.,0.,0.));
#4856=DIRECTION('',(1.,0.,0.));
#4857=DIRECTION('',(0.,1.,0.));
#4858=DIRECTION('center_axis',(-1.,0.,0.));
#4859=DIRECTION('ref_axis',(0.,0.,1.));
#4860=DIRECTION('',(0.,0.,1.));
#4861=DIRECTION('',(0.,0.,1.));
#4862=DIRECTION('',(0.,1.,0.));
#4863=DIRECTION('center_axis',(0.447213595499958,0.,-0.894427190999916));
#4864=DIRECTION('ref_axis',(-0.894427190999916,0.,-0.447213595499958));
#4865=DIRECTION('',(-0.894427190999916,0.,-0.447213595499958));
#4866=DIRECTION('',(-0.894427190999916,0.,-0.447213595499958));
#4867=DIRECTION('',(0.,1.,0.));
#4868=DIRECTION('center_axis',(-1.,0.,0.));
#4869=DIRECTION('ref_axis',(0.,0.,1.));
#4870=DIRECTION('',(0.,0.,1.));
#4871=DIRECTION('',(0.,0.,1.));
#4872=DIRECTION('center_axis',(0.,1.,0.));
#4873=DIRECTION('ref_axis',(0.,0.,1.));
#4874=DIRECTION('center_axis',(0.,1.,0.));
#4875=DIRECTION('ref_axis',(1.,0.,0.));
#4876=DIRECTION('axis',(0.,0.,1.));
#4877=DIRECTION('refdir',(1.,0.,0.));
#4878=DIRECTION('center_axis',(-0.500000000000001,0.,0.866025403784438));
#4879=DIRECTION('ref_axis',(0.866025403784438,0.,0.500000000000001));
#4880=DIRECTION('',(-0.866025403784438,0.,-0.500000000000001));
#4881=DIRECTION('',(0.,1.,0.));
#4882=DIRECTION('',(0.866025403784438,0.,0.500000000000001));
#4883=DIRECTION('',(0.,1.,0.));
#4884=DIRECTION('center_axis',(1.,0.,0.));
#4885=DIRECTION('ref_axis',(0.,0.,-1.));
#4886=DIRECTION('',(0.,0.,-1.));
#4887=DIRECTION('',(0.,0.,-1.));
#4888=DIRECTION('',(0.,1.,0.));
#4889=DIRECTION('center_axis',(-0.500000000000001,0.,-0.866025403784438));
#4890=DIRECTION('ref_axis',(-0.866025403784438,0.,0.500000000000001));
#4891=DIRECTION('',(-0.866025403784438,0.,0.500000000000001));
#4892=DIRECTION('',(-0.866025403784438,0.,0.500000000000001));
#4893=DIRECTION('',(0.,1.,0.));
#4894=DIRECTION('center_axis',(1.,0.,0.));
#4895=DIRECTION('ref_axis',(0.,0.,-1.));
#4896=DIRECTION('',(0.,0.,1.));
#4897=DIRECTION('',(0.,0.,-1.));
#4898=DIRECTION('',(0.,1.,0.));
#4899=DIRECTION('center_axis',(-0.500000000000001,0.,0.866025403784438));
#4900=DIRECTION('ref_axis',(0.866025403784438,0.,0.500000000000001));
#4901=DIRECTION('',(-0.866025403784438,0.,-0.500000000000001));
#4902=DIRECTION('',(0.866025403784438,0.,0.500000000000001));
#4903=DIRECTION('',(0.,1.,0.));
#4904=DIRECTION('center_axis',(1.,0.,0.));
#4905=DIRECTION('ref_axis',(0.,0.,-1.));
#4906=DIRECTION('',(0.,0.,-1.));
#4907=DIRECTION('',(0.,0.,-1.));
#4908=DIRECTION('',(0.,1.,0.));
#4909=DIRECTION('center_axis',(-0.500000000000001,0.,-0.866025403784438));
#4910=DIRECTION('ref_axis',(-0.866025403784438,0.,0.500000000000001));
#4911=DIRECTION('',(-0.866025403784438,0.,0.500000000000001));
#4912=DIRECTION('',(-0.866025403784438,0.,0.500000000000001));
#4913=DIRECTION('',(0.,1.,0.));
#4914=DIRECTION('center_axis',(1.,0.,0.));
#4915=DIRECTION('ref_axis',(0.,0.,-1.));
#4916=DIRECTION('',(0.,0.,1.));
#4917=DIRECTION('',(0.,0.,-1.));
#4918=DIRECTION('',(0.,1.,0.));
#4919=DIRECTION('center_axis',(0.,0.,1.));
#4920=DIRECTION('ref_axis',(1.,0.,0.));
#4921=DIRECTION('',(1.,0.,0.));
#4922=DIRECTION('',(1.,0.,0.));
#4923=DIRECTION('',(0.,1.,0.));
#4924=DIRECTION('center_axis',(1.,0.,0.));
#4925=DIRECTION('ref_axis',(0.,0.,-1.));
#4926=DIRECTION('',(0.,0.,-1.));
#4927=DIRECTION('',(0.,0.,-1.));
#4928=DIRECTION('',(0.,1.,0.));
#4929=DIRECTION('center_axis',(0.707106781186554,0.,0.707106781186541));
#4930=DIRECTION('ref_axis',(0.707106781186541,0.,-0.707106781186554));
#4931=DIRECTION('',(0.707106781186541,0.,-0.707106781186554));
#4932=DIRECTION('',(0.707106781186541,0.,-0.707106781186554));
#4933=DIRECTION('',(0.,1.,0.));
#4934=DIRECTION('center_axis',(0.,0.,1.));
#4935=DIRECTION('ref_axis',(1.,0.,0.));
#4936=DIRECTION('',(-1.,0.,0.));
#4937=DIRECTION('',(1.,0.,0.));
#4938=DIRECTION('',(0.,1.,0.));
#4939=DIRECTION('center_axis',(-0.707106781186552,0.,0.707106781186543));
#4940=DIRECTION('ref_axis',(0.707106781186543,0.,0.707106781186552));
#4941=DIRECTION('',(-0.707106781186543,0.,-0.707106781186552));
#4942=DIRECTION('',(0.707106781186543,0.,0.707106781186552));
#4943=DIRECTION('',(0.,1.,0.));
#4944=DIRECTION('center_axis',(-1.,0.,0.));
#4945=DIRECTION('ref_axis',(0.,0.,1.));
#4946=DIRECTION('',(0.,0.,-1.));
#4947=DIRECTION('',(0.,0.,1.));
#4948=DIRECTION('',(0.,1.,0.));
#4949=DIRECTION('center_axis',(5.07530525542929E-16,0.,1.));
#4950=DIRECTION('ref_axis',(1.,0.,-5.07530525542929E-16));
#4951=DIRECTION('',(-1.,0.,5.07530525542929E-16));
#4952=DIRECTION('',(1.,0.,-5.07530525542929E-16));
#4953=DIRECTION('',(0.,1.,0.));
#4954=DIRECTION('center_axis',(-1.,0.,3.94783264309641E-16));
#4955=DIRECTION('ref_axis',(3.94783264309641E-16,0.,1.));
#4956=DIRECTION('',(-3.94783264309641E-16,0.,-1.));
#4957=DIRECTION('',(3.94783264309641E-16,0.,1.));
#4958=DIRECTION('',(0.,1.,0.));
#4959=DIRECTION('center_axis',(8.84292685233397E-15,0.,-1.));
#4960=DIRECTION('ref_axis',(-1.,0.,-8.84292685233397E-15));
#4961=DIRECTION('',(-1.,0.,-8.84292685233397E-15));
#4962=DIRECTION('',(-1.,0.,-8.84292685233397E-15));
#4963=DIRECTION('',(0.,1.,0.));
#4964=DIRECTION('center_axis',(1.,0.,0.));
#4965=DIRECTION('ref_axis',(0.,0.,-1.));
#4966=DIRECTION('',(0.,0.,-1.));
#4967=DIRECTION('',(0.,0.,-1.));
#4968=DIRECTION('',(0.,1.,0.));
#4969=DIRECTION('center_axis',(0.999999999999999,0.,5.21540599152099E-8));
#4970=DIRECTION('ref_axis',(5.21540599152099E-8,0.,-0.999999999999999));
#4971=DIRECTION('',(-5.21540599152099E-8,0.,0.999999999999999));
#4972=DIRECTION('',(5.21540599152099E-8,0.,-0.999999999999999));
#4973=DIRECTION('',(0.,1.,0.));
#4974=DIRECTION('center_axis',(0.,0.,1.));
#4975=DIRECTION('ref_axis',(1.,0.,0.));
#4976=DIRECTION('',(1.,0.,0.));
#4977=DIRECTION('',(1.,0.,0.));
#4978=DIRECTION('',(0.,1.,0.));
#4979=DIRECTION('center_axis',(-0.866025403784439,0.,-0.499999999999999));
#4980=DIRECTION('ref_axis',(-0.499999999999999,0.,0.866025403784439));
#4981=DIRECTION('',(0.499999999999999,0.,-0.866025403784439));
#4982=DIRECTION('',(-0.499999999999999,0.,0.866025403784439));
#4983=DIRECTION('',(0.,1.,0.));
#4984=DIRECTION('center_axis',(1.97372980848434E-15,0.,1.));
#4985=DIRECTION('ref_axis',(1.,0.,-1.97372980848434E-15));
#4986=DIRECTION('',(1.,0.,-1.97372980848434E-15));
#4987=DIRECTION('',(1.,0.,-1.97372980848434E-15));
#4988=DIRECTION('',(0.,1.,0.));
#4989=DIRECTION('center_axis',(0.866025403784439,0.,-0.5));
#4990=DIRECTION('ref_axis',(-0.5,0.,-0.866025403784439));
#4991=DIRECTION('',(-0.5,0.,-0.866025403784439));
#4992=DIRECTION('',(-0.5,0.,-0.866025403784439));
#4993=DIRECTION('',(0.,1.,0.));
#4994=DIRECTION('center_axis',(0.,0.,1.));
#4995=DIRECTION('ref_axis',(1.,0.,0.));
#4996=DIRECTION('',(1.,0.,0.));
#4997=DIRECTION('',(1.,0.,0.));
#4998=DIRECTION('',(0.,1.,0.));
#4999=DIRECTION('center_axis',(-0.866025403784439,0.,-0.499999999999999));
#5000=DIRECTION('ref_axis',(-0.499999999999999,0.,0.866025403784439));
#5001=DIRECTION('',(0.499999999999999,0.,-0.866025403784439));
#5002=DIRECTION('',(-0.499999999999999,0.,0.866025403784439));
#5003=DIRECTION('',(0.,1.,0.));
#5004=DIRECTION('center_axis',(1.97372980848434E-15,0.,1.));
#5005=DIRECTION('ref_axis',(1.,0.,-1.97372980848434E-15));
#5006=DIRECTION('',(1.,0.,-1.97372980848434E-15));
#5007=DIRECTION('',(1.,0.,-1.97372980848434E-15));
#5008=DIRECTION('',(0.,1.,0.));
#5009=DIRECTION('center_axis',(0.866025403784439,0.,-0.5));
#5010=DIRECTION('ref_axis',(-0.5,0.,-0.866025403784439));
#5011=DIRECTION('',(-0.5,0.,-0.866025403784439));
#5012=DIRECTION('',(-0.5,0.,-0.866025403784439));
#5013=DIRECTION('',(0.,1.,0.));
#5014=DIRECTION('center_axis',(0.,0.,1.));
#5015=DIRECTION('ref_axis',(1.,0.,0.));
#5016=DIRECTION('',(-1.,0.,0.));
#5017=DIRECTION('',(1.,0.,0.));
#5018=DIRECTION('',(0.,1.,0.));
#5019=DIRECTION('center_axis',(-0.866025403784441,0.,-0.499999999999996));
#5020=DIRECTION('ref_axis',(-0.499999999999996,0.,0.866025403784441));
#5021=DIRECTION('',(0.499999999999996,0.,-0.866025403784441));
#5022=DIRECTION('',(-0.499999999999996,0.,0.866025403784441));
#5023=DIRECTION('',(0.,1.,0.));
#5024=DIRECTION('center_axis',(1.97372980848434E-15,0.,1.));
#5025=DIRECTION('ref_axis',(1.,0.,-1.97372980848434E-15));
#5026=DIRECTION('',(1.,0.,-1.97372980848434E-15));
#5027=DIRECTION('',(1.,0.,-1.97372980848434E-15));
#5028=DIRECTION('',(0.,1.,0.));
#5029=DIRECTION('center_axis',(0.866025403784437,0.,-0.500000000000002));
#5030=DIRECTION('ref_axis',(-0.500000000000002,0.,-0.866025403784437));
#5031=DIRECTION('',(-0.500000000000002,0.,-0.866025403784437));
#5032=DIRECTION('',(-0.500000000000002,0.,-0.866025403784437));
#5033=DIRECTION('',(0.,1.,0.));
#5034=DIRECTION('center_axis',(0.,0.,1.));
#5035=DIRECTION('ref_axis',(1.,0.,0.));
#5036=DIRECTION('',(-1.,0.,0.));
#5037=DIRECTION('',(1.,0.,0.));
#5038=DIRECTION('',(0.,1.,0.));
#5039=DIRECTION('center_axis',(1.,0.,0.));
#5040=DIRECTION('ref_axis',(0.,0.,-1.));
#5041=DIRECTION('',(0.,0.,1.));
#5042=DIRECTION('',(0.,0.,-1.));
#5043=DIRECTION('',(0.,1.,0.));
#5044=DIRECTION('center_axis',(-0.500000000000001,0.,0.866025403784438));
#5045=DIRECTION('ref_axis',(0.866025403784438,0.,0.500000000000001));
#5046=DIRECTION('',(-0.866025403784438,0.,-0.500000000000001));
#5047=DIRECTION('',(0.866025403784438,0.,0.500000000000001));
#5048=DIRECTION('',(0.,1.,0.));
#5049=DIRECTION('center_axis',(1.,0.,0.));
#5050=DIRECTION('ref_axis',(0.,0.,-1.));
#5051=DIRECTION('',(0.,0.,-1.));
#5052=DIRECTION('',(0.,0.,-1.));
#5053=DIRECTION('',(0.,1.,0.));
#5054=DIRECTION('center_axis',(-0.500000000000001,0.,-0.866025403784438));
#5055=DIRECTION('ref_axis',(-0.866025403784438,0.,0.500000000000001));
#5056=DIRECTION('',(-0.866025403784438,0.,0.500000000000001));
#5057=DIRECTION('',(-0.866025403784438,0.,0.500000000000001));
#5058=DIRECTION('',(0.,1.,0.));
#5059=DIRECTION('center_axis',(1.,0.,0.));
#5060=DIRECTION('ref_axis',(0.,0.,-1.));
#5061=DIRECTION('',(0.,0.,1.));
#5062=DIRECTION('',(0.,0.,-1.));
#5063=DIRECTION('center_axis',(0.,1.,0.));
#5064=DIRECTION('ref_axis',(0.,0.,1.));
#5065=DIRECTION('center_axis',(0.,1.,0.));
#5066=DIRECTION('ref_axis',(1.,0.,0.));
#5067=DIRECTION('axis',(0.,0.,1.));
#5068=DIRECTION('refdir',(1.,0.,0.));
#5069=DIRECTION('center_axis',(0.5,0.707106781186548,0.5));
#5070=DIRECTION('ref_axis',(0.707106781186547,0.,-0.707106781186547));
#5071=DIRECTION('',(0.,0.577350269189625,-0.816496580927726));
#5072=DIRECTION('',(-0.707106781186548,0.,0.707106781186548));
#5073=DIRECTION('',(0.281084637714822,-0.678598344545847,0.678598344545847));
#5074=DIRECTION('',(0.707106781186548,0.,-0.707106781186548));
#5075=DIRECTION('center_axis',(1.,0.,0.));
#5076=DIRECTION('ref_axis',(0.,0.,-1.));
#5077=DIRECTION('',(0.,1.,0.));
#5078=DIRECTION('',(0.,0.57735026918963,0.816496580927723));
#5079=DIRECTION('',(0.,0.,1.));
#5080=DIRECTION('',(0.,-1.,0.));
#5081=DIRECTION('',(0.,0.,-1.));
#5082=DIRECTION('center_axis',(0.707106781186548,0.,0.707106781186548));
#5083=DIRECTION('ref_axis',(0.707106781186548,0.,-0.707106781186548));
#5084=DIRECTION('',(0.,1.,0.));
#5085=DIRECTION('',(-0.707106781186548,0.,0.707106781186548));
#5086=DIRECTION('center_axis',(0.500000000000003,-0.707106781186543,0.500000000000003));
#5087=DIRECTION('ref_axis',(0.707106781186547,0.,-0.707106781186547));
#5088=DIRECTION('',(-0.281084637714813,-0.67859834454585,-0.678598344545847));
#5089=DIRECTION('',(0.707106781186548,0.,-0.707106781186548));
#5090=DIRECTION('center_axis',(0.,1.,0.));
#5091=DIRECTION('ref_axis',(1.,0.,0.));
#5092=DIRECTION('',(1.,0.,0.));
#5093=DIRECTION('',(0.,0.,1.));
#5094=DIRECTION('',(-0.866025403784439,0.,0.5));
#5095=DIRECTION('',(6.16790552896828E-17,0.,-1.));
#5096=DIRECTION('',(-0.866025403784439,0.,-0.5));
#5097=DIRECTION('',(0.,0.,1.));
#5098=DIRECTION('',(-0.866025403784439,0.,0.5));
#5099=DIRECTION('',(6.16790552896828E-17,0.,-1.));
#5100=DIRECTION('',(-0.866025403784439,0.,-0.5));
#5101=DIRECTION('',(0.,0.,1.));
#5102=DIRECTION('',(-0.866025403784439,0.,0.5));
#5103=DIRECTION('',(6.16790552896828E-17,0.,-1.));
#5104=DIRECTION('',(-0.866025403784439,0.,-0.5));
#5105=DIRECTION('',(0.,0.,1.));
#5106=DIRECTION('',(1.,0.,0.));
#5107=DIRECTION('',(-0.5,0.,-0.866025403784439));
#5108=DIRECTION('',(1.,0.,6.16790565151356E-17));
#5109=DIRECTION('',(0.5,0.,-0.866025403784439));
#5110=DIRECTION('',(1.,0.,0.));
#5111=DIRECTION('',(-0.5,0.,-0.866025403784439));
#5112=DIRECTION('',(1.,0.,6.16790565151356E-17));
#5113=DIRECTION('',(0.5,0.,-0.866025403784439));
#5114=DIRECTION('',(1.,0.,0.));
#5115=DIRECTION('',(-0.5,0.,-0.866025403784439));
#5116=DIRECTION('',(1.,0.,6.16790565151356E-17));
#5117=DIRECTION('',(0.5,0.,-0.866025403784439));
#5118=DIRECTION('',(1.,0.,0.));
#5119=DIRECTION('',(-0.707106781186553,0.,-0.707106781186542));
#5120=DIRECTION('',(1.,0.,0.));
#5121=DIRECTION('',(0.,0.,-1.));
#5122=DIRECTION('',(-1.,0.,0.));
#5123=DIRECTION('',(-0.707106781186548,0.,0.707106781186548));
#5124=DIRECTION('',(0.,0.,1.));
#5125=DIRECTION('center_axis',(0.,-0.707106781186546,0.707106781186549));
#5126=DIRECTION('ref_axis',(1.,0.,0.));
#5127=DIRECTION('',(-1.,0.,0.));
#5128=DIRECTION('',(-0.577350269189627,-0.577350269189627,-0.577350269189624));
#5129=DIRECTION('',(-0.577350269189625,0.577350269189627,0.577350269189625));
#5130=DIRECTION('center_axis',(-0.707106781186546,0.707106781186549,0.));
#5131=DIRECTION('ref_axis',(0.,0.,1.));
#5132=DIRECTION('',(0.577350269189628,0.577350269189625,-0.577350269189625));
#5133=DIRECTION('',(0.,0.,-1.));
#5134=DIRECTION('',(0.654653670707978,0.654653670707976,-0.377964473009228));
#5135=DIRECTION('',(0.,0.,1.));
#5136=DIRECTION('',(0.577350269189627,0.577350269189625,0.577350269189625));
#5137=DIRECTION('center_axis',(-0.707106781186546,0.,0.707106781186549));
#5138=DIRECTION('ref_axis',(0.707106781186549,0.,0.707106781186546));
#5139=DIRECTION('',(0.,-1.,0.));
#5140=DIRECTION('',(-0.577350269189626,0.577350269189628,-0.577350269189624));
#5141=DIRECTION('',(0.,1.,0.));
#5142=DIRECTION('',(0.577350269189627,-0.577350269189625,0.577350269189625));
#5143=DIRECTION('center_axis',(-1.,0.,0.));
#5144=DIRECTION('ref_axis',(0.,0.,1.));
#5145=DIRECTION('',(0.,1.,0.));
#5146=DIRECTION('',(0.,0.,-1.));
#5147=DIRECTION('center_axis',(-0.707106781186546,0.707106781186549,0.));
#5148=DIRECTION('ref_axis',(0.,0.,1.));
#5149=DIRECTION('',(-0.577350269189627,-0.577350269189624,0.577350269189626));
#5150=DIRECTION('',(0.,0.,1.));
#5151=DIRECTION('',(-0.654653670707978,-0.654653670707976,-0.377964473009228));
#5152=DIRECTION('',(0.,0.,-1.));
#5153=DIRECTION('center_axis',(0.,1.,0.));
#5154=DIRECTION('ref_axis',(0.,0.,1.));
#5155=DIRECTION('',(0.707106781186553,0.,0.707106781186542));
#5156=DIRECTION('',(-1.,0.,0.));
#5157=DIRECTION('',(0.5,0.,-0.866025403784439));
#5158=DIRECTION('',(-1.,0.,-6.16790565151356E-17));
#5159=DIRECTION('',(0.5,0.,0.866025403784439));
#5160=DIRECTION('',(-1.,0.,0.));
#5161=DIRECTION('',(0.5,0.,-0.866025403784439));
#5162=DIRECTION('',(-1.,0.,-6.16790565151356E-17));
#5163=DIRECTION('',(0.5,0.,0.866025403784439));
#5164=DIRECTION('',(-1.,0.,0.));
#5165=DIRECTION('',(0.5,0.,-0.866025403784439));
#5166=DIRECTION('',(-1.,0.,-6.16790565151356E-17));
#5167=DIRECTION('',(0.5,0.,0.866025403784439));
#5168=DIRECTION('',(-1.,0.,0.));
#5169=DIRECTION('',(-0.866025403784439,0.,-0.5));
#5170=DIRECTION('',(-6.16790552896828E-17,0.,1.));
#5171=DIRECTION('',(0.866025403784439,0.,-0.5));
#5172=DIRECTION('',(0.,0.,1.));
#5173=DIRECTION('',(-0.866025403784439,0.,-0.5));
#5174=DIRECTION('',(-6.16790552896828E-17,0.,1.));
#5175=DIRECTION('',(0.866025403784439,0.,-0.5));
#5176=DIRECTION('',(0.,0.,1.));
#5177=DIRECTION('',(-0.866025403784439,0.,-0.5));
#5178=DIRECTION('',(-6.16790552896828E-17,0.,1.));
#5179=DIRECTION('',(0.866025403784439,0.,-0.5));
#5180=DIRECTION('',(-1.,0.,0.));
#5181=DIRECTION('',(0.707106781186548,0.,-0.707106781186548));
#5182=DIRECTION('',(1.,0.,0.));
#5183=DIRECTION('',(0.,0.,1.));
#5184=DIRECTION('',(-1.,0.,0.));
#5185=DIRECTION('',(0.,0.,-1.));
#5186=DIRECTION('center_axis',(-0.707106781186549,-0.707106781186546,0.));
#5187=DIRECTION('ref_axis',(0.,0.,1.));
#5188=DIRECTION('',(0.577350269189625,-0.577350269189627,-0.577350269189625));
#5189=DIRECTION('',(0.654653670707976,-0.654653670707979,0.377964473009227));
#5190=DIRECTION('',(0.,0.,-1.));
#5191=DIRECTION('center_axis',(-1.,0.,0.));
#5192=DIRECTION('ref_axis',(0.,0.,1.));
#5193=DIRECTION('',(0.,1.,0.));
#5194=DIRECTION('',(0.,1.,0.));
#5195=DIRECTION('center_axis',(-0.707106781186549,-0.707106781186546,0.));
#5196=DIRECTION('ref_axis',(0.,0.,1.));
#5197=DIRECTION('',(-0.654653670707976,0.654653670707979,0.377964473009227));
#5198=DIRECTION('center_axis',(0.,0.,1.));
#5199=DIRECTION('ref_axis',(1.,0.,0.));
#5200=DIRECTION('',(1.,0.,0.));
#5201=DIRECTION('center_axis',(0.,0.707106781186548,0.707106781186548));
#5202=DIRECTION('ref_axis',(1.,0.,0.));
#5203=DIRECTION('center_axis',(-0.707106781186548,0.707106781186548,0.));
#5204=DIRECTION('ref_axis',(0.,0.,1.));
#5205=DIRECTION('',(0.577350269189625,0.577350269189625,-0.577350269189628));
#5206=DIRECTION('',(0.,0.,1.));
#5207=DIRECTION('',(-0.678598344545847,-0.678598344545847,-0.281084637714822));
#5208=DIRECTION('center_axis',(-1.,0.,0.));
#5209=DIRECTION('ref_axis',(0.,0.,1.));
#5210=DIRECTION('',(0.,1.,0.));
#5211=DIRECTION('',(0.,0.,-1.));
#5212=DIRECTION('',(0.,1.,0.));
#5213=DIRECTION('center_axis',(0.,0.707106781186549,0.707106781186546));
#5214=DIRECTION('ref_axis',(1.,0.,0.));
#5215=DIRECTION('',(1.,0.,0.));
#5216=DIRECTION('',(0.577350269189628,-0.577350269189625,0.577350269189625));
#5217=DIRECTION('center_axis',(0.707106781186546,0.707106781186549,0.));
#5218=DIRECTION('ref_axis',(0.,0.,-1.));
#5219=DIRECTION('',(0.577350269189628,-0.577350269189625,-0.577350269189625));
#5220=DIRECTION('',(0.,0.,-1.));
#5221=DIRECTION('center_axis',(0.,0.707106781186548,-0.707106781186548));
#5222=DIRECTION('ref_axis',(-1.,0.,0.));
#5223=DIRECTION('',(-0.281084637714822,-0.678598344545847,-0.678598344545847));
#5224=DIRECTION('',(-1.,0.,0.));
#5225=DIRECTION('center_axis',(-0.5,0.707106781186548,-0.5));
#5226=DIRECTION('ref_axis',(-0.707106781186547,0.,0.707106781186547));
#5227=DIRECTION('',(-0.707106781186548,0.,0.707106781186548));
#5228=DIRECTION('center_axis',(0.,0.,1.));
#5229=DIRECTION('ref_axis',(1.,0.,0.));
#5230=DIRECTION('',(0.,1.,0.));
#5231=DIRECTION('',(-1.,0.,0.));
#5232=DIRECTION('center_axis',(1.,0.,0.));
#5233=DIRECTION('ref_axis',(0.,0.,-1.));
#5234=DIRECTION('',(0.,1.,0.));
#5235=DIRECTION('',(0.,0.,1.));
#5236=DIRECTION('center_axis',(0.,0.,-1.));
#5237=DIRECTION('ref_axis',(-1.,0.,0.));
#5238=DIRECTION('',(0.,1.,0.));
#5239=DIRECTION('',(1.,0.,0.));
#5240=DIRECTION('center_axis',(-0.707106781186548,0.,-0.707106781186548));
#5241=DIRECTION('ref_axis',(-0.707106781186548,0.,0.707106781186548));
#5242=DIRECTION('',(0.707106781186548,0.,-0.707106781186548));
#5243=DIRECTION('center_axis',(0.,-0.707106781186546,-0.707106781186549));
#5244=DIRECTION('ref_axis',(-1.,0.,0.));
#5245=DIRECTION('',(0.577350269189627,0.577350269189626,-0.577350269189624));
#5246=DIRECTION('',(-0.281084637714821,0.678598344545848,-0.678598344545846));
#5247=DIRECTION('center_axis',(0.,-0.707106781186549,0.707106781186546));
#5248=DIRECTION('ref_axis',(1.,0.,0.));
#5249=DIRECTION('',(-0.577350269189625,-0.577350269189625,-0.577350269189628));
#5250=DIRECTION('',(-0.577350269189624,0.577350269189626,0.577350269189628));
#5251=DIRECTION('center_axis',(0.707106781186547,-0.707106781186548,0.));
#5252=DIRECTION('ref_axis',(0.,0.,-1.));
#5253=DIRECTION('center_axis',(-0.707106781186549,-0.707106781186546,0.));
#5254=DIRECTION('ref_axis',(0.,0.,1.));
#5255=DIRECTION('',(-0.678598344545846,0.678598344545848,-0.281084637714821));
#5256=DIRECTION('center_axis',(-0.500000000000001,-0.707106781186547,-0.500000000000001));
#5257=DIRECTION('ref_axis',(-0.707106781186548,0.,0.707106781186548));
#5258=DIRECTION('center_axis',(0.707106781186542,0.,-0.707106781186553));
#5259=DIRECTION('ref_axis',(-0.707106781186553,0.,-0.707106781186542));
#5260=DIRECTION('',(0.,1.,0.));
#5261=DIRECTION('center_axis',(0.,0.,-1.));
#5262=DIRECTION('ref_axis',(-1.,0.,0.));
#5263=DIRECTION('',(0.,1.,0.));
#5264=DIRECTION('center_axis',(-0.707106781186547,0.,-0.707106781186548));
#5265=DIRECTION('ref_axis',(-0.707106781186548,0.,0.707106781186547));
#5266=DIRECTION('',(0.,-1.,0.));
#5267=DIRECTION('center_axis',(0.,0.,-1.));
#5268=DIRECTION('ref_axis',(-1.,0.,0.));
#5269=DIRECTION('',(0.,1.,0.));
#5270=DIRECTION('',(0.,1.,0.));
#5271=DIRECTION('center_axis',(-0.866025403784439,0.,0.5));
#5272=DIRECTION('ref_axis',(0.5,0.,0.866025403784439));
#5273=DIRECTION('',(0.,1.,0.));
#5274=DIRECTION('center_axis',(6.16790565151356E-17,0.,-1.));
#5275=DIRECTION('ref_axis',(-1.,0.,-6.16790565151356E-17));
#5276=DIRECTION('',(0.,1.,0.));
#5277=DIRECTION('center_axis',(0.866025403784439,0.,0.5));
#5278=DIRECTION('ref_axis',(0.5,0.,-0.866025403784439));
#5279=DIRECTION('center_axis',(0.5,0.,0.866025403784439));
#5280=DIRECTION('ref_axis',(0.866025403784439,0.,-0.5));
#5281=DIRECTION('',(0.,1.,0.));
#5282=DIRECTION('center_axis',(-1.,0.,-6.16790552896828E-17));
#5283=DIRECTION('ref_axis',(-6.16790552896828E-17,0.,1.));
#5284=DIRECTION('',(0.,1.,0.));
#5285=DIRECTION('center_axis',(0.5,0.,-0.866025403784439));
#5286=DIRECTION('ref_axis',(-0.866025403784439,0.,-0.5));
#5287=DIRECTION('',(0.,1.,0.));
#5288=DIRECTION('center_axis',(-1.,0.,0.));
#5289=DIRECTION('ref_axis',(0.,0.,1.));
#5290=DIRECTION('',(0.,1.,0.));
#5291=DIRECTION('center_axis',(0.5,0.,0.866025403784439));
#5292=DIRECTION('ref_axis',(0.866025403784439,0.,-0.5));
#5293=DIRECTION('',(0.,1.,0.));
#5294=DIRECTION('center_axis',(-1.,0.,-6.16790552896828E-17));
#5295=DIRECTION('ref_axis',(-6.16790552896828E-17,0.,1.));
#5296=DIRECTION('',(0.,1.,0.));
#5297=DIRECTION('center_axis',(0.5,0.,-0.866025403784439));
#5298=DIRECTION('ref_axis',(-0.866025403784439,0.,-0.5));
#5299=DIRECTION('',(0.,1.,0.));
#5300=DIRECTION('center_axis',(-1.,0.,0.));
#5301=DIRECTION('ref_axis',(0.,0.,1.));
#5302=DIRECTION('',(0.,1.,0.));
#5303=DIRECTION('center_axis',(0.5,0.,0.866025403784439));
#5304=DIRECTION('ref_axis',(0.866025403784439,0.,-0.5));
#5305=DIRECTION('',(0.,1.,0.));
#5306=DIRECTION('center_axis',(-1.,0.,-6.16790552896828E-17));
#5307=DIRECTION('ref_axis',(-6.16790552896828E-17,0.,1.));
#5308=DIRECTION('',(0.,1.,0.));
#5309=DIRECTION('center_axis',(0.5,0.,-0.866025403784439));
#5310=DIRECTION('ref_axis',(-0.866025403784439,0.,-0.5));
#5311=DIRECTION('center_axis',(0.,0.,-1.));
#5312=DIRECTION('ref_axis',(-1.,0.,0.));
#5313=DIRECTION('',(0.,1.,0.));
#5314=DIRECTION('center_axis',(-0.866025403784439,0.,0.5));
#5315=DIRECTION('ref_axis',(0.5,0.,0.866025403784439));
#5316=DIRECTION('',(0.,1.,0.));
#5317=DIRECTION('center_axis',(6.16790565151356E-17,0.,-1.));
#5318=DIRECTION('ref_axis',(-1.,0.,-6.16790565151356E-17));
#5319=DIRECTION('',(0.,1.,0.));
#5320=DIRECTION('center_axis',(0.866025403784439,0.,0.5));
#5321=DIRECTION('ref_axis',(0.5,0.,-0.866025403784439));
#5322=DIRECTION('',(0.,1.,0.));
#5323=DIRECTION('center_axis',(0.,0.,-1.));
#5324=DIRECTION('ref_axis',(-1.,0.,0.));
#5325=DIRECTION('',(0.,1.,0.));
#5326=DIRECTION('center_axis',(-0.866025403784439,0.,0.5));
#5327=DIRECTION('ref_axis',(0.5,0.,0.866025403784439));
#5328=DIRECTION('',(0.,1.,0.));
#5329=DIRECTION('center_axis',(6.16790565151356E-17,0.,-1.));
#5330=DIRECTION('ref_axis',(-1.,0.,-6.16790565151356E-17));
#5331=DIRECTION('',(0.,1.,0.));
#5332=DIRECTION('center_axis',(0.866025403784439,0.,0.5));
#5333=DIRECTION('ref_axis',(0.5,0.,-0.866025403784439));
#5334=DIRECTION('axis',(0.,0.,1.));
#5335=DIRECTION('refdir',(1.,0.,0.));
#5336=DIRECTION('center_axis',(0.,0.,1.));
#5337=DIRECTION('ref_axis',(1.,0.,0.));
#5338=DIRECTION('',(1.,0.,0.));
#5339=DIRECTION('',(0.,1.,0.));
#5340=DIRECTION('',(1.,0.,0.));
#5341=DIRECTION('',(0.,1.,0.));
#5342=DIRECTION('center_axis',(-0.707106781186546,0.,0.707106781186549));
#5343=DIRECTION('ref_axis',(0.707106781186549,0.,0.707106781186546));
#5344=DIRECTION('',(-0.707106781186549,0.,-0.707106781186546));
#5345=DIRECTION('',(0.707106781186549,0.,0.707106781186546));
#5346=DIRECTION('',(0.,1.,0.));
#5347=DIRECTION('center_axis',(-1.,0.,0.));
#5348=DIRECTION('ref_axis',(0.,0.,1.));
#5349=DIRECTION('',(0.,0.,1.));
#5350=DIRECTION('',(0.,0.,1.));
#5351=DIRECTION('',(0.,1.,0.));
#5352=DIRECTION('center_axis',(-0.707106781186547,0.,-0.707106781186548));
#5353=DIRECTION('ref_axis',(-0.707106781186548,0.,0.707106781186547));
#5354=DIRECTION('',(0.707106781186548,0.,-0.707106781186547));
#5355=DIRECTION('',(-0.707106781186548,0.,0.707106781186547));
#5356=DIRECTION('',(0.,1.,0.));
#5357=DIRECTION('center_axis',(0.,0.,-1.));
#5358=DIRECTION('ref_axis',(-1.,0.,0.));
#5359=DIRECTION('',(-1.,0.,0.));
#5360=DIRECTION('',(-1.,0.,0.));
#5361=DIRECTION('',(0.,1.,0.));
#5362=DIRECTION('center_axis',(0.707106781186543,0.,-0.707106781186553));
#5363=DIRECTION('ref_axis',(-0.707106781186553,0.,-0.707106781186543));
#5364=DIRECTION('',(0.707106781186552,0.,0.707106781186542));
#5365=DIRECTION('',(-0.707106781186552,0.,-0.707106781186542));
#5366=DIRECTION('',(0.,1.,0.));
#5367=DIRECTION('center_axis',(1.,0.,0.));
#5368=DIRECTION('ref_axis',(0.,0.,-1.));
#5369=DIRECTION('',(0.,0.,-1.));
#5370=DIRECTION('',(0.,0.,-1.));
#5371=DIRECTION('',(0.,1.,0.));
#5372=DIRECTION('center_axis',(0.707106781186541,0.,0.707106781186554));
#5373=DIRECTION('ref_axis',(0.707106781186554,0.,-0.707106781186541));
#5374=DIRECTION('',(0.707106781186554,0.,-0.707106781186541));
#5375=DIRECTION('',(0.707106781186554,0.,-0.707106781186541));
#5376=DIRECTION('',(0.,1.,0.));
#5377=DIRECTION('center_axis',(0.,0.,1.));
#5378=DIRECTION('ref_axis',(1.,0.,0.));
#5379=DIRECTION('',(1.,0.,0.));
#5380=DIRECTION('',(1.,0.,0.));
#5381=DIRECTION('',(0.,1.,0.));
#5382=DIRECTION('center_axis',(0.866019128245474,0.,-0.500010869394805));
#5383=DIRECTION('ref_axis',(-0.500010869394805,0.,-0.866019128245474));
#5384=DIRECTION('',(0.500010869394805,0.,0.866019128245474));
#5385=DIRECTION('',(-0.500010869394805,0.,-0.866019128245474));
#5386=DIRECTION('',(0.,1.,0.));
#5387=DIRECTION('center_axis',(0.,0.,1.));
#5388=DIRECTION('ref_axis',(1.,0.,0.));
#5389=DIRECTION('',(-1.,0.,0.));
#5390=DIRECTION('',(1.,0.,0.));
#5391=DIRECTION('',(0.,1.,0.));
#5392=DIRECTION('center_axis',(-0.866019058073144,0.,-0.500010990933303));
#5393=DIRECTION('ref_axis',(-0.500010990933303,0.,0.866019058073144));
#5394=DIRECTION('',(0.500010990933303,0.,-0.866019058073144));
#5395=DIRECTION('',(-0.500010990933303,0.,0.866019058073144));
#5396=DIRECTION('',(0.,1.,0.));
#5397=DIRECTION('center_axis',(0.,0.,1.));
#5398=DIRECTION('ref_axis',(1.,0.,0.));
#5399=DIRECTION('',(1.,0.,0.));
#5400=DIRECTION('',(1.,0.,0.));
#5401=DIRECTION('',(0.,1.,0.));
#5402=DIRECTION('center_axis',(0.866019058073144,0.,-0.500010990933303));
#5403=DIRECTION('ref_axis',(-0.500010990933303,0.,-0.866019058073144));
#5404=DIRECTION('',(-0.500010990933303,0.,-0.866019058073144));
#5405=DIRECTION('',(-0.500010990933303,0.,-0.866019058073144));
#5406=DIRECTION('',(0.,1.,0.));
#5407=DIRECTION('center_axis',(0.,0.,1.));
#5408=DIRECTION('ref_axis',(1.,0.,0.));
#5409=DIRECTION('',(1.,0.,0.));
#5410=DIRECTION('',(1.,0.,0.));
#5411=DIRECTION('',(0.,1.,0.));
#5412=DIRECTION('center_axis',(-0.866019128245474,0.,-0.500010869394805));
#5413=DIRECTION('ref_axis',(-0.500010869394805,0.,0.866019128245474));
#5414=DIRECTION('',(-0.500010869394805,0.,0.866019128245474));
#5415=DIRECTION('',(-0.500010869394805,0.,0.866019128245474));
#5416=DIRECTION('center_axis',(0.,1.,0.));
#5417=DIRECTION('ref_axis',(0.,0.,1.));
#5418=DIRECTION('center_axis',(0.,1.,0.));
#5419=DIRECTION('ref_axis',(1.,0.,0.));
#5420=DIRECTION('axis',(0.,0.,1.));
#5421=DIRECTION('refdir',(1.,0.,0.));
#5422=DIRECTION('center_axis',(0.,-1.,0.));
#5423=DIRECTION('ref_axis',(-1.,0.,0.));
#5424=DIRECTION('',(-1.,0.,1.77635683940025E-16));
#5425=DIRECTION('',(0.,0.,-1.));
#5426=DIRECTION('',(-1.,0.,0.));
#5427=DIRECTION('',(0.,0.,-1.));
#5428=DIRECTION('center_axis',(1.,0.,0.));
#5429=DIRECTION('ref_axis',(0.,-1.,0.));
#5430=DIRECTION('',(0.,-1.,0.));
#5431=DIRECTION('',(0.,0.,-1.));
#5432=DIRECTION('',(0.,-1.,0.));
#5433=DIRECTION('center_axis',(0.,1.,0.));
#5434=DIRECTION('ref_axis',(1.,0.,0.));
#5435=DIRECTION('',(1.,0.,-1.77635683940025E-16));
#5436=DIRECTION('',(0.,0.,-1.));
#5437=DIRECTION('',(1.,0.,0.));
#5438=DIRECTION('center_axis',(-1.,0.,0.));
#5439=DIRECTION('ref_axis',(0.,1.,0.));
#5440=DIRECTION('',(0.,1.,0.));
#5441=DIRECTION('',(0.,1.,0.));
#5442=DIRECTION('center_axis',(0.,0.,-1.));
#5443=DIRECTION('ref_axis',(-1.,0.,0.));
#5444=DIRECTION('center_axis',(0.,0.,-1.));
#5445=DIRECTION('ref_axis',(-1.,0.,0.));
#5446=DIRECTION('',(-1.,0.,0.));
#5447=DIRECTION('',(0.,1.,0.));
#5448=DIRECTION('',(-1.,0.,0.));
#5449=DIRECTION('',(0.,1.,0.));
#5450=DIRECTION('center_axis',(1.29575308349001E-8,0.,-1.));
#5451=DIRECTION('ref_axis',(-1.,0.,-1.29575308349001E-8));
#5452=DIRECTION('',(-1.,0.,-1.29575308349001E-8));
#5453=DIRECTION('',(-1.,0.,-1.29575308349001E-8));
#5454=DIRECTION('',(0.,1.,0.));
#5455=DIRECTION('center_axis',(-0.71934104922576,0.,-0.694657077196211));
#5456=DIRECTION('ref_axis',(-0.694657077196211,0.,0.71934104922576));
#5457=DIRECTION('',(-0.694657077196211,0.,0.71934104922576));
#5458=DIRECTION('',(-0.694657077196211,0.,0.71934104922576));
#5459=DIRECTION('',(0.,1.,0.));
#5460=DIRECTION('center_axis',(-1.,0.,0.));
#5461=DIRECTION('ref_axis',(0.,0.,1.));
#5462=DIRECTION('',(0.,0.,1.));
#5463=DIRECTION('',(0.,0.,1.));
#5464=DIRECTION('',(0.,1.,0.));
#5465=DIRECTION('center_axis',(0.,0.,1.));
#5466=DIRECTION('ref_axis',(1.,0.,0.));
#5467=DIRECTION('',(1.,0.,0.));
#5468=DIRECTION('',(1.,0.,0.));
#5469=DIRECTION('',(0.,1.,0.));
#5470=DIRECTION('center_axis',(1.,0.,-8.58712084546287E-17));
#5471=DIRECTION('ref_axis',(-8.58712084546287E-17,0.,-1.));
#5472=DIRECTION('',(-8.58712084546287E-17,0.,-1.));
#5473=DIRECTION('',(-8.58712084546287E-17,0.,-1.));
#5474=DIRECTION('',(0.,1.,0.));
#5475=DIRECTION('center_axis',(0.707106781186548,0.,-0.707106781186548));
#5476=DIRECTION('ref_axis',(-0.707106781186548,0.,-0.707106781186548));
#5477=DIRECTION('',(-0.707106781186548,0.,-0.707106781186548));
#5478=DIRECTION('',(-0.707106781186548,0.,-0.707106781186548));
#5479=DIRECTION('center_axis',(-1.48029736616688E-16,0.,-1.));
#5480=DIRECTION('ref_axis',(-1.,0.,1.48029736616688E-16));
#5481=DIRECTION('',(-1.,0.,1.48029736616688E-16));
#5482=DIRECTION('',(0.,1.,0.));
#5483=DIRECTION('',(-1.,0.,1.48029736616688E-16));
#5484=DIRECTION('',(0.,1.,0.));
#5485=DIRECTION('center_axis',(0.866025403784438,0.,0.5));
#5486=DIRECTION('ref_axis',(0.5,0.,-0.866025403784438));
#5487=DIRECTION('',(-0.5,0.,0.866025403784438));
#5488=DIRECTION('',(0.5,0.,-0.866025403784438));
#5489=DIRECTION('',(0.,1.,0.));
#5490=DIRECTION('center_axis',(7.53365616636056E-16,0.,-1.));
#5491=DIRECTION('ref_axis',(-1.,0.,-7.53365616636056E-16));
#5492=DIRECTION('',(-1.,0.,-7.53365616636056E-16));
#5493=DIRECTION('',(-1.,0.,-7.53365616636056E-16));
#5494=DIRECTION('',(0.,1.,0.));
#5495=DIRECTION('center_axis',(-0.866025403784439,0.,0.499999999999999));
#5496=DIRECTION('ref_axis',(0.499999999999999,0.,0.866025403784439));
#5497=DIRECTION('',(0.499999999999999,0.,0.866025403784439));
#5498=DIRECTION('',(0.499999999999999,0.,0.866025403784439));
#5499=DIRECTION('',(0.,1.,0.));
#5500=DIRECTION('center_axis',(-1.48029736616688E-16,0.,-1.));
#5501=DIRECTION('ref_axis',(-1.,0.,1.48029736616688E-16));
#5502=DIRECTION('',(-1.,0.,1.48029736616688E-16));
#5503=DIRECTION('',(-1.,0.,1.48029736616688E-16));
#5504=DIRECTION('',(0.,1.,0.));
#5505=DIRECTION('center_axis',(0.866025403784438,0.,0.5));
#5506=DIRECTION('ref_axis',(0.5,0.,-0.866025403784438));
#5507=DIRECTION('',(-0.5,0.,0.866025403784438));
#5508=DIRECTION('',(0.5,0.,-0.866025403784438));
#5509=DIRECTION('',(0.,1.,0.));
#5510=DIRECTION('center_axis',(7.53365616636056E-16,0.,-1.));
#5511=DIRECTION('ref_axis',(-1.,0.,-7.53365616636056E-16));
#5512=DIRECTION('',(-1.,0.,-7.53365616636056E-16));
#5513=DIRECTION('',(-1.,0.,-7.53365616636056E-16));
#5514=DIRECTION('',(0.,1.,0.));
#5515=DIRECTION('center_axis',(-0.866025403784439,0.,0.499999999999999));
#5516=DIRECTION('ref_axis',(0.499999999999999,0.,0.866025403784439));
#5517=DIRECTION('',(0.499999999999999,0.,0.866025403784439));
#5518=DIRECTION('',(0.499999999999999,0.,0.866025403784439));
#5519=DIRECTION('',(0.,1.,0.));
#5520=DIRECTION('center_axis',(-1.48029736616688E-16,0.,-1.));
#5521=DIRECTION('ref_axis',(-1.,0.,1.48029736616688E-16));
#5522=DIRECTION('',(-1.,0.,1.48029736616688E-16));
#5523=DIRECTION('',(-1.,0.,1.48029736616688E-16));
#5524=DIRECTION('',(0.,1.,0.));
#5525=DIRECTION('center_axis',(1.,0.,0.));
#5526=DIRECTION('ref_axis',(0.,0.,-1.));
#5527=DIRECTION('',(0.,0.,1.));
#5528=DIRECTION('',(0.,0.,-1.));
#5529=DIRECTION('',(0.,1.,0.));
#5530=DIRECTION('center_axis',(0.707106781186548,0.,0.707106781186548));
#5531=DIRECTION('ref_axis',(0.707106781186548,0.,-0.707106781186548));
#5532=DIRECTION('',(0.707106781186547,0.,-0.707106781186547));
#5533=DIRECTION('',(0.707106781186547,0.,-0.707106781186547));
#5534=DIRECTION('',(0.,1.,0.));
#5535=DIRECTION('center_axis',(1.77635683940025E-16,0.,1.));
#5536=DIRECTION('ref_axis',(1.,0.,-1.77635683940025E-16));
#5537=DIRECTION('',(1.,0.,-1.77635683940025E-16));
#5538=DIRECTION('',(1.,0.,-1.77635683940025E-16));
#5539=DIRECTION('',(0.,1.,0.));
#5540=DIRECTION('center_axis',(-0.707106781186548,0.,0.707106781186548));
#5541=DIRECTION('ref_axis',(0.707106781186548,0.,0.707106781186548));
#5542=DIRECTION('',(-0.707106781186547,0.,-0.707106781186547));
#5543=DIRECTION('',(0.707106781186547,0.,0.707106781186547));
#5544=DIRECTION('',(0.,1.,0.));
#5545=DIRECTION('center_axis',(-1.,0.,0.));
#5546=DIRECTION('ref_axis',(0.,0.,1.));
#5547=DIRECTION('',(0.,0.,1.));
#5548=DIRECTION('',(0.,0.,1.));
#5549=DIRECTION('center_axis',(0.,1.,0.));
#5550=DIRECTION('ref_axis',(0.,0.,1.));
#5551=DIRECTION('center_axis',(0.,1.,0.));
#5552=DIRECTION('ref_axis',(1.,0.,0.));
#5553=DIRECTION('',(0.,0.,1.));
#5554=DIRECTION('',(1.,0.,0.));
#5555=DIRECTION('',(0.,0.,1.));
#5556=DIRECTION('',(1.,0.,0.));
#5557=DIRECTION('',(0.,0.,1.));
#5558=DIRECTION('',(1.,0.,0.));
#5559=DIRECTION('',(0.,0.,1.));
#5560=DIRECTION('',(1.,0.,0.));
#5561=DIRECTION('',(1.11022302462515E-16,1.66533453693773E-16,0.999999999999998));
#5562=DIRECTION('',(-1.,-5.09314812546791E-15,1.11022302462517E-16));
#5563=DIRECTION('',(-1.11022302462515E-15,-6.66133814775093E-16,0.999999999999996));
#5564=DIRECTION('',(-1.,2.9393154576951E-14,-1.11022302462514E-15));
#5565=DIRECTION('',(0.,2.77555756156289E-16,1.));
#5566=DIRECTION('',(1.,0.,0.));
#5567=DIRECTION('',(2.77555756156289E-17,2.77555756156289E-16,1.));
#5568=DIRECTION('',(1.,-1.23259516440783E-32,-2.77555756156289E-17));
#5569=DIRECTION('',(3.60822483003175E-16,2.77555756156289E-16,0.999999999999999));
#5570=DIRECTION('',(1.,-4.93038065763132E-32,-3.60822483003176E-16));
#5571=DIRECTION('',(-1.57772181044202E-28,-1.11022302462516E-16,-0.999999999999999));
#5572=DIRECTION('',(-0.999999999999999,7.00649232162405E-46,-6.31088724176811E-30));
#5573=DIRECTION('',(0.,4.9960036108132E-16,1.));
#5574=DIRECTION('',(1.,0.,0.));
#5575=DIRECTION('',(5.13478148889137E-16,4.9960036108132E-16,1.));
#5576=DIRECTION('',(1.,-3.54987407349455E-30,-5.13478148889137E-16));
#5577=DIRECTION('',(5.55111512312578E-16,4.9960036108132E-16,1.));
#5578=DIRECTION('',(1.,-3.94430452610506E-31,-5.55111512312578E-16));
#5579=DIRECTION('',(-1.57772181044202E-28,-1.11022302462516E-16,-0.999999999999999));
#5580=DIRECTION('',(-0.999999999999999,7.06123054288674E-46,-6.31088724176811E-30));
#5581=DIRECTION('',(-1.57772181044202E-28,-1.11022302462516E-16,-0.999999999999999));
#5582=DIRECTION('',(-0.999999999999999,7.11596876414943E-46,-6.31088724176811E-30));
#5583=DIRECTION('',(5.27355936696947E-16,4.93038065763124E-32,0.999999999999998));
#5584=DIRECTION('',(1.,2.22044604925031E-16,-5.27355936696948E-16));
#5585=DIRECTION('',(5.27355936696947E-16,3.6977854932234E-32,0.999999999999997));
#5586=DIRECTION('',(0.999999999999999,2.22044604925031E-16,-5.27355936696948E-16));
#5587=DIRECTION('',(1.94289029309401E-16,1.23259516440774E-32,0.999999999999997));
#5588=DIRECTION('',(1.,2.22044604925032E-16,-1.94289029309401E-16));
#5589=DIRECTION('',(-2.22044604925031E-16,0.,1.));
#5590=DIRECTION('',(1.,0.,2.22044604925031E-16));
#5591=DIRECTION('',(-4.44089209850063E-16,0.,1.));
#5592=DIRECTION('',(1.,0.,4.44089209850063E-16));
#5593=DIRECTION('',(-4.44089209850063E-16,0.,1.));
#5594=DIRECTION('',(1.,0.,4.44089209850063E-16));
#5595=DIRECTION('',(-1.,3.33925437477636E-29,2.00645056125381E-13));
#5596=DIRECTION('',(2.00645056125381E-13,1.66533453693773E-16,1.));
#5597=DIRECTION('',(-1.,3.33925437477636E-29,2.00645056125381E-13));
#5598=DIRECTION('',(2.00645056125381E-13,1.66533453693773E-16,1.));
#5599=DIRECTION('',(-1.,3.33925437477636E-29,2.00645056125381E-13));
#5600=DIRECTION('',(2.00645056125381E-13,1.66533453693773E-16,1.));
#5601=DIRECTION('',(-4.44089209850063E-16,5.55111512312579E-17,-1.));
#5602=DIRECTION('',(-1.,1.30963236218337E-30,5.27355936696951E-16));
#5603=DIRECTION('',(-4.44089209850063E-16,5.55111512312579E-17,-1.));
#5604=DIRECTION('',(-1.,1.30963236218337E-30,5.27355936696951E-16));
#5605=DIRECTION('',(-4.44089209850063E-16,5.55111512312579E-17,-1.));
#5606=DIRECTION('',(-1.,1.30963236218337E-30,5.27355936696951E-16));
#5607=DIRECTION('',(-8.32667268468816E-17,-1.97215226305253E-31,-1.));
#5608=DIRECTION('',(0.999999999999999,2.17811879643648E-13,1.97099670508587E-29));
#5609=DIRECTION('',(-4.16333634235009E-16,-1.14236919837318E-28,-1.));
#5610=DIRECTION('',(0.999999999999999,2.17811879643648E-13,-3.33066907386946E-16));
#5611=DIRECTION('',(-5.55111512313734E-16,-1.27023553924093E-28,-1.));
#5612=DIRECTION('',(0.999999999999999,2.17756368492417E-13,-4.99600361080142E-16));
#5613=DIRECTION('',(4.16333634234484E-16,-1.66533453693775E-16,-1.));
#5614=DIRECTION('',(-1.,2.67200872330612E-29,-4.16333634234484E-16));
#5615=DIRECTION('',(1.36002320516587E-15,-1.66533453693775E-16,-1.));
#5616=DIRECTION('',(-1.,2.65598498616881E-29,-1.36002320516587E-15));
#5617=DIRECTION('',(1.36002320516587E-15,-1.66533453693775E-16,-1.));
#5618=DIRECTION('',(-1.,2.65598498616881E-29,-1.36002320516587E-15));
#5619=DIRECTION('',(1.,-5.32907051820079E-15,2.22044604925034E-16));
#5620=DIRECTION('',(2.22044604925073E-16,-1.66533453698542E-16,-1.));
#5621=DIRECTION('',(1.,-5.32907051820079E-15,4.44089209850052E-16));
#5622=DIRECTION('',(4.44089209850119E-16,-1.66533453698543E-16,-1.));
#5623=DIRECTION('',(1.,-5.32907051820079E-15,4.44089209850051E-16));
#5624=DIRECTION('',(4.4408920985012E-16,-1.66533453698543E-16,-1.));
#5625=DIRECTION('',(3.33066907387546E-16,7.27196081129478E-14,-1.));
#5626=DIRECTION('',(0.999999999999999,-2.44485250860293E-29,3.33066907387546E-16));
#5627=DIRECTION('',(3.33066907387546E-16,7.27196081129478E-14,-1.));
#5628=DIRECTION('',(0.999999999999999,-2.44485250860294E-29,3.33066907387546E-16));
#5629=DIRECTION('',(3.33066907387546E-16,7.27196081129478E-14,-1.));
#5630=DIRECTION('',(0.999999999999999,-2.44485250860294E-29,3.33066907387546E-16));
#5631=DIRECTION('',(1.27675647831805E-15,-9.76996261670135E-14,-0.999999999999995));
#5632=DIRECTION('',(0.999999999999999,2.22044604925152E-16,1.27675647831982E-15));
#5633=DIRECTION('',(8.88178419698837E-16,-9.76996261670134E-14,-0.999999999999994));
#5634=DIRECTION('',(0.999999999999998,2.22044604925115E-16,8.88178419701426E-16));
#5635=DIRECTION('',(1.11022302462424E-15,-9.76996261670135E-14,-0.999999999999995));
#5636=DIRECTION('',(0.999999999999999,2.22044604925133E-16,1.11022302462609E-15));
#5637=CARTESIAN_POINT('',(0.,0.,0.));
#5638=CARTESIAN_POINT('',(0.,0.,0.));
#5639=CARTESIAN_POINT('Origin',(-200.000001303852,0.,50.0000000000004));
#5640=CARTESIAN_POINT('',(-172.000000178814,0.,50.0000000000005));
#5641=CARTESIAN_POINT('',(-200.000001303852,0.,50.0000000000004));
#5642=CARTESIAN_POINT('',(-172.000000178814,0.,50.0000000000005));
#5643=CARTESIAN_POINT('',(-172.000000178814,200.,50.0000000000005));
#5644=CARTESIAN_POINT('',(-172.000000178814,0.,50.0000000000005));
#5645=CARTESIAN_POINT('',(-200.000001303852,200.,50.0000000000004));
#5646=CARTESIAN_POINT('',(-172.000000178814,200.,50.0000000000005));
#5647=CARTESIAN_POINT('',(-200.000001303852,0.,50.0000000000004));
#5648=CARTESIAN_POINT('Origin',(-200.000001303852,0.,2.22044604925031E-13));
#5649=CARTESIAN_POINT('',(-200.000001303852,0.,2.22044604925031E-13));
#5650=CARTESIAN_POINT('',(-200.000001303852,0.,25.0000000000003));
#5651=CARTESIAN_POINT('',(-200.000001303852,200.,2.22044604925031E-13));
#5652=CARTESIAN_POINT('',(-200.000001303852,200.,25.0000000000003));
#5653=CARTESIAN_POINT('',(-200.000001303852,0.,2.22044604925031E-13));
#5654=CARTESIAN_POINT('Origin',(-2.1316282072803E-13,0.,4.52970994047064E-13));
#5655=CARTESIAN_POINT('',(-2.1316282072803E-13,0.,4.44089209850063E-13));
#5656=CARTESIAN_POINT('',(-2.1316282072803E-13,0.,4.52970994047064E-13));
#5657=CARTESIAN_POINT('',(-2.1316282072803E-13,200.,4.44089209850063E-13));
#5658=CARTESIAN_POINT('',(-2.1316282072803E-13,200.,4.52970994047064E-13));
#5659=CARTESIAN_POINT('',(-2.1316282072803E-13,0.,4.44089209850063E-13));
#5660=CARTESIAN_POINT('Origin',(-2.8421709430404E-13,0.,155.00000230968));
#5661=CARTESIAN_POINT('',(-2.8421709430404E-13,0.,155.00000230968));
#5662=CARTESIAN_POINT('',(-2.8421709430404E-13,0.,155.00000230968));
#5663=CARTESIAN_POINT('',(-2.8421709430404E-13,200.,155.00000230968));
#5664=CARTESIAN_POINT('',(-2.8421709430404E-13,200.,155.00000230968));
#5665=CARTESIAN_POINT('',(-2.8421709430404E-13,0.,155.00000230968));
#5666=CARTESIAN_POINT('Origin',(-35.0000000000003,0.,155.00000230968));
#5667=CARTESIAN_POINT('',(-35.0000000000003,0.,155.00000230968));
#5668=CARTESIAN_POINT('',(-35.0000000000003,0.,155.00000230968));
#5669=CARTESIAN_POINT('',(-35.0000000000003,200.,155.00000230968));
#5670=CARTESIAN_POINT('',(-35.0000000000003,200.,155.00000230968));
#5671=CARTESIAN_POINT('',(-35.0000000000003,0.,155.00000230968));
#5672=CARTESIAN_POINT('Origin',(-35.0000000000003,0.,179.));
#5673=CARTESIAN_POINT('',(-35.0000000000003,0.,179.));
#5674=CARTESIAN_POINT('',(-35.0000000000003,0.,179.));
#5675=CARTESIAN_POINT('',(-35.0000000000003,200.,179.));
#5676=CARTESIAN_POINT('',(-35.0000000000003,200.,179.));
#5677=CARTESIAN_POINT('',(-35.0000000000003,0.,179.));
#5678=CARTESIAN_POINT('Origin',(-36.0000000000002,0.,180.000000000001));
#5679=CARTESIAN_POINT('',(-36.0000000000002,0.,180.000000000001));
#5680=CARTESIAN_POINT('',(-36.0000000000002,0.,180.000000000001));
#5681=CARTESIAN_POINT('',(-36.0000000000002,200.,180.000000000001));
#5682=CARTESIAN_POINT('',(-36.0000000000002,200.,180.000000000001));
#5683=CARTESIAN_POINT('',(-36.0000000000002,0.,180.000000000001));
#5684=CARTESIAN_POINT('Origin',(-64.0000000000003,0.,180.000000000001));
#5685=CARTESIAN_POINT('',(-64.0000000000003,0.,180.000000000001));
#5686=CARTESIAN_POINT('',(-64.0000000000003,0.,180.000000000001));
#5687=CARTESIAN_POINT('',(-64.0000000000003,200.,180.000000000001));
#5688=CARTESIAN_POINT('',(-64.0000000000003,200.,180.000000000001));
#5689=CARTESIAN_POINT('',(-64.0000000000003,0.,180.000000000001));
#5690=CARTESIAN_POINT('Origin',(-65.0000000000003,0.,179.));
#5691=CARTESIAN_POINT('',(-65.0000000000003,0.,179.));
#5692=CARTESIAN_POINT('',(-64.0000000000003,0.,180.000000000001));
#5693=CARTESIAN_POINT('',(-65.0000000000003,200.,179.));
#5694=CARTESIAN_POINT('',(-64.0000000000003,200.,180.000000000001));
#5695=CARTESIAN_POINT('',(-65.0000000000003,0.,179.));
#5696=CARTESIAN_POINT('Origin',(-65.0000000000003,0.,155.));
#5697=CARTESIAN_POINT('',(-65.0000000000003,0.,155.));
#5698=CARTESIAN_POINT('',(-65.0000000000003,0.,155.));
#5699=CARTESIAN_POINT('',(-65.0000000000003,200.,155.));
#5700=CARTESIAN_POINT('',(-65.0000000000003,200.,155.));
#5701=CARTESIAN_POINT('',(-65.0000000000003,0.,155.));
#5702=CARTESIAN_POINT('Origin',(-100.000000000001,0.,155.000000000001));
#5703=CARTESIAN_POINT('',(-100.000000000001,0.,155.000000000001));
#5704=CARTESIAN_POINT('',(-100.000000000001,0.,155.000000000001));
#5705=CARTESIAN_POINT('',(-100.000000000001,200.,155.000000000001));
#5706=CARTESIAN_POINT('',(-100.000000000001,200.,155.000000000001));
#5707=CARTESIAN_POINT('',(-100.000000000001,0.,155.000000000001));
#5708=CARTESIAN_POINT('Origin',(-100.000000000001,0.,122.000001043082));
#5709=CARTESIAN_POINT('',(-100.000000000001,0.,122.000001043082));
#5710=CARTESIAN_POINT('',(-100.000000000001,0.,122.000001043082));
#5711=CARTESIAN_POINT('',(-100.000000000001,200.,122.000001043082));
#5712=CARTESIAN_POINT('',(-100.000000000001,200.,122.000001043082));
#5713=CARTESIAN_POINT('',(-100.000000000001,0.,122.000001043082));
#5714=CARTESIAN_POINT('Origin',(-95.6698729810782,0.,124.500001043082));
#5715=CARTESIAN_POINT('',(-95.6698729810782,0.,124.500001043082));
#5716=CARTESIAN_POINT('',(-95.6698729810782,0.,124.500001043082));
#5717=CARTESIAN_POINT('',(-95.6698729810782,200.,124.500001043082));
#5718=CARTESIAN_POINT('',(-95.6698729810782,200.,124.500001043082));
#5719=CARTESIAN_POINT('',(-95.6698729810782,0.,124.500001043082));
#5720=CARTESIAN_POINT('Origin',(-95.6698729810782,0.,115.500000804663));
#5721=CARTESIAN_POINT('',(-95.6698729810782,0.,115.500000804663));
#5722=CARTESIAN_POINT('',(-95.6698729810782,0.,115.500000804663));
#5723=CARTESIAN_POINT('',(-95.6698729810782,200.,115.500000804663));
#5724=CARTESIAN_POINT('',(-95.6698729810782,200.,115.500000804663));
#5725=CARTESIAN_POINT('',(-95.6698729810782,0.,115.500000804663));
#5726=CARTESIAN_POINT('Origin',(-100.000000000001,0.,118.000000804663));
#5727=CARTESIAN_POINT('',(-100.000000000001,0.,118.000000804663));
#5728=CARTESIAN_POINT('',(-100.000000000001,0.,118.000000804663));
#5729=CARTESIAN_POINT('',(-100.000000000001,200.,118.000000804663));
#5730=CARTESIAN_POINT('',(-100.000000000001,200.,118.000000804663));
#5731=CARTESIAN_POINT('',(-100.000000000001,0.,118.000000804663));
#5732=CARTESIAN_POINT('Origin',(-100.000000000001,0.,102.000001043082));
#5733=CARTESIAN_POINT('',(-100.000000000001,0.,102.000001043082));
#5734=CARTESIAN_POINT('',(-100.000000000001,0.,102.000001043082));
#5735=CARTESIAN_POINT('',(-100.000000000001,200.,102.000001043082));
#5736=CARTESIAN_POINT('',(-100.000000000001,200.,102.000001043082));
#5737=CARTESIAN_POINT('',(-100.000000000001,0.,102.000001043082));
#5738=CARTESIAN_POINT('Origin',(-95.6698729810782,0.,104.500001043082));
#5739=CARTESIAN_POINT('',(-95.6698729810782,0.,104.500001043082));
#5740=CARTESIAN_POINT('',(-95.6698729810782,0.,104.500001043082));
#5741=CARTESIAN_POINT('',(-95.6698729810782,200.,104.500001043082));
#5742=CARTESIAN_POINT('',(-95.6698729810782,200.,104.500001043082));
#5743=CARTESIAN_POINT('',(-95.6698729810782,0.,104.500001043082));
#5744=CARTESIAN_POINT('Origin',(-95.6698729810782,0.,95.5000008046632));
#5745=CARTESIAN_POINT('',(-95.6698729810782,0.,95.5000008046632));
#5746=CARTESIAN_POINT('',(-95.6698729810782,0.,95.5000008046632));
#5747=CARTESIAN_POINT('',(-95.6698729810782,200.,95.5000008046632));
#5748=CARTESIAN_POINT('',(-95.6698729810782,200.,95.5000008046632));
#5749=CARTESIAN_POINT('',(-95.6698729810782,0.,95.5000008046632));
#5750=CARTESIAN_POINT('Origin',(-100.000000000001,0.,98.0000008046632));
#5751=CARTESIAN_POINT('',(-100.000000000001,0.,98.0000008046632));
#5752=CARTESIAN_POINT('',(-100.000000000001,0.,98.0000008046632));
#5753=CARTESIAN_POINT('',(-100.000000000001,200.,98.0000008046632));
#5754=CARTESIAN_POINT('',(-100.000000000001,200.,98.0000008046632));
#5755=CARTESIAN_POINT('',(-100.000000000001,0.,98.0000008046632));
#5756=CARTESIAN_POINT('Origin',(-100.000000000001,0.,82.0000010430817));
#5757=CARTESIAN_POINT('',(-100.000000000001,0.,82.0000010430817));
#5758=CARTESIAN_POINT('',(-100.000000000001,0.,82.0000010430817));
#5759=CARTESIAN_POINT('',(-100.000000000001,200.,82.0000010430817));
#5760=CARTESIAN_POINT('',(-100.000000000001,200.,82.0000010430817));
#5761=CARTESIAN_POINT('',(-100.000000000001,0.,82.0000010430817));
#5762=CARTESIAN_POINT('Origin',(-95.6698729810782,0.,84.5000010430817));
#5763=CARTESIAN_POINT('',(-95.6698729810782,0.,84.5000010430817));
#5764=CARTESIAN_POINT('',(-95.6698729810782,0.,84.5000010430817));
#5765=CARTESIAN_POINT('',(-95.6698729810782,200.,84.5000010430817));
#5766=CARTESIAN_POINT('',(-95.6698729810782,200.,84.5000010430817));
#5767=CARTESIAN_POINT('',(-95.6698729810782,0.,84.5000010430817));
#5768=CARTESIAN_POINT('Origin',(-95.6698729810782,0.,75.5000008046632));
#5769=CARTESIAN_POINT('',(-95.6698729810782,0.,75.5000008046632));
#5770=CARTESIAN_POINT('',(-95.6698729810782,0.,75.5000008046632));
#5771=CARTESIAN_POINT('',(-95.6698729810782,200.,75.5000008046632));
#5772=CARTESIAN_POINT('',(-95.6698729810782,200.,75.5000008046632));
#5773=CARTESIAN_POINT('',(-95.6698729810782,0.,75.5000008046632));
#5774=CARTESIAN_POINT('Origin',(-100.000000000001,0.,78.0000008046632));
#5775=CARTESIAN_POINT('',(-100.000000000001,0.,78.0000008046632));
#5776=CARTESIAN_POINT('',(-100.000000000001,0.,78.0000008046632));
#5777=CARTESIAN_POINT('',(-100.000000000001,200.,78.0000008046632));
#5778=CARTESIAN_POINT('',(-100.000000000001,200.,78.0000008046632));
#5779=CARTESIAN_POINT('',(-100.000000000001,0.,78.0000008046632));
#5780=CARTESIAN_POINT('Origin',(-100.,0.,50.0000000000005));
#5781=CARTESIAN_POINT('',(-100.,0.,50.0000000000005));
#5782=CARTESIAN_POINT('',(-100.,0.,50.0000000000005));
#5783=CARTESIAN_POINT('',(-100.,200.,50.0000000000005));
#5784=CARTESIAN_POINT('',(-100.,200.,50.0000000000005));
#5785=CARTESIAN_POINT('',(-100.,0.,50.0000000000005));
#5786=CARTESIAN_POINT('Origin',(-128.00000011921,0.,50.0000000000005));
#5787=CARTESIAN_POINT('',(-128.00000011921,0.,50.0000000000005));
#5788=CARTESIAN_POINT('',(-128.00000011921,0.,50.0000000000005));
#5789=CARTESIAN_POINT('',(-128.00000011921,200.,50.0000000000005));
#5790=CARTESIAN_POINT('',(-128.00000011921,200.,50.0000000000005));
#5791=CARTESIAN_POINT('',(-128.00000011921,0.,50.0000000000005));
#5792=CARTESIAN_POINT('Origin',(-125.50000011921,0.,45.6698729810782));
#5793=CARTESIAN_POINT('',(-125.50000011921,0.,45.6698729810782));
#5794=CARTESIAN_POINT('',(-125.50000011921,0.,45.6698729810782));
#5795=CARTESIAN_POINT('',(-125.50000011921,200.,45.6698729810782));
#5796=CARTESIAN_POINT('',(-125.50000011921,200.,45.6698729810782));
#5797=CARTESIAN_POINT('',(-125.50000011921,0.,45.6698729810782));
#5798=CARTESIAN_POINT('Origin',(-134.500000178814,0.,45.6698729810782));
#5799=CARTESIAN_POINT('',(-134.500000178814,0.,45.6698729810782));
#5800=CARTESIAN_POINT('',(-134.500000178814,0.,45.6698729810782));
#5801=CARTESIAN_POINT('',(-134.500000178814,200.,45.6698729810782));
#5802=CARTESIAN_POINT('',(-134.500000178814,200.,45.6698729810782));
#5803=CARTESIAN_POINT('',(-134.500000178814,0.,45.6698729810782));
#5804=CARTESIAN_POINT('Origin',(-132.000000178814,0.,50.0000000000005));
#5805=CARTESIAN_POINT('',(-132.000000178814,0.,50.0000000000005));
#5806=CARTESIAN_POINT('',(-132.000000178814,0.,50.0000000000005));
#5807=CARTESIAN_POINT('',(-132.000000178814,200.,50.0000000000005));
#5808=CARTESIAN_POINT('',(-132.000000178814,200.,50.0000000000005));
#5809=CARTESIAN_POINT('',(-132.000000178814,0.,50.0000000000005));
#5810=CARTESIAN_POINT('Origin',(-148.00000011921,0.,50.0000000000005));
#5811=CARTESIAN_POINT('',(-148.00000011921,0.,50.0000000000005));
#5812=CARTESIAN_POINT('',(-148.00000011921,0.,50.0000000000005));
#5813=CARTESIAN_POINT('',(-148.00000011921,200.,50.0000000000005));
#5814=CARTESIAN_POINT('',(-148.00000011921,200.,50.0000000000005));
#5815=CARTESIAN_POINT('',(-148.00000011921,0.,50.0000000000005));
#5816=CARTESIAN_POINT('Origin',(-145.50000011921,0.,45.6698729810782));
#5817=CARTESIAN_POINT('',(-145.50000011921,0.,45.6698729810782));
#5818=CARTESIAN_POINT('',(-145.50000011921,0.,45.6698729810782));
#5819=CARTESIAN_POINT('',(-145.50000011921,200.,45.6698729810782));
#5820=CARTESIAN_POINT('',(-145.50000011921,200.,45.6698729810782));
#5821=CARTESIAN_POINT('',(-145.50000011921,0.,45.6698729810782));
#5822=CARTESIAN_POINT('Origin',(-154.500000178814,0.,45.6698729810782));
#5823=CARTESIAN_POINT('',(-154.500000178814,0.,45.6698729810781));
#5824=CARTESIAN_POINT('',(-154.500000178814,0.,45.6698729810782));
#5825=CARTESIAN_POINT('',(-154.500000178814,200.,45.6698729810781));
#5826=CARTESIAN_POINT('',(-154.500000178814,200.,45.6698729810782));
#5827=CARTESIAN_POINT('',(-154.500000178814,0.,45.6698729810781));
#5828=CARTESIAN_POINT('Origin',(-152.000000178814,0.,50.0000000000005));
#5829=CARTESIAN_POINT('',(-152.000000178814,0.,50.0000000000005));
#5830=CARTESIAN_POINT('',(-152.000000178814,0.,50.0000000000005));
#5831=CARTESIAN_POINT('',(-152.000000178814,200.,50.0000000000005));
#5832=CARTESIAN_POINT('',(-152.000000178814,200.,50.0000000000005));
#5833=CARTESIAN_POINT('',(-152.000000178814,0.,50.0000000000005));
#5834=CARTESIAN_POINT('Origin',(-168.00000011921,0.,50.0000000000005));
#5835=CARTESIAN_POINT('',(-168.00000011921,0.,50.0000000000005));
#5836=CARTESIAN_POINT('',(-168.00000011921,0.,50.0000000000005));
#5837=CARTESIAN_POINT('',(-168.00000011921,200.,50.0000000000005));
#5838=CARTESIAN_POINT('',(-168.00000011921,200.,50.0000000000005));
#5839=CARTESIAN_POINT('',(-168.00000011921,0.,50.0000000000005));
#5840=CARTESIAN_POINT('Origin',(-165.50000011921,0.,45.6698729810781));
#5841=CARTESIAN_POINT('',(-165.50000011921,0.,45.6698729810781));
#5842=CARTESIAN_POINT('',(-165.50000011921,0.,45.6698729810781));
#5843=CARTESIAN_POINT('',(-165.50000011921,200.,45.6698729810781));
#5844=CARTESIAN_POINT('',(-165.50000011921,200.,45.6698729810781));
#5845=CARTESIAN_POINT('',(-165.50000011921,0.,45.6698729810781));
#5846=CARTESIAN_POINT('Origin',(-174.500000178814,0.,45.6698729810781));
#5847=CARTESIAN_POINT('',(-174.500000178814,0.,45.6698729810781));
#5848=CARTESIAN_POINT('',(-174.500000178814,0.,45.6698729810781));
#5849=CARTESIAN_POINT('',(-174.500000178814,200.,45.6698729810781));
#5850=CARTESIAN_POINT('',(-174.500000178814,200.,45.6698729810781));
#5851=CARTESIAN_POINT('',(-174.500000178814,0.,45.6698729810781));
#5852=CARTESIAN_POINT('Origin',(-172.000000178814,0.,50.0000000000005));
#5853=CARTESIAN_POINT('',(-172.000000178814,0.,50.0000000000005));
#5854=CARTESIAN_POINT('',(-172.000000178814,200.,50.0000000000005));
#5855=CARTESIAN_POINT('Origin',(-100.000000651926,200.,90.0000000000004));
#5856=CARTESIAN_POINT('Origin',(-100.000000651926,0.,90.0000000000004));
#5857=CARTESIAN_POINT('',(0.,0.,0.));
#5858=CARTESIAN_POINT('Origin',(-100.,0.,65.));
#5859=CARTESIAN_POINT('',(-80.,0.,55.));
#5860=CARTESIAN_POINT('',(-100.,0.,65.));
#5861=CARTESIAN_POINT('',(-80.,0.,55.));
#5862=CARTESIAN_POINT('',(-80.,200.,55.));
#5863=CARTESIAN_POINT('',(-80.,0.,55.));
#5864=CARTESIAN_POINT('',(-100.,200.,65.));
#5865=CARTESIAN_POINT('',(-80.,200.,55.));
#5866=CARTESIAN_POINT('',(-100.,0.,65.));
#5867=CARTESIAN_POINT('Origin',(-100.,0.,0.));
#5868=CARTESIAN_POINT('',(-100.,0.,0.));
#5869=CARTESIAN_POINT('',(-100.,0.,0.));
#5870=CARTESIAN_POINT('',(-100.,200.,0.));
#5871=CARTESIAN_POINT('',(-100.,200.,0.));
#5872=CARTESIAN_POINT('',(-100.,0.,0.));
#5873=CARTESIAN_POINT('Origin',(-66.,0.,0.));
#5874=CARTESIAN_POINT('',(-66.,0.,0.));
#5875=CARTESIAN_POINT('',(-66.,0.,0.));
#5876=CARTESIAN_POINT('',(-66.,200.,0.));
#5877=CARTESIAN_POINT('',(-66.,200.,0.));
#5878=CARTESIAN_POINT('',(-66.,0.,0.));
#5879=CARTESIAN_POINT('Origin',(-65.,0.,1.));
#5880=CARTESIAN_POINT('',(-65.,0.,1.));
#5881=CARTESIAN_POINT('',(-66.,0.,0.));
#5882=CARTESIAN_POINT('',(-65.,200.,0.999999999999996));
#5883=CARTESIAN_POINT('',(-66.,200.,0.));
#5884=CARTESIAN_POINT('',(-65.,0.,1.));
#5885=CARTESIAN_POINT('Origin',(-65.,0.,24.));
#5886=CARTESIAN_POINT('',(-65.,0.,24.));
#5887=CARTESIAN_POINT('',(-65.,0.,1.));
#5888=CARTESIAN_POINT('',(-65.,200.,24.));
#5889=CARTESIAN_POINT('',(-65.,200.,1.));
#5890=CARTESIAN_POINT('',(-65.,0.,24.));
#5891=CARTESIAN_POINT('Origin',(-64.,0.,25.));
#5892=CARTESIAN_POINT('',(-64.,0.,25.));
#5893=CARTESIAN_POINT('',(-65.,0.,24.));
#5894=CARTESIAN_POINT('',(-64.,200.,25.));
#5895=CARTESIAN_POINT('',(-65.,200.,24.));
#5896=CARTESIAN_POINT('',(-64.,0.,25.));
#5897=CARTESIAN_POINT('Origin',(-36.,0.,25.));
#5898=CARTESIAN_POINT('',(-36.,0.,25.));
#5899=CARTESIAN_POINT('',(-50.,0.,25.));
#5900=CARTESIAN_POINT('',(-36.,200.,25.));
#5901=CARTESIAN_POINT('',(-50.,200.,25.));
#5902=CARTESIAN_POINT('',(-36.,0.,25.));
#5903=CARTESIAN_POINT('Origin',(-35.,0.,24.));
#5904=CARTESIAN_POINT('',(-35.,0.,24.));
#5905=CARTESIAN_POINT('',(-36.,0.,25.));
#5906=CARTESIAN_POINT('',(-35.,200.,24.));
#5907=CARTESIAN_POINT('',(-36.,200.,25.));
#5908=CARTESIAN_POINT('',(-35.,0.,24.));
#5909=CARTESIAN_POINT('Origin',(-35.,0.,1.));
#5910=CARTESIAN_POINT('',(-35.,0.,1.));
#5911=CARTESIAN_POINT('',(-35.,0.,24.));
#5912=CARTESIAN_POINT('',(-35.,200.,0.999999999999996));
#5913=CARTESIAN_POINT('',(-35.,200.,24.));
#5914=CARTESIAN_POINT('',(-35.,0.,1.));
#5915=CARTESIAN_POINT('Origin',(-34.,0.,1.38777878078145E-16));
#5916=CARTESIAN_POINT('',(-34.,0.,1.38777878078145E-16));
#5917=CARTESIAN_POINT('',(-35.,0.,1.));
#5918=CARTESIAN_POINT('',(-34.,200.,0.));
#5919=CARTESIAN_POINT('',(-35.,200.,1.));
#5920=CARTESIAN_POINT('',(-34.,0.,1.38777878078145E-16));
#5921=CARTESIAN_POINT('Origin',(0.,0.,0.));
#5922=CARTESIAN_POINT('',(0.,0.,0.));
#5923=CARTESIAN_POINT('',(0.,0.,0.));
#5924=CARTESIAN_POINT('',(0.,200.,0.));
#5925=CARTESIAN_POINT('',(0.,200.,0.));
#5926=CARTESIAN_POINT('',(0.,0.,0.));
#5927=CARTESIAN_POINT('Origin',(0.,0.,150.));
#5928=CARTESIAN_POINT('',(0.,0.,150.));
#5929=CARTESIAN_POINT('',(0.,0.,150.));
#5930=CARTESIAN_POINT('',(0.,200.,150.));
#5931=CARTESIAN_POINT('',(0.,200.,150.));
#5932=CARTESIAN_POINT('',(0.,0.,150.));
#5933=CARTESIAN_POINT('Origin',(-34.,0.,150.));
#5934=CARTESIAN_POINT('',(-34.,0.,150.));
#5935=CARTESIAN_POINT('',(-34.,0.,150.));
#5936=CARTESIAN_POINT('',(-34.,200.,150.));
#5937=CARTESIAN_POINT('',(-34.,200.,150.));
#5938=CARTESIAN_POINT('',(-34.,0.,150.));
#5939=CARTESIAN_POINT('Origin',(-35.,0.,149.));
#5940=CARTESIAN_POINT('',(-35.,0.,149.));
#5941=CARTESIAN_POINT('',(-34.,0.,150.));
#5942=CARTESIAN_POINT('',(-35.,200.,149.));
#5943=CARTESIAN_POINT('',(-34.,200.,150.));
#5944=CARTESIAN_POINT('',(-35.,0.,149.));
#5945=CARTESIAN_POINT('Origin',(-35.,0.,126.));
#5946=CARTESIAN_POINT('',(-35.,0.,126.));
#5947=CARTESIAN_POINT('',(-35.,0.,126.));
#5948=CARTESIAN_POINT('',(-35.,200.,126.));
#5949=CARTESIAN_POINT('',(-35.,200.,126.));
#5950=CARTESIAN_POINT('',(-35.,0.,126.));
#5951=CARTESIAN_POINT('Origin',(-36.,0.,125.));
#5952=CARTESIAN_POINT('',(-36.,0.,125.));
#5953=CARTESIAN_POINT('',(-36.,0.,125.));
#5954=CARTESIAN_POINT('',(-36.,200.,125.));
#5955=CARTESIAN_POINT('',(-36.,200.,125.));
#5956=CARTESIAN_POINT('',(-36.,0.,125.));
#5957=CARTESIAN_POINT('Origin',(-64.,0.,125.));
#5958=CARTESIAN_POINT('',(-64.,0.,125.));
#5959=CARTESIAN_POINT('',(-64.,0.,125.));
#5960=CARTESIAN_POINT('',(-64.,200.,125.));
#5961=CARTESIAN_POINT('',(-64.,200.,125.));
#5962=CARTESIAN_POINT('',(-64.,0.,125.));
#5963=CARTESIAN_POINT('Origin',(-65.,0.,126.));
#5964=CARTESIAN_POINT('',(-65.,0.,126.));
#5965=CARTESIAN_POINT('',(-65.,0.,126.));
#5966=CARTESIAN_POINT('',(-65.,200.,126.));
#5967=CARTESIAN_POINT('',(-65.,200.,126.));
#5968=CARTESIAN_POINT('',(-65.,0.,126.));
#5969=CARTESIAN_POINT('Origin',(-65.,0.,149.));
#5970=CARTESIAN_POINT('',(-65.,0.,149.));
#5971=CARTESIAN_POINT('',(-65.,0.,149.));
#5972=CARTESIAN_POINT('',(-65.,200.,149.));
#5973=CARTESIAN_POINT('',(-65.,200.,149.));
#5974=CARTESIAN_POINT('',(-65.,0.,149.));
#5975=CARTESIAN_POINT('Origin',(-66.,0.,150.));
#5976=CARTESIAN_POINT('',(-66.,0.,150.));
#5977=CARTESIAN_POINT('',(-66.,0.,150.));
#5978=CARTESIAN_POINT('',(-66.,200.,150.));
#5979=CARTESIAN_POINT('',(-66.,200.,150.));
#5980=CARTESIAN_POINT('',(-66.,0.,150.));
#5981=CARTESIAN_POINT('Origin',(-100.,0.,150.));
#5982=CARTESIAN_POINT('',(-100.,0.,150.));
#5983=CARTESIAN_POINT('',(-100.,0.,150.));
#5984=CARTESIAN_POINT('',(-100.,200.,150.));
#5985=CARTESIAN_POINT('',(-100.,200.,150.));
#5986=CARTESIAN_POINT('',(-100.,0.,150.));
#5987=CARTESIAN_POINT('Origin',(-100.,0.,85.));
#5988=CARTESIAN_POINT('',(-100.,0.,85.));
#5989=CARTESIAN_POINT('',(-100.,0.,85.));
#5990=CARTESIAN_POINT('',(-100.,200.,85.));
#5991=CARTESIAN_POINT('',(-100.,200.,85.));
#5992=CARTESIAN_POINT('',(-100.,0.,85.));
#5993=CARTESIAN_POINT('Origin',(-80.,0.,95.));
#5994=CARTESIAN_POINT('',(-80.,0.,95.));
#5995=CARTESIAN_POINT('',(-80.,0.,95.));
#5996=CARTESIAN_POINT('',(-80.,200.,95.));
#5997=CARTESIAN_POINT('',(-80.,200.,95.));
#5998=CARTESIAN_POINT('',(-80.,0.,95.));
#5999=CARTESIAN_POINT('Origin',(-80.,0.,55.));
#6000=CARTESIAN_POINT('',(-80.,0.,75.));
#6001=CARTESIAN_POINT('',(-80.,200.,75.));
#6002=CARTESIAN_POINT('Origin',(-50.,200.,75.));
#6003=CARTESIAN_POINT('Origin',(-50.,0.,75.));
#6004=CARTESIAN_POINT('',(0.,0.,0.));
#6005=CARTESIAN_POINT('Origin',(95.6698729810778,0.,95.5000008046627));
#6006=CARTESIAN_POINT('',(100.,0.,98.0000008046627));
#6007=CARTESIAN_POINT('',(95.6698729810778,0.,95.5000008046627));
#6008=CARTESIAN_POINT('',(100.,0.,98.0000008046627));
#6009=CARTESIAN_POINT('',(100.,200.,98.0000008046627));
#6010=CARTESIAN_POINT('',(100.,0.,98.0000008046627));
#6011=CARTESIAN_POINT('',(95.6698729810778,200.,95.5000008046627));
#6012=CARTESIAN_POINT('',(100.,200.,98.0000008046627));
#6013=CARTESIAN_POINT('',(95.6698729810778,0.,95.5000008046627));
#6014=CARTESIAN_POINT('Origin',(95.6698729810778,0.,104.500001043081));
#6015=CARTESIAN_POINT('',(95.6698729810778,0.,104.500001043081));
#6016=CARTESIAN_POINT('',(95.6698729810778,0.,104.500001043081));
#6017=CARTESIAN_POINT('',(95.6698729810778,200.,104.500001043081));
#6018=CARTESIAN_POINT('',(95.6698729810778,200.,104.500001043081));
#6019=CARTESIAN_POINT('',(95.6698729810778,0.,104.500001043081));
#6020=CARTESIAN_POINT('Origin',(100.,0.,102.000001043081));
#6021=CARTESIAN_POINT('',(100.,0.,102.000001043081));
#6022=CARTESIAN_POINT('',(100.,0.,102.000001043081));
#6023=CARTESIAN_POINT('',(100.,200.,102.000001043081));
#6024=CARTESIAN_POINT('',(100.,200.,102.000001043081));
#6025=CARTESIAN_POINT('',(100.,0.,102.000001043081));
#6026=CARTESIAN_POINT('Origin',(100.,0.,118.000000804663));
#6027=CARTESIAN_POINT('',(100.,0.,118.000000804663));
#6028=CARTESIAN_POINT('',(100.,0.,50.));
#6029=CARTESIAN_POINT('',(100.,200.,118.000000804663));
#6030=CARTESIAN_POINT('',(100.,200.,50.));
#6031=CARTESIAN_POINT('',(100.,0.,118.000000804663));
#6032=CARTESIAN_POINT('Origin',(95.6698729810778,0.,115.500000804663));
#6033=CARTESIAN_POINT('',(95.6698729810778,0.,115.500000804663));
#6034=CARTESIAN_POINT('',(100.,0.,118.000000804663));
#6035=CARTESIAN_POINT('',(95.6698729810778,200.,115.500000804663));
#6036=CARTESIAN_POINT('',(100.,200.,118.000000804663));
#6037=CARTESIAN_POINT('',(95.6698729810778,0.,115.500000804663));
#6038=CARTESIAN_POINT('Origin',(95.6698729810778,0.,124.500001043081));
#6039=CARTESIAN_POINT('',(95.6698729810778,0.,124.500001043081));
#6040=CARTESIAN_POINT('',(95.6698729810778,0.,124.500001043081));
#6041=CARTESIAN_POINT('',(95.6698729810778,200.,124.500001043081));
#6042=CARTESIAN_POINT('',(95.6698729810778,200.,124.500001043081));
#6043=CARTESIAN_POINT('',(95.6698729810778,0.,124.500001043081));
#6044=CARTESIAN_POINT('Origin',(100.,0.,122.000001043081));
#6045=CARTESIAN_POINT('',(100.,0.,122.000001043081));
#6046=CARTESIAN_POINT('',(100.,0.,122.000001043081));
#6047=CARTESIAN_POINT('',(100.,200.,122.000001043081));
#6048=CARTESIAN_POINT('',(100.,200.,122.000001043081));
#6049=CARTESIAN_POINT('',(100.,0.,122.000001043081));
#6050=CARTESIAN_POINT('Origin',(100.,0.,155.));
#6051=CARTESIAN_POINT('',(100.,0.,155.));
#6052=CARTESIAN_POINT('',(100.,0.,50.));
#6053=CARTESIAN_POINT('',(100.,200.,155.));
#6054=CARTESIAN_POINT('',(100.,200.,50.));
#6055=CARTESIAN_POINT('',(100.,0.,155.));
#6056=CARTESIAN_POINT('Origin',(64.9999999999999,0.,155.));
#6057=CARTESIAN_POINT('',(64.9999999999999,0.,155.));
#6058=CARTESIAN_POINT('',(64.9999999999999,0.,155.));
#6059=CARTESIAN_POINT('',(64.9999999999999,200.,155.));
#6060=CARTESIAN_POINT('',(64.9999999999999,200.,155.));
#6061=CARTESIAN_POINT('',(64.9999999999999,0.,155.));
#6062=CARTESIAN_POINT('Origin',(64.9999999999999,0.,179.));
#6063=CARTESIAN_POINT('',(64.9999999999999,0.,179.));
#6064=CARTESIAN_POINT('',(64.9999999999999,0.,179.));
#6065=CARTESIAN_POINT('',(64.9999999999999,200.,179.));
#6066=CARTESIAN_POINT('',(64.9999999999999,200.,179.));
#6067=CARTESIAN_POINT('',(64.9999999999999,0.,179.));
#6068=CARTESIAN_POINT('Origin',(63.9999999999999,0.,180.));
#6069=CARTESIAN_POINT('',(63.9999999999999,0.,180.));
#6070=CARTESIAN_POINT('',(63.9999999999999,0.,180.));
#6071=CARTESIAN_POINT('',(63.9999999999999,200.,180.));
#6072=CARTESIAN_POINT('',(63.9999999999999,200.,180.));
#6073=CARTESIAN_POINT('',(63.9999999999999,0.,180.));
#6074=CARTESIAN_POINT('Origin',(35.9999999999999,0.,180.));
#6075=CARTESIAN_POINT('',(35.9999999999999,0.,180.));
#6076=CARTESIAN_POINT('',(49.9999999999999,0.,180.));
#6077=CARTESIAN_POINT('',(35.9999999999999,200.,180.));
#6078=CARTESIAN_POINT('',(49.9999999999999,200.,180.));
#6079=CARTESIAN_POINT('',(35.9999999999999,0.,180.));
#6080=CARTESIAN_POINT('Origin',(34.9999999999999,0.,179.));
#6081=CARTESIAN_POINT('',(34.9999999999999,0.,179.));
#6082=CARTESIAN_POINT('',(35.9999999999999,0.,180.));
#6083=CARTESIAN_POINT('',(34.9999999999999,200.,179.));
#6084=CARTESIAN_POINT('',(35.9999999999999,200.,180.));
#6085=CARTESIAN_POINT('',(34.9999999999999,0.,179.));
#6086=CARTESIAN_POINT('Origin',(34.9999999999999,0.,155.00000230968));
#6087=CARTESIAN_POINT('',(34.9999999999999,0.,155.00000230968));
#6088=CARTESIAN_POINT('',(34.9999999999999,0.,179.));
#6089=CARTESIAN_POINT('',(34.9999999999999,200.,155.00000230968));
#6090=CARTESIAN_POINT('',(34.9999999999999,200.,179.));
#6091=CARTESIAN_POINT('',(34.9999999999999,0.,155.00000230968));
#6092=CARTESIAN_POINT('Origin',(-1.46549439250521E-13,0.,155.00000230968));
#6093=CARTESIAN_POINT('',(-1.46549439250521E-13,0.,155.00000230968));
#6094=CARTESIAN_POINT('',(34.9999999999999,0.,155.00000230968));
#6095=CARTESIAN_POINT('',(-1.4210854715202E-13,200.,155.00000230968));
#6096=CARTESIAN_POINT('',(34.9999999999999,200.,155.00000230968));
#6097=CARTESIAN_POINT('',(-1.46549439250521E-13,0.,155.00000230968));
#6098=CARTESIAN_POINT('Origin',(-2.09215361084918E-13,0.,0.));
#6099=CARTESIAN_POINT('',(-2.09215361084918E-13,0.,0.));
#6100=CARTESIAN_POINT('',(-1.48023954205101E-13,0.,155.00000230968));
#6101=CARTESIAN_POINT('',(-2.1316282072803E-13,200.,0.));
#6102=CARTESIAN_POINT('',(-1.48023954205101E-13,200.,155.00000230968));
#6103=CARTESIAN_POINT('',(-2.09215361084918E-13,0.,0.));
#6104=CARTESIAN_POINT('Origin',(200.000001303851,0.,0.));
#6105=CARTESIAN_POINT('',(200.000001303851,0.,0.));
#6106=CARTESIAN_POINT('',(200.000001303851,0.,0.));
#6107=CARTESIAN_POINT('',(200.000001303851,200.,0.));
#6108=CARTESIAN_POINT('',(200.000001303851,200.,0.));
#6109=CARTESIAN_POINT('',(200.000001303851,0.,0.));
#6110=CARTESIAN_POINT('Origin',(200.000001303851,0.,24.9999999999998));
#6111=CARTESIAN_POINT('',(200.000001303851,0.,24.9999999999998));
#6112=CARTESIAN_POINT('',(200.000001303851,0.,24.9999999999998));
#6113=CARTESIAN_POINT('',(200.000001303851,200.,24.9999999999998));
#6114=CARTESIAN_POINT('',(200.000001303851,200.,24.9999999999998));
#6115=CARTESIAN_POINT('',(200.000001303851,0.,24.9999999999998));
#6116=CARTESIAN_POINT('Origin',(200.,0.,50.));
#6117=CARTESIAN_POINT('',(200.,0.,50.));
#6118=CARTESIAN_POINT('',(200.000001303851,0.,24.9999999999998));
#6119=CARTESIAN_POINT('',(200.,200.,50.));
#6120=CARTESIAN_POINT('',(200.000001303851,200.,24.9999999999998));
#6121=CARTESIAN_POINT('',(200.,0.,50.));
#6122=CARTESIAN_POINT('Origin',(172.000000178814,0.,50.));
#6123=CARTESIAN_POINT('',(172.000000178814,0.,50.));
#6124=CARTESIAN_POINT('',(152.000000178814,0.,50.));
#6125=CARTESIAN_POINT('',(172.000000178814,200.,50.));
#6126=CARTESIAN_POINT('',(152.000000178814,200.,50.));
#6127=CARTESIAN_POINT('',(172.000000178814,0.,50.));
#6128=CARTESIAN_POINT('Origin',(174.500000178814,0.,45.6698729810776));
#6129=CARTESIAN_POINT('',(174.500000178814,0.,45.6698729810776));
#6130=CARTESIAN_POINT('',(172.000000178814,0.,49.9999999999998));
#6131=CARTESIAN_POINT('',(174.500000178814,200.,45.6698729810776));
#6132=CARTESIAN_POINT('',(172.000000178814,200.,49.9999999999998));
#6133=CARTESIAN_POINT('',(174.500000178814,0.,45.6698729810776));
#6134=CARTESIAN_POINT('Origin',(165.500000119209,0.,45.6698729810777));
#6135=CARTESIAN_POINT('',(165.500000119209,0.,45.6698729810777));
#6136=CARTESIAN_POINT('',(165.500000119209,0.,45.6698729810777));
#6137=CARTESIAN_POINT('',(165.500000119209,200.,45.6698729810777));
#6138=CARTESIAN_POINT('',(165.500000119209,200.,45.6698729810777));
#6139=CARTESIAN_POINT('',(165.500000119209,0.,45.6698729810777));
#6140=CARTESIAN_POINT('Origin',(168.000000119209,0.,49.9999999999999));
#6141=CARTESIAN_POINT('',(168.000000119209,0.,50.));
#6142=CARTESIAN_POINT('',(168.000000119209,0.,49.9999999999999));
#6143=CARTESIAN_POINT('',(168.000000119209,200.,50.));
#6144=CARTESIAN_POINT('',(168.000000119209,200.,49.9999999999999));
#6145=CARTESIAN_POINT('',(168.000000119209,0.,50.));
#6146=CARTESIAN_POINT('Origin',(152.000000178814,0.,50.));
#6147=CARTESIAN_POINT('',(152.000000178814,0.,50.));
#6148=CARTESIAN_POINT('',(152.000000178814,0.,50.));
#6149=CARTESIAN_POINT('',(152.000000178814,200.,50.));
#6150=CARTESIAN_POINT('',(152.000000178814,200.,50.));
#6151=CARTESIAN_POINT('',(152.000000178814,0.,50.));
#6152=CARTESIAN_POINT('Origin',(154.500000178814,0.,45.6698729810777));
#6153=CARTESIAN_POINT('',(154.500000178814,0.,45.6698729810777));
#6154=CARTESIAN_POINT('',(152.000000178814,0.,49.9999999999999));
#6155=CARTESIAN_POINT('',(154.500000178814,200.,45.6698729810777));
#6156=CARTESIAN_POINT('',(152.000000178814,200.,49.9999999999999));
#6157=CARTESIAN_POINT('',(154.500000178814,0.,45.6698729810777));
#6158=CARTESIAN_POINT('Origin',(145.500000119209,0.,45.6698729810777));
#6159=CARTESIAN_POINT('',(145.500000119209,0.,45.6698729810777));
#6160=CARTESIAN_POINT('',(145.500000119209,0.,45.6698729810777));
#6161=CARTESIAN_POINT('',(145.500000119209,200.,45.6698729810777));
#6162=CARTESIAN_POINT('',(145.500000119209,200.,45.6698729810777));
#6163=CARTESIAN_POINT('',(145.500000119209,0.,45.6698729810777));
#6164=CARTESIAN_POINT('Origin',(148.000000119209,0.,49.9999999999999));
#6165=CARTESIAN_POINT('',(148.000000119209,0.,50.));
#6166=CARTESIAN_POINT('',(148.000000119209,0.,49.9999999999999));
#6167=CARTESIAN_POINT('',(148.000000119209,200.,50.));
#6168=CARTESIAN_POINT('',(148.000000119209,200.,49.9999999999999));
#6169=CARTESIAN_POINT('',(148.000000119209,0.,50.));
#6170=CARTESIAN_POINT('Origin',(132.000000178814,0.,50.));
#6171=CARTESIAN_POINT('',(132.000000178814,0.,50.));
#6172=CARTESIAN_POINT('',(152.000000178814,0.,50.));
#6173=CARTESIAN_POINT('',(132.000000178814,200.,50.));
#6174=CARTESIAN_POINT('',(152.000000178814,200.,50.));
#6175=CARTESIAN_POINT('',(132.000000178814,0.,50.));
#6176=CARTESIAN_POINT('Origin',(134.500000178814,0.,45.6698729810777));
#6177=CARTESIAN_POINT('',(134.500000178814,0.,45.6698729810777));
#6178=CARTESIAN_POINT('',(132.000000178814,0.,49.9999999999999));
#6179=CARTESIAN_POINT('',(134.500000178814,200.,45.6698729810777));
#6180=CARTESIAN_POINT('',(132.000000178814,200.,49.9999999999999));
#6181=CARTESIAN_POINT('',(134.500000178814,0.,45.6698729810777));
#6182=CARTESIAN_POINT('Origin',(125.500000119209,0.,45.6698729810777));
#6183=CARTESIAN_POINT('',(125.500000119209,0.,45.6698729810777));
#6184=CARTESIAN_POINT('',(125.500000119209,0.,45.6698729810777));
#6185=CARTESIAN_POINT('',(125.500000119209,200.,45.6698729810777));
#6186=CARTESIAN_POINT('',(125.500000119209,200.,45.6698729810777));
#6187=CARTESIAN_POINT('',(125.500000119209,0.,45.6698729810777));
#6188=CARTESIAN_POINT('Origin',(128.000000119209,0.,49.9999999999999));
#6189=CARTESIAN_POINT('',(128.000000119209,0.,50.));
#6190=CARTESIAN_POINT('',(128.000000119209,0.,49.9999999999999));
#6191=CARTESIAN_POINT('',(128.000000119209,200.,50.));
#6192=CARTESIAN_POINT('',(128.000000119209,200.,49.9999999999999));
#6193=CARTESIAN_POINT('',(128.000000119209,0.,50.));
#6194=CARTESIAN_POINT('Origin',(99.9999999999999,0.,50.));
#6195=CARTESIAN_POINT('',(99.9999999999999,0.,50.));
#6196=CARTESIAN_POINT('',(152.000000178814,0.,50.));
#6197=CARTESIAN_POINT('',(99.9999999999999,200.,50.));
#6198=CARTESIAN_POINT('',(152.000000178814,200.,50.));
#6199=CARTESIAN_POINT('',(99.9999999999999,0.,50.));
#6200=CARTESIAN_POINT('Origin',(100.,0.,78.0000008046627));
#6201=CARTESIAN_POINT('',(100.,0.,78.0000008046627));
#6202=CARTESIAN_POINT('',(100.,0.,50.));
#6203=CARTESIAN_POINT('',(100.,200.,78.0000008046627));
#6204=CARTESIAN_POINT('',(100.,200.,50.));
#6205=CARTESIAN_POINT('',(100.,0.,78.0000008046627));
#6206=CARTESIAN_POINT('Origin',(95.6698729810778,0.,75.5000008046627));
#6207=CARTESIAN_POINT('',(95.6698729810778,0.,75.5000008046627));
#6208=CARTESIAN_POINT('',(100.,0.,78.0000008046627));
#6209=CARTESIAN_POINT('',(95.6698729810778,200.,75.5000008046627));
#6210=CARTESIAN_POINT('',(100.,200.,78.0000008046627));
#6211=CARTESIAN_POINT('',(95.6698729810778,0.,75.5000008046627));
#6212=CARTESIAN_POINT('Origin',(95.6698729810778,0.,84.5000010430813));
#6213=CARTESIAN_POINT('',(95.6698729810778,0.,84.5000010430813));
#6214=CARTESIAN_POINT('',(95.6698729810778,0.,84.5000010430813));
#6215=CARTESIAN_POINT('',(95.6698729810778,200.,84.5000010430813));
#6216=CARTESIAN_POINT('',(95.6698729810778,200.,84.5000010430813));
#6217=CARTESIAN_POINT('',(95.6698729810778,0.,84.5000010430813));
#6218=CARTESIAN_POINT('Origin',(100.,0.,82.0000010430813));
#6219=CARTESIAN_POINT('',(100.,0.,82.0000010430813));
#6220=CARTESIAN_POINT('',(100.,0.,82.0000010430813));
#6221=CARTESIAN_POINT('',(100.,200.,82.0000010430813));
#6222=CARTESIAN_POINT('',(100.,200.,82.0000010430813));
#6223=CARTESIAN_POINT('',(100.,0.,82.0000010430813));
#6224=CARTESIAN_POINT('Origin',(100.,0.,98.0000008046627));
#6225=CARTESIAN_POINT('',(100.,0.,50.));
#6226=CARTESIAN_POINT('',(100.,200.,50.));
#6227=CARTESIAN_POINT('Origin',(100.000000651926,200.,89.9999999999999));
#6228=CARTESIAN_POINT('Origin',(100.000000651926,0.,89.9999999999999));
#6229=CARTESIAN_POINT('',(0.,0.,0.));
#6230=CARTESIAN_POINT('Origin',(39.6464466094067,149.5,79.6464466094067));
#6231=CARTESIAN_POINT('',(100.,149.,20.));
#6232=CARTESIAN_POINT('',(100.,150.,18.5857864376269));
#6233=CARTESIAN_POINT('',(100.,110.191197709602,74.8839345385364));
#6234=CARTESIAN_POINT('',(19.5857864376269,150.,99.));
#6235=CARTESIAN_POINT('',(39.2928932188135,150.,79.2928932188134));
#6236=CARTESIAN_POINT('',(20.,149.,100.));
#6237=CARTESIAN_POINT('',(18.846663256468,151.784401208218,97.2155987917817));
#6238=CARTESIAN_POINT('',(40.,149.,80.));
#6239=CARTESIAN_POINT('Origin',(100.,0.,20.));
#6240=CARTESIAN_POINT('',(100.,1.,20.));
#6241=CARTESIAN_POINT('',(100.,0.,20.));
#6242=CARTESIAN_POINT('',(100.,0.,18.5857864376269));
#6243=CARTESIAN_POINT('',(100.,14.8088022903977,39.5285954792088));
#6244=CARTESIAN_POINT('',(100.,0.,1.));
#6245=CARTESIAN_POINT('',(100.,0.,0.));
#6246=CARTESIAN_POINT('',(100.,150.,1.));
#6247=CARTESIAN_POINT('',(100.,0.,1.));
#6248=CARTESIAN_POINT('',(100.,150.,0.));
#6249=CARTESIAN_POINT('Origin',(20.,0.,100.));
#6250=CARTESIAN_POINT('',(20.,1.,100.));
#6251=CARTESIAN_POINT('',(20.,0.,100.));
#6252=CARTESIAN_POINT('',(40.,1.,80.));
#6253=CARTESIAN_POINT('Origin',(39.6464466094067,0.5,79.6464466094067));
#6254=CARTESIAN_POINT('',(19.5857864376269,0.,99.));
#6255=CARTESIAN_POINT('',(18.846663256468,-1.78440120821836,97.2155987917816));
#6256=CARTESIAN_POINT('',(39.2928932188135,0.,79.2928932188135));
#6257=CARTESIAN_POINT('Origin',(47.8349364905389,0.,47.8349364905389));
#6258=CARTESIAN_POINT('',(0.999999999999996,0.,99.));
#6259=CARTESIAN_POINT('',(23.9174682452695,0.,99.));
#6260=CARTESIAN_POINT('',(0.999999999999996,0.,71.4226507738917));
#6261=CARTESIAN_POINT('',(0.999999999999996,0.,59.9174687668101));
#6262=CARTESIAN_POINT('',(-4.33012701892219,0.,74.5000010430813));
#6263=CARTESIAN_POINT('',(0.,0.,72.0000010430813));
#6264=CARTESIAN_POINT('',(-4.33012701892219,0.,65.5000008046627));
#6265=CARTESIAN_POINT('',(-4.33012701892219,0.,74.5000010430813));
#6266=CARTESIAN_POINT('',(0.,0.,68.0000008046627));
#6267=CARTESIAN_POINT('',(0.,0.,68.0000008046627));
#6268=CARTESIAN_POINT('',(0.,0.,52.0000010430813));
#6269=CARTESIAN_POINT('',(0.,0.,52.0000010430813));
#6270=CARTESIAN_POINT('',(-4.33012701892219,0.,54.5000010430813));
#6271=CARTESIAN_POINT('',(0.,0.,52.0000010430813));
#6272=CARTESIAN_POINT('',(-4.33012701892219,0.,45.5000008046627));
#6273=CARTESIAN_POINT('',(-4.33012701892219,0.,54.5000010430813));
#6274=CARTESIAN_POINT('',(0.,0.,48.0000008046627));
#6275=CARTESIAN_POINT('',(0.,0.,48.0000008046627));
#6276=CARTESIAN_POINT('',(0.,0.,32.0000010430813));
#6277=CARTESIAN_POINT('',(0.,0.,32.0000010430813));
#6278=CARTESIAN_POINT('',(-4.33012701892219,0.,34.5000010430813));
#6279=CARTESIAN_POINT('',(0.,0.,32.0000010430813));
#6280=CARTESIAN_POINT('',(-4.33012701892219,0.,25.5000008046627));
#6281=CARTESIAN_POINT('',(-4.33012701892219,0.,34.5000010430813));
#6282=CARTESIAN_POINT('',(0.999999999999996,0.,28.5773510738523));
#6283=CARTESIAN_POINT('',(0.,0.,28.0000008046627));
#6284=CARTESIAN_POINT('',(1.,0.,0.));
#6285=CARTESIAN_POINT('',(0.999999999999996,0.,23.9174682452695));
#6286=CARTESIAN_POINT('',(28.0000001192093,0.,0.));
#6287=CARTESIAN_POINT('',(0.,0.,0.));
#6288=CARTESIAN_POINT('',(25.5000001192093,0.,-4.33012701892219));
#6289=CARTESIAN_POINT('',(28.0000001192093,0.,0.));
#6290=CARTESIAN_POINT('',(34.5000001788139,0.,-4.33012701892219));
#6291=CARTESIAN_POINT('',(25.5000001192093,0.,-4.33012701892219));
#6292=CARTESIAN_POINT('',(32.0000001788139,0.,0.));
#6293=CARTESIAN_POINT('',(32.0000001788139,0.,0.));
#6294=CARTESIAN_POINT('',(48.0000001192093,0.,0.));
#6295=CARTESIAN_POINT('',(32.0000001788139,0.,0.));
#6296=CARTESIAN_POINT('',(45.5000001192093,0.,-4.33012701892219));
#6297=CARTESIAN_POINT('',(48.0000001192093,0.,0.));
#6298=CARTESIAN_POINT('',(54.5000001788139,0.,-4.33012701892219));
#6299=CARTESIAN_POINT('',(45.5000001192093,0.,-4.33012701892219));
#6300=CARTESIAN_POINT('',(52.0000001788139,0.,0.));
#6301=CARTESIAN_POINT('',(52.0000001788139,0.,0.));
#6302=CARTESIAN_POINT('',(68.0000001192093,0.,0.));
#6303=CARTESIAN_POINT('',(52.0000001788139,0.,0.));
#6304=CARTESIAN_POINT('',(65.5000001192093,0.,-4.33012701892219));
#6305=CARTESIAN_POINT('',(68.0000001192093,0.,0.));
#6306=CARTESIAN_POINT('',(74.5000001788139,0.,-4.33012701892219));
#6307=CARTESIAN_POINT('',(65.5000001192093,0.,-4.33012701892219));
#6308=CARTESIAN_POINT('',(72.0000001788139,0.,0.));
#6309=CARTESIAN_POINT('',(72.0000001788139,0.,0.));
#6310=CARTESIAN_POINT('',(99.,0.,0.));
#6311=CARTESIAN_POINT('',(72.0000001788139,0.,0.));
#6312=CARTESIAN_POINT('',(98.4174682452692,0.,-0.582531754730713));
#6313=CARTESIAN_POINT('',(19.,0.,19.));
#6314=CARTESIAN_POINT('',(81.,0.,19.));
#6315=CARTESIAN_POINT('',(33.9174682452695,0.,19.));
#6316=CARTESIAN_POINT('',(19.,0.,81.));
#6317=CARTESIAN_POINT('',(19.,0.,63.9174682452695));
#6318=CARTESIAN_POINT('',(25.4142139349021,0.,81.));
#6319=CARTESIAN_POINT('',(36.417468431534,0.,81.));
#6320=CARTESIAN_POINT('',(81.,0.,25.4142139349021));
#6321=CARTESIAN_POINT('',(66.9571068743188,0.,39.4571070605833));
#6322=CARTESIAN_POINT('',(81.,0.,33.9174682452695));
#6323=CARTESIAN_POINT('Origin',(23.9174682452695,0.5,99.5));
#6324=CARTESIAN_POINT('',(1.,1.,100.));
#6325=CARTESIAN_POINT('',(23.9174682452695,1.,100.));
#6326=CARTESIAN_POINT('',(0.500000000000003,0.499999999999997,99.5));
#6327=CARTESIAN_POINT('',(4.31957804087826,4.31957804087825,103.319578040878));
#6328=CARTESIAN_POINT('',(10.9999999130765,-9.99999991307657,89.0000000869235));
#6329=CARTESIAN_POINT('Origin',(0.5,149.5,59.9174687668101));
#6330=CARTESIAN_POINT('',(0.500000000000012,149.5,99.5));
#6331=CARTESIAN_POINT('',(1.,150.,99.));
#6332=CARTESIAN_POINT('',(10.9999999130766,159.999999913077,89.0000000869234));
#6333=CARTESIAN_POINT('',(1.,150.,71.4226507738917));
#6334=CARTESIAN_POINT('',(1.,150.,59.9174687668101));
#6335=CARTESIAN_POINT('',(0.,149.,72.0000010430813));
#6336=CARTESIAN_POINT('',(-31.4566391635069,117.543360836493,90.1615001319329));
#6337=CARTESIAN_POINT('',(0.,149.,99.));
#6338=CARTESIAN_POINT('',(0.,149.,59.9174687668101));
#6339=CARTESIAN_POINT('',(-31.0137552055317,117.986244794468,67.9862447944684));
#6340=CARTESIAN_POINT('Origin',(0.5,0.,99.5));
#6341=CARTESIAN_POINT('',(0.,1.,99.));
#6342=CARTESIAN_POINT('',(0.,0.,99.));
#6343=CARTESIAN_POINT('',(-6.01375520553163,7.01375520553165,92.9862447944684));
#6344=CARTESIAN_POINT('',(1.,149.,100.));
#6345=CARTESIAN_POINT('',(1.,0.,100.));
#6346=CARTESIAN_POINT('',(29.3195780408783,120.680421959122,128.319578040878));
#6347=CARTESIAN_POINT('Origin',(0.,0.,72.0000010430813));
#6348=CARTESIAN_POINT('',(0.,1.,72.0000010430813));
#6349=CARTESIAN_POINT('',(0.,0.,72.0000010430813));
#6350=CARTESIAN_POINT('',(0.,1.,59.9174687668101));
#6351=CARTESIAN_POINT('Origin',(0.5,149.5,23.9174682452695));
#6352=CARTESIAN_POINT('',(1.,150.,0.));
#6353=CARTESIAN_POINT('',(0.,149.,1.));
#6354=CARTESIAN_POINT('',(-28.3195780408782,120.680421959122,29.3195780408782));
#6355=CARTESIAN_POINT('',(0.,149.,28.0000008046627));
#6356=CARTESIAN_POINT('',(0.,149.,23.9174682452695));
#6357=CARTESIAN_POINT('',(1.,150.,28.5773510738523));
#6358=CARTESIAN_POINT('',(-32.2193681297445,116.780631870256,9.39813994183505));
#6359=CARTESIAN_POINT('',(1.,150.,23.9174682452695));
#6360=CARTESIAN_POINT('Origin',(47.8349364905389,150.,47.8349364905389));
#6361=CARTESIAN_POINT('',(99.,150.,0.));
#6362=CARTESIAN_POINT('',(98.4174682452692,150.,-0.582531754730713));
#6363=CARTESIAN_POINT('',(72.0000001788139,150.,0.));
#6364=CARTESIAN_POINT('',(72.0000001788139,150.,0.));
#6365=CARTESIAN_POINT('',(74.5000001788139,150.,-4.33012701892219));
#6366=CARTESIAN_POINT('',(72.0000001788139,150.,0.));
#6367=CARTESIAN_POINT('',(65.5000001192093,150.,-4.3301270189222));
#6368=CARTESIAN_POINT('',(65.5000001192093,150.,-4.33012701892219));
#6369=CARTESIAN_POINT('',(68.0000001192093,150.,0.));
#6370=CARTESIAN_POINT('',(68.0000001192093,150.,0.));
#6371=CARTESIAN_POINT('',(52.0000001788139,150.,0.));
#6372=CARTESIAN_POINT('',(52.0000001788139,150.,0.));
#6373=CARTESIAN_POINT('',(54.5000001788139,150.,-4.33012701892219));
#6374=CARTESIAN_POINT('',(52.0000001788139,150.,0.));
#6375=CARTESIAN_POINT('',(45.5000001192093,150.,-4.3301270189222));
#6376=CARTESIAN_POINT('',(45.5000001192093,150.,-4.33012701892219));
#6377=CARTESIAN_POINT('',(48.0000001192093,150.,0.));
#6378=CARTESIAN_POINT('',(48.0000001192093,150.,0.));
#6379=CARTESIAN_POINT('',(32.0000001788139,150.,0.));
#6380=CARTESIAN_POINT('',(32.0000001788139,150.,0.));
#6381=CARTESIAN_POINT('',(34.5000001788139,150.,-4.33012701892219));
#6382=CARTESIAN_POINT('',(32.0000001788139,150.,0.));
#6383=CARTESIAN_POINT('',(25.5000001192093,150.,-4.3301270189222));
#6384=CARTESIAN_POINT('',(25.5000001192093,150.,-4.33012701892219));
#6385=CARTESIAN_POINT('',(28.0000001192093,150.,0.));
#6386=CARTESIAN_POINT('',(28.0000001192093,150.,0.));
#6387=CARTESIAN_POINT('',(0.,150.,0.));
#6388=CARTESIAN_POINT('',(-4.33012701892219,150.,25.5000008046627));
#6389=CARTESIAN_POINT('',(0.,150.,28.0000008046627));
#6390=CARTESIAN_POINT('',(-4.33012701892219,150.,34.5000010430813));
#6391=CARTESIAN_POINT('',(-4.33012701892219,150.,34.5000010430813));
#6392=CARTESIAN_POINT('',(0.,150.,32.0000010430813));
#6393=CARTESIAN_POINT('',(0.,150.,32.0000010430813));
#6394=CARTESIAN_POINT('',(0.,150.,48.0000008046627));
#6395=CARTESIAN_POINT('',(0.,150.,32.0000010430813));
#6396=CARTESIAN_POINT('',(-4.33012701892219,150.,45.5000008046627));
#6397=CARTESIAN_POINT('',(0.,150.,48.0000008046627));
#6398=CARTESIAN_POINT('',(-4.33012701892219,150.,54.5000010430813));
#6399=CARTESIAN_POINT('',(-4.33012701892219,150.,54.5000010430813));
#6400=CARTESIAN_POINT('',(0.,150.,52.0000010430813));
#6401=CARTESIAN_POINT('',(0.,150.,52.0000010430813));
#6402=CARTESIAN_POINT('',(0.,150.,68.0000008046627));
#6403=CARTESIAN_POINT('',(0.,150.,52.0000010430813));
#6404=CARTESIAN_POINT('',(-4.33012701892219,150.,65.5000008046627));
#6405=CARTESIAN_POINT('',(0.,150.,68.0000008046627));
#6406=CARTESIAN_POINT('',(-4.33012701892219,150.,74.5000010430813));
#6407=CARTESIAN_POINT('',(-4.33012701892219,150.,74.5000010430813));
#6408=CARTESIAN_POINT('',(0.,150.,72.0000010430813));
#6409=CARTESIAN_POINT('',(23.9174682452695,150.,99.));
#6410=CARTESIAN_POINT('',(25.4142139349021,150.,81.));
#6411=CARTESIAN_POINT('',(81.,150.,25.4142139349021));
#6412=CARTESIAN_POINT('',(66.9571068743188,150.,39.4571070605833));
#6413=CARTESIAN_POINT('',(19.,150.,81.));
#6414=CARTESIAN_POINT('',(36.417468431534,150.,81.));
#6415=CARTESIAN_POINT('',(19.,150.,19.));
#6416=CARTESIAN_POINT('',(19.,150.,63.9174682452695));
#6417=CARTESIAN_POINT('',(81.,150.,19.));
#6418=CARTESIAN_POINT('',(33.9174682452695,150.,19.));
#6419=CARTESIAN_POINT('',(81.,150.,33.9174682452695));
#6420=CARTESIAN_POINT('Origin',(0.499999999999998,0.5,23.9174682452695));
#6421=CARTESIAN_POINT('',(0.,1.,1.));
#6422=CARTESIAN_POINT('',(-3.31957804087823,4.31957804087824,4.31957804087823));
#6423=CARTESIAN_POINT('',(0.,1.,28.0000008046627));
#6424=CARTESIAN_POINT('',(-0.0765109868873787,1.07651098688738,27.9558271657873));
#6425=CARTESIAN_POINT('',(0.,1.,23.9174682452695));
#6426=CARTESIAN_POINT('Origin',(0.,0.,0.));
#6427=CARTESIAN_POINT('',(0.,0.,1.));
#6428=CARTESIAN_POINT('',(0.,0.,28.0000008046627));
#6429=CARTESIAN_POINT('Origin',(0.499999999999998,0.5,59.9174687668101));
#6430=CARTESIAN_POINT('',(0.686217979350269,0.313782020649729,71.6038129079807));
#6431=CARTESIAN_POINT('Origin',(0.,0.,100.));
#6432=CARTESIAN_POINT('',(23.9174682452695,149.,100.));
#6433=CARTESIAN_POINT('Origin',(23.9174682452695,149.5,99.5));
#6434=CARTESIAN_POINT('Origin',(80.5,149.5,33.9174682452695));
#6435=CARTESIAN_POINT('',(80.,149.,20.));
#6436=CARTESIAN_POINT('',(70.3333333333334,139.333333333333,29.6666666666667));
#6437=CARTESIAN_POINT('',(80.,149.,25.000000372529));
#6438=CARTESIAN_POINT('',(80.,149.,33.9174682452695));
#6439=CARTESIAN_POINT('',(79.4564245679246,148.456424567925,24.7748440563905));
#6440=CARTESIAN_POINT('Origin',(80.,0.,20.));
#6441=CARTESIAN_POINT('',(80.,1.,20.));
#6442=CARTESIAN_POINT('',(80.,0.,20.));
#6443=CARTESIAN_POINT('',(80.,1.,25.000000372529));
#6444=CARTESIAN_POINT('',(80.,1.,33.9174682452695));
#6445=CARTESIAN_POINT('',(80.,0.,25.000000372529));
#6446=CARTESIAN_POINT('Origin',(33.9174682452695,149.5,19.5));
#6447=CARTESIAN_POINT('',(20.,149.,20.));
#6448=CARTESIAN_POINT('',(33.9174682452695,149.,20.));
#6449=CARTESIAN_POINT('',(19.,150.,19.));
#6450=CARTESIAN_POINT('Origin',(19.5,149.5,63.9174682452695));
#6451=CARTESIAN_POINT('',(20.,149.,80.));
#6452=CARTESIAN_POINT('',(19.,150.,81.));
#6453=CARTESIAN_POINT('',(20.,149.,63.9174682452695));
#6454=CARTESIAN_POINT('Origin',(36.417468431534,149.5,80.5));
#6455=CARTESIAN_POINT('',(25.000000372529,149.,80.));
#6456=CARTESIAN_POINT('',(25.4142139349021,150.,81.));
#6457=CARTESIAN_POINT('',(36.417468431534,149.,80.));
#6458=CARTESIAN_POINT('Origin',(66.6035534837255,149.5,39.10355366999));
#6459=CARTESIAN_POINT('',(66.2500000931323,149.,38.7500002793968));
#6460=CARTESIAN_POINT('Origin',(20.,0.,20.));
#6461=CARTESIAN_POINT('',(20.,1.,20.));
#6462=CARTESIAN_POINT('',(20.,0.,20.));
#6463=CARTESIAN_POINT('',(33.9174682452695,1.,20.));
#6464=CARTESIAN_POINT('Origin',(20.,0.,80.));
#6465=CARTESIAN_POINT('',(20.,1.,80.));
#6466=CARTESIAN_POINT('',(20.,0.,80.));
#6467=CARTESIAN_POINT('',(20.,1.,63.9174682452695));
#6468=CARTESIAN_POINT('Origin',(25.000000372529,0.,80.));
#6469=CARTESIAN_POINT('',(25.000000372529,1.,80.));
#6470=CARTESIAN_POINT('',(25.000000372529,0.,80.));
#6471=CARTESIAN_POINT('',(36.417468431534,1.,80.));
#6472=CARTESIAN_POINT('Origin',(80.,0.,25.000000372529));
#6473=CARTESIAN_POINT('',(66.2500000931323,1.,38.7500002793968));
#6474=CARTESIAN_POINT('Origin',(36.417468431534,0.5,80.5));
#6475=CARTESIAN_POINT('',(19.,0.,81.));
#6476=CARTESIAN_POINT('',(25.4142139349021,0.,81.));
#6477=CARTESIAN_POINT('Origin',(33.9174682452695,0.5,19.5));
#6478=CARTESIAN_POINT('',(20.,1.,20.));
#6479=CARTESIAN_POINT('',(81.,0.,19.));
#6480=CARTESIAN_POINT('Origin',(19.5,0.5,63.9174682452695));
#6481=CARTESIAN_POINT('Origin',(80.5,0.5,33.9174682452695));
#6482=CARTESIAN_POINT('',(81.,0.,25.4142139349021));
#6483=CARTESIAN_POINT('Origin',(66.6035534837255,0.5,39.10355366999));
#6484=CARTESIAN_POINT('Origin',(99.5,0.,0.5));
#6485=CARTESIAN_POINT('',(99.,0.,0.));
#6486=CARTESIAN_POINT('Origin',(100.,0.,0.));
#6487=CARTESIAN_POINT('',(72.0000001788139,0.,0.));
#6488=CARTESIAN_POINT('Origin',(0.5,0.,0.5));
#6489=CARTESIAN_POINT('',(1.,0.,0.));
#6490=CARTESIAN_POINT('Origin',(68.0000001192093,0.,0.));
#6491=CARTESIAN_POINT('',(52.0000001788139,0.,0.));
#6492=CARTESIAN_POINT('',(68.0000001192093,0.,0.));
#6493=CARTESIAN_POINT('Origin',(65.5000001192093,0.,-4.33012701892219));
#6494=CARTESIAN_POINT('',(65.5000001192093,0.,-4.33012701892219));
#6495=CARTESIAN_POINT('Origin',(74.5000001788139,0.,-4.33012701892219));
#6496=CARTESIAN_POINT('',(74.5000001788139,0.,-4.33012701892219));
#6497=CARTESIAN_POINT('Origin',(72.0000001788139,0.,0.));
#6498=CARTESIAN_POINT('Origin',(-4.33012701892219,0.,74.5000010430813));
#6499=CARTESIAN_POINT('',(-4.33012701892219,0.,74.5000010430813));
#6500=CARTESIAN_POINT('Origin',(-4.33012701892219,0.,65.5000008046627));
#6501=CARTESIAN_POINT('',(-4.33012701892219,0.,65.5000008046627));
#6502=CARTESIAN_POINT('Origin',(0.,0.,68.0000008046627));
#6503=CARTESIAN_POINT('',(0.,0.,68.0000008046627));
#6504=CARTESIAN_POINT('Origin',(0.,0.,52.0000010430813));
#6505=CARTESIAN_POINT('',(0.,0.,52.0000010430813));
#6506=CARTESIAN_POINT('Origin',(-4.33012701892219,0.,54.5000010430813));
#6507=CARTESIAN_POINT('',(-4.33012701892219,0.,54.5000010430813));
#6508=CARTESIAN_POINT('Origin',(-4.33012701892219,0.,45.5000008046627));
#6509=CARTESIAN_POINT('',(-4.33012701892219,0.,45.5000008046627));
#6510=CARTESIAN_POINT('Origin',(0.,0.,48.0000008046627));
#6511=CARTESIAN_POINT('',(0.,0.,48.0000008046627));
#6512=CARTESIAN_POINT('Origin',(0.,0.,32.0000010430813));
#6513=CARTESIAN_POINT('',(0.,0.,32.0000010430813));
#6514=CARTESIAN_POINT('Origin',(-4.33012701892219,0.,34.5000010430813));
#6515=CARTESIAN_POINT('',(-4.33012701892219,0.,34.5000010430813));
#6516=CARTESIAN_POINT('Origin',(-4.33012701892219,0.,25.5000008046627));
#6517=CARTESIAN_POINT('',(-4.33012701892219,0.,25.5000008046627));
#6518=CARTESIAN_POINT('Origin',(0.,0.,28.0000008046627));
#6519=CARTESIAN_POINT('Origin',(28.0000001192093,0.,0.));
#6520=CARTESIAN_POINT('',(28.0000001192093,0.,0.));
#6521=CARTESIAN_POINT('Origin',(25.5000001192093,0.,-4.33012701892219));
#6522=CARTESIAN_POINT('',(25.5000001192093,0.,-4.33012701892219));
#6523=CARTESIAN_POINT('Origin',(34.5000001788139,0.,-4.33012701892219));
#6524=CARTESIAN_POINT('',(34.5000001788139,0.,-4.33012701892219));
#6525=CARTESIAN_POINT('Origin',(32.0000001788139,0.,0.));
#6526=CARTESIAN_POINT('',(32.0000001788139,0.,0.));
#6527=CARTESIAN_POINT('Origin',(48.0000001192093,0.,0.));
#6528=CARTESIAN_POINT('',(48.0000001192093,0.,0.));
#6529=CARTESIAN_POINT('Origin',(45.5000001192093,0.,-4.33012701892219));
#6530=CARTESIAN_POINT('',(45.5000001192093,0.,-4.33012701892219));
#6531=CARTESIAN_POINT('Origin',(54.5000001788139,0.,-4.33012701892219));
#6532=CARTESIAN_POINT('',(54.5000001788139,0.,-4.33012701892219));
#6533=CARTESIAN_POINT('Origin',(52.0000001788139,0.,0.));
#6534=CARTESIAN_POINT('',(0.,0.,0.));
#6535=CARTESIAN_POINT('Origin',(0.5,0.,50.));
#6536=CARTESIAN_POINT('',(0.5,0.,50.));
#6537=CARTESIAN_POINT('',(52.5000494535881,0.,50.));
#6538=CARTESIAN_POINT('',(0.5,0.,50.));
#6539=CARTESIAN_POINT('',(52.5000494535881,200.,50.));
#6540=CARTESIAN_POINT('',(52.5000494535881,0.,50.));
#6541=CARTESIAN_POINT('',(0.499999999999998,200.,50.));
#6542=CARTESIAN_POINT('',(0.5,200.,50.));
#6543=CARTESIAN_POINT('',(0.5,0.,50.));
#6544=CARTESIAN_POINT('Origin',(-6.93889390390723E-17,0.,49.5));
#6545=CARTESIAN_POINT('',(0.,0.,49.5));
#6546=CARTESIAN_POINT('',(0.5,0.,50.));
#6547=CARTESIAN_POINT('',(0.,200.,49.5));
#6548=CARTESIAN_POINT('',(0.5,200.,50.));
#6549=CARTESIAN_POINT('',(0.,0.,49.5));
#6550=CARTESIAN_POINT('Origin',(0.,0.,0.5));
#6551=CARTESIAN_POINT('',(0.,0.,0.5));
#6552=CARTESIAN_POINT('',(0.,0.,0.5));
#6553=CARTESIAN_POINT('',(0.,200.,0.499999999999998));
#6554=CARTESIAN_POINT('',(0.,200.,0.5));
#6555=CARTESIAN_POINT('',(0.,0.,0.5));
#6556=CARTESIAN_POINT('Origin',(0.5,0.,0.));
#6557=CARTESIAN_POINT('',(0.5,0.,0.));
#6558=CARTESIAN_POINT('',(0.,0.,0.5));
#6559=CARTESIAN_POINT('',(0.499999999999998,200.,0.));
#6560=CARTESIAN_POINT('',(0.,200.,0.5));
#6561=CARTESIAN_POINT('',(0.5,0.,0.));
#6562=CARTESIAN_POINT('Origin',(199.5,0.,0.));
#6563=CARTESIAN_POINT('',(199.5,0.,0.));
#6564=CARTESIAN_POINT('',(199.5,0.,0.));
#6565=CARTESIAN_POINT('',(199.5,200.,0.));
#6566=CARTESIAN_POINT('',(199.5,200.,0.));
#6567=CARTESIAN_POINT('',(199.5,0.,0.));
#6568=CARTESIAN_POINT('Origin',(200.,0.,0.5));
#6569=CARTESIAN_POINT('',(200.,0.,0.5));
#6570=CARTESIAN_POINT('',(199.5,0.,0.));
#6571=CARTESIAN_POINT('',(200.,200.,0.499999999999998));
#6572=CARTESIAN_POINT('',(199.5,200.,0.));
#6573=CARTESIAN_POINT('',(200.,0.,0.5));
#6574=CARTESIAN_POINT('Origin',(200.,0.,49.5));
#6575=CARTESIAN_POINT('',(200.,0.,49.5));
#6576=CARTESIAN_POINT('',(200.,0.,49.5));
#6577=CARTESIAN_POINT('',(200.,200.,49.5));
#6578=CARTESIAN_POINT('',(200.,200.,49.5));
#6579=CARTESIAN_POINT('',(200.,0.,49.5));
#6580=CARTESIAN_POINT('Origin',(199.5,0.,50.));
#6581=CARTESIAN_POINT('',(199.5,0.,50.));
#6582=CARTESIAN_POINT('',(199.5,0.,50.));
#6583=CARTESIAN_POINT('',(199.5,200.,50.));
#6584=CARTESIAN_POINT('',(199.5,200.,50.));
#6585=CARTESIAN_POINT('',(199.5,0.,50.));
#6586=CARTESIAN_POINT('Origin',(147.499950546412,0.,50.));
#6587=CARTESIAN_POINT('',(147.499950546412,0.,50.));
#6588=CARTESIAN_POINT('',(147.499950546412,0.,50.));
#6589=CARTESIAN_POINT('',(147.499950546412,200.,50.));
#6590=CARTESIAN_POINT('',(147.499950546412,200.,50.));
#6591=CARTESIAN_POINT('',(147.499950546412,0.,50.));
#6592=CARTESIAN_POINT('Origin',(149.999931592957,0.,54.3299686848408));
#6593=CARTESIAN_POINT('',(149.999931592957,0.,54.3299686848408));
#6594=CARTESIAN_POINT('',(147.499932347329,0.,49.9999684791768));
#6595=CARTESIAN_POINT('',(149.999931592957,200.,54.3299686848408));
#6596=CARTESIAN_POINT('',(147.499932347329,200.,49.9999684791768));
#6597=CARTESIAN_POINT('',(149.999931592957,0.,54.3299686848408));
#6598=CARTESIAN_POINT('Origin',(135.999931710304,0.,54.3299686848408));
#6599=CARTESIAN_POINT('',(135.999931710304,0.,54.3299686848408));
#6600=CARTESIAN_POINT('',(149.999931592957,0.,54.3299686848408));
#6601=CARTESIAN_POINT('',(135.999931710304,200.,54.3299686848408));
#6602=CARTESIAN_POINT('',(149.999931592957,200.,54.3299686848408));
#6603=CARTESIAN_POINT('',(135.999931710304,0.,54.3299686848408));
#6604=CARTESIAN_POINT('Origin',(138.499913567094,0.,50.));
#6605=CARTESIAN_POINT('',(138.499913567094,0.,50.));
#6606=CARTESIAN_POINT('',(135.999931710304,0.,54.3299686848408));
#6607=CARTESIAN_POINT('',(138.499913567094,200.,50.));
#6608=CARTESIAN_POINT('',(135.999931710304,200.,54.3299686848408));
#6609=CARTESIAN_POINT('',(138.499913567094,0.,50.));
#6610=CARTESIAN_POINT('Origin',(61.5000864329058,0.,50.));
#6611=CARTESIAN_POINT('',(61.5000864329058,0.,50.));
#6612=CARTESIAN_POINT('',(61.5000864329058,0.,50.));
#6613=CARTESIAN_POINT('',(61.5000864329058,200.,50.));
#6614=CARTESIAN_POINT('',(61.5000864329058,200.,50.));
#6615=CARTESIAN_POINT('',(61.5000864329058,0.,50.));
#6616=CARTESIAN_POINT('Origin',(64.000068289696,0.,54.3299686848408));
#6617=CARTESIAN_POINT('',(64.000068289696,0.,54.3299686848408));
#6618=CARTESIAN_POINT('',(64.000068289696,0.,54.3299686848408));
#6619=CARTESIAN_POINT('',(64.000068289696,200.,54.3299686848408));
#6620=CARTESIAN_POINT('',(64.000068289696,200.,54.3299686848408));
#6621=CARTESIAN_POINT('',(64.000068289696,0.,54.3299686848408));
#6622=CARTESIAN_POINT('Origin',(50.0000684070426,0.,54.3299686848408));
#6623=CARTESIAN_POINT('',(50.0000684070426,0.,54.3299686848408));
#6624=CARTESIAN_POINT('',(50.0000684070426,0.,54.3299686848408));
#6625=CARTESIAN_POINT('',(50.0000684070426,200.,54.3299686848408));
#6626=CARTESIAN_POINT('',(50.0000684070426,200.,54.3299686848408));
#6627=CARTESIAN_POINT('',(50.0000684070426,0.,54.3299686848408));
#6628=CARTESIAN_POINT('Origin',(52.5000494535881,0.,50.));
#6629=CARTESIAN_POINT('',(52.5000676526713,0.,49.9999684791768));
#6630=CARTESIAN_POINT('',(52.5000676526713,200.,49.9999684791768));
#6631=CARTESIAN_POINT('Origin',(100.,200.,27.1649843424204));
#6632=CARTESIAN_POINT('Origin',(100.,0.,27.1649843424204));
#6633=CARTESIAN_POINT('',(0.,0.,0.));
#6634=CARTESIAN_POINT('Origin',(75.0000011175871,55.,50.));
#6635=CARTESIAN_POINT('',(75.0000011175871,55.,50.));
#6636=CARTESIAN_POINT('',(45.,55.,50.));
#6637=CARTESIAN_POINT('',(42.5000005587935,55.,50.));
#6638=CARTESIAN_POINT('',(75.0000011175871,55.,48.));
#6639=CARTESIAN_POINT('',(75.0000011175871,55.,50.));
#6640=CARTESIAN_POINT('',(45.,55.,48.));
#6641=CARTESIAN_POINT('',(45.,55.,48.));
#6642=CARTESIAN_POINT('',(45.,55.,50.));
#6643=CARTESIAN_POINT('Origin',(75.0000011175871,95.,50.));
#6644=CARTESIAN_POINT('',(75.0000011175871,95.,50.));
#6645=CARTESIAN_POINT('',(75.0000011175871,47.5,50.));
#6646=CARTESIAN_POINT('',(75.0000011175871,95.,48.));
#6647=CARTESIAN_POINT('',(75.0000011175871,95.,50.));
#6648=CARTESIAN_POINT('',(75.0000011175871,55.,48.));
#6649=CARTESIAN_POINT('Origin',(45.,95.,50.));
#6650=CARTESIAN_POINT('',(45.,95.,50.));
#6651=CARTESIAN_POINT('',(27.5,95.,50.));
#6652=CARTESIAN_POINT('',(45.,95.,48.));
#6653=CARTESIAN_POINT('',(45.,95.,50.));
#6654=CARTESIAN_POINT('',(75.0000011175871,95.,48.));
#6655=CARTESIAN_POINT('Origin',(45.,55.,50.));
#6656=CARTESIAN_POINT('',(45.,27.5,50.));
#6657=CARTESIAN_POINT('',(45.,95.,48.));
#6658=CARTESIAN_POINT('Origin',(60.0000005587935,75.,48.));
#6659=CARTESIAN_POINT('Origin',(60.,0.,40.));
#6660=CARTESIAN_POINT('',(60.,0.,40.));
#6661=CARTESIAN_POINT('',(14.1421356237309,0.,40.));
#6662=CARTESIAN_POINT('',(60.,0.,40.));
#6663=CARTESIAN_POINT('',(14.1421356237309,150.,40.));
#6664=CARTESIAN_POINT('',(14.1421356237309,0.,40.));
#6665=CARTESIAN_POINT('',(60.,150.,40.));
#6666=CARTESIAN_POINT('',(60.,150.,40.));
#6667=CARTESIAN_POINT('',(60.,0.,40.));
#6668=CARTESIAN_POINT('Origin',(106.000001579523,0.,40.0000005960464));
#6669=CARTESIAN_POINT('',(106.000001579523,0.,40.0000005960464));
#6670=CARTESIAN_POINT('',(60.,0.,40.));
#6671=CARTESIAN_POINT('',(106.000001579523,150.,40.0000005960464));
#6672=CARTESIAN_POINT('',(60.,150.,40.));
#6673=CARTESIAN_POINT('',(106.000001579523,0.,40.0000005960464));
#6674=CARTESIAN_POINT('Origin',(110.000001639128,0.,35.8578643762691));
#6675=CARTESIAN_POINT('',(110.000001639128,0.,35.8578643762691));
#6676=CARTESIAN_POINT('',(110.000001639128,0.,35.8578643762691));
#6677=CARTESIAN_POINT('',(110.000001639128,150.,35.8578643762691));
#6678=CARTESIAN_POINT('',(110.000001639128,150.,35.8578643762691));
#6679=CARTESIAN_POINT('',(110.000001639128,0.,35.8578643762691));
#6680=CARTESIAN_POINT('Origin',(110.000001639128,0.,10.0000001490116));
#6681=CARTESIAN_POINT('',(110.000001639128,0.,10.0000001490116));
#6682=CARTESIAN_POINT('',(110.000001639128,0.,10.0000001490116));
#6683=CARTESIAN_POINT('',(110.000001639128,150.,10.0000001490116));
#6684=CARTESIAN_POINT('',(110.000001639128,150.,10.0000001490116));
#6685=CARTESIAN_POINT('',(110.000001639128,0.,10.0000001490116));
#6686=CARTESIAN_POINT('Origin',(10.,0.,10.0000001490116));
#6687=CARTESIAN_POINT('',(10.,0.,10.0000001490116));
#6688=CARTESIAN_POINT('',(10.,0.,10.0000001490116));
#6689=CARTESIAN_POINT('',(10.,150.,10.0000001490116));
#6690=CARTESIAN_POINT('',(10.,150.,10.0000001490116));
#6691=CARTESIAN_POINT('',(10.,0.,10.0000001490116));
#6692=CARTESIAN_POINT('Origin',(10.,0.,35.8578643762691));
#6693=CARTESIAN_POINT('',(10.,0.,35.8578643762691));
#6694=CARTESIAN_POINT('',(10.,0.,35.8578643762691));
#6695=CARTESIAN_POINT('',(10.,150.,35.8578643762691));
#6696=CARTESIAN_POINT('',(10.,150.,35.8578643762691));
#6697=CARTESIAN_POINT('',(10.,0.,35.8578643762691));
#6698=CARTESIAN_POINT('Origin',(14.1421356237309,0.,40.));
#6699=CARTESIAN_POINT('',(12.0710678118655,0.,37.9289321881346));
#6700=CARTESIAN_POINT('',(12.0710678118655,150.,37.9289321881346));
#6701=CARTESIAN_POINT('Origin',(12.500000834465,0.,1.59131965627683E-14));
#6702=CARTESIAN_POINT('',(12.500000834465,0.,3.18263921373314E-15));
#6703=CARTESIAN_POINT('',(-6.12323399573677E-15,0.,1.77635683940025E-14));
#6704=CARTESIAN_POINT('',(120.,0.,0.));
#6705=CARTESIAN_POINT('',(-6.66133814775094E-15,150.,1.77635683940025E-14));
#6706=CARTESIAN_POINT('',(-6.12323399573677E-15,0.,1.77635683940025E-14));
#6707=CARTESIAN_POINT('',(12.500000834465,150.,0.));
#6708=CARTESIAN_POINT('',(120.,150.,0.));
#6709=CARTESIAN_POINT('',(12.500000834465,0.,3.18263921373314E-15));
#6710=CARTESIAN_POINT('Origin',(10.000000834465,0.,4.33012701892219));
#6711=CARTESIAN_POINT('',(10.000000834465,0.,4.33012701892219));
#6712=CARTESIAN_POINT('',(12.500000834465,0.,3.18263921373314E-15));
#6713=CARTESIAN_POINT('',(10.000000834465,150.,4.33012701892219));
#6714=CARTESIAN_POINT('',(12.500000834465,150.,3.18263921373314E-15));
#6715=CARTESIAN_POINT('',(10.000000834465,0.,4.33012701892219));
#6716=CARTESIAN_POINT('Origin',(24.0000009685755,0.,4.3301270189222));
#6717=CARTESIAN_POINT('',(24.0000009685755,0.,4.3301270189222));
#6718=CARTESIAN_POINT('',(24.0000009685755,0.,4.3301270189222));
#6719=CARTESIAN_POINT('',(24.0000009685755,150.,4.33012701892221));
#6720=CARTESIAN_POINT('',(24.0000009685755,150.,4.3301270189222));
#6721=CARTESIAN_POINT('',(24.0000009685755,0.,4.3301270189222));
#6722=CARTESIAN_POINT('Origin',(21.5000009685755,0.,1.85037156433062E-15));
#6723=CARTESIAN_POINT('',(21.5000009685755,0.,1.85037156433062E-15));
#6724=CARTESIAN_POINT('',(21.5000009685755,0.,1.85037156433062E-15));
#6725=CARTESIAN_POINT('',(21.5000009685755,150.,0.));
#6726=CARTESIAN_POINT('',(21.5000009685755,150.,1.85037156433062E-15));
#6727=CARTESIAN_POINT('',(21.5000009685755,0.,1.85037156433062E-15));
#6728=CARTESIAN_POINT('Origin',(98.500000834465,0.,3.18263921373314E-15));
#6729=CARTESIAN_POINT('',(98.500000834465,0.,3.18263921373314E-15));
#6730=CARTESIAN_POINT('',(120.,0.,0.));
#6731=CARTESIAN_POINT('',(98.500000834465,150.,0.));
#6732=CARTESIAN_POINT('',(120.,150.,0.));
#6733=CARTESIAN_POINT('',(98.500000834465,0.,3.18263921373314E-15));
#6734=CARTESIAN_POINT('Origin',(96.000000834465,0.,4.33012701892219));
#6735=CARTESIAN_POINT('',(96.000000834465,0.,4.33012701892219));
#6736=CARTESIAN_POINT('',(98.500000834465,0.,3.18263921373314E-15));
#6737=CARTESIAN_POINT('',(96.000000834465,150.,4.33012701892219));
#6738=CARTESIAN_POINT('',(98.500000834465,150.,3.18263921373314E-15));
#6739=CARTESIAN_POINT('',(96.000000834465,0.,4.33012701892219));
#6740=CARTESIAN_POINT('Origin',(110.000000968575,0.,4.3301270189222));
#6741=CARTESIAN_POINT('',(110.000000968575,0.,4.3301270189222));
#6742=CARTESIAN_POINT('',(110.000000968575,0.,4.3301270189222));
#6743=CARTESIAN_POINT('',(110.000000968575,150.,4.33012701892221));
#6744=CARTESIAN_POINT('',(110.000000968575,150.,4.3301270189222));
#6745=CARTESIAN_POINT('',(110.000000968575,0.,4.3301270189222));
#6746=CARTESIAN_POINT('Origin',(107.500000968575,0.,1.85037156433062E-15));
#6747=CARTESIAN_POINT('',(107.500000968575,0.,1.85037156433062E-15));
#6748=CARTESIAN_POINT('',(107.500000968575,0.,1.85037156433062E-15));
#6749=CARTESIAN_POINT('',(107.500000968575,150.,0.));
#6750=CARTESIAN_POINT('',(107.500000968575,150.,1.85037156433062E-15));
#6751=CARTESIAN_POINT('',(107.500000968575,0.,1.85037156433062E-15));
#6752=CARTESIAN_POINT('Origin',(120.,0.,0.));
#6753=CARTESIAN_POINT('',(120.,0.,0.));
#6754=CARTESIAN_POINT('',(120.,0.,0.));
#6755=CARTESIAN_POINT('',(120.,150.,0.));
#6756=CARTESIAN_POINT('',(120.,150.,0.));
#6757=CARTESIAN_POINT('',(120.,0.,0.));
#6758=CARTESIAN_POINT('Origin',(120.,0.,40.));
#6759=CARTESIAN_POINT('',(120.,0.,40.));
#6760=CARTESIAN_POINT('',(120.,0.,0.));
#6761=CARTESIAN_POINT('',(120.,150.,40.));
#6762=CARTESIAN_POINT('',(120.,150.,0.));
#6763=CARTESIAN_POINT('',(120.,0.,40.));
#6764=CARTESIAN_POINT('Origin',(110.,0.,50.));
#6765=CARTESIAN_POINT('',(110.,0.,50.));
#6766=CARTESIAN_POINT('',(110.,0.,50.));
#6767=CARTESIAN_POINT('',(110.,150.,50.));
#6768=CARTESIAN_POINT('',(110.,150.,50.));
#6769=CARTESIAN_POINT('',(110.,0.,50.));
#6770=CARTESIAN_POINT('Origin',(9.99999999999999,0.,50.));
#6771=CARTESIAN_POINT('',(9.99999999999999,0.,50.));
#6772=CARTESIAN_POINT('',(9.99999999999999,0.,50.));
#6773=CARTESIAN_POINT('',(9.99999999999999,150.,50.));
#6774=CARTESIAN_POINT('',(9.99999999999999,150.,50.));
#6775=CARTESIAN_POINT('',(9.99999999999999,0.,50.));
#6776=CARTESIAN_POINT('Origin',(-6.66133814775094E-15,0.,40.));
#6777=CARTESIAN_POINT('',(-6.12323399573677E-15,0.,40.));
#6778=CARTESIAN_POINT('',(9.99999999999999,0.,50.));
#6779=CARTESIAN_POINT('',(-6.66133814775094E-15,150.,40.));
#6780=CARTESIAN_POINT('',(9.99999999999999,150.,50.));
#6781=CARTESIAN_POINT('',(-6.12323399573677E-15,0.,40.));
#6782=CARTESIAN_POINT('Origin',(-6.12323399573677E-15,0.,1.77635683940025E-14));
#6783=CARTESIAN_POINT('',(-6.12323399573677E-15,0.,1.77635683940025E-14));
#6784=CARTESIAN_POINT('',(-6.12323399573677E-15,150.,1.77635683940025E-14));
#6785=CARTESIAN_POINT('Origin',(60.,150.,25.));
#6786=CARTESIAN_POINT('Origin',(60.,0.,25.));
#6787=CARTESIAN_POINT('',(0.,0.,0.));
#6788=CARTESIAN_POINT('',(600.,0.,0.));
#6789=CARTESIAN_POINT('',(0.,200.,0.));
#6790=CARTESIAN_POINT('',(0.,400.,0.));
#6791=CARTESIAN_POINT('',(599.985429182538,399.999999999999,2.48059776837075E-29));
#6792=CARTESIAN_POINT('',(599.985429182541,599.999999999997,1.87970762568691E-30));
#6793=CARTESIAN_POINT('',(200.,0.,0.));
#6794=CARTESIAN_POINT('',(200.,200.,-5.77315972805082E-14));
#6795=CARTESIAN_POINT('',(200.,400.,-1.11022302462516E-13));
#6796=CARTESIAN_POINT('',(-0.096603393554533,3.94430452610508E-30,305.));
#6797=CARTESIAN_POINT('',(599.992428398132,0.,155.000000000001));
#6798=CARTESIAN_POINT('',(599.992428398132,200.,156.823858641379));
#6799=CARTESIAN_POINT('',(599.992428398132,400.,155.));
#6800=CARTESIAN_POINT('',(-0.096603393554533,199.999999999999,305.));
#6801=CARTESIAN_POINT('',(-0.096603393554533,399.999999999999,305.));
#6802=CARTESIAN_POINT('',(239.903197288513,225.000000000001,49.9998416659184));
#6803=CARTESIAN_POINT('',(239.903197288513,25.0000000000008,49.9998416659184));
#6804=CARTESIAN_POINT('',(239.903197288513,425.000000000001,49.9998416659184));
#6805=CARTESIAN_POINT('',(100.,225.,48.925199508667));
#6806=CARTESIAN_POINT('',(100.,425.,48.925199508667));
#6807=CARTESIAN_POINT('',(100.,25.0000000000001,48.925199508667));
#6808=CARTESIAN_POINT('',(499.985429182525,224.999999999999,46.7514801025396));
#6809=CARTESIAN_POINT('',(499.985429182525,424.999999999999,46.7514801025396));
#6810=CARTESIAN_POINT('',(499.985429182525,24.999999999999,46.7514801025397));
#6811=CARTESIAN_POINT('',(600.044810005406,-7.105427357601E-14,461.823858641379));
#6812=CARTESIAN_POINT('',(600.044810005406,200.,461.82385864138));
#6813=CARTESIAN_POINT('',(600.044810005406,400.,461.82385864138));
#6814=CARTESIAN_POINT('',(-0.0253408432442193,599.99999999999,460.));
#6815=CARTESIAN_POINT('',(-0.0253408432005919,399.999999999989,460.));
#6816=CARTESIAN_POINT('',(-0.0253408431569646,199.478903681125,460.521096318864));
#6817=CARTESIAN_POINT('',(499.164716430882,225.,411.82385864138));
#6818=CARTESIAN_POINT('',(499.164716430882,24.9999999999999,411.82385864138));
#6819=CARTESIAN_POINT('',(499.164716430882,425.,411.82385864138));
#6820=CARTESIAN_POINT('',(99.9949895858755,225.000000000022,410.));
#6821=CARTESIAN_POINT('',(99.9949895858745,25.000000000022,410.));
#6822=CARTESIAN_POINT('',(99.9949895858766,425.000000000022,410.));
#6823=CARTESIAN_POINT('',(200.,199.999999999997,459.990482172468));
#6824=CARTESIAN_POINT('',(200.,399.999999999997,459.990482172483));
#6825=CARTESIAN_POINT('',(200.,599.999999999998,459.990482172497));
#6826=CARTESIAN_POINT('',(239.975654649735,375.000000000002,409.990640506532));
#6827=CARTESIAN_POINT('',(239.975654649735,575.000000000002,409.990640506513));
#6828=CARTESIAN_POINT('',(239.975654649735,175.000000000002,409.990640506552));
#6829=UNCERTAINTY_MEASURE_WITH_UNIT(LENGTH_MEASURE(0.01),#6845,
'DISTANCE_ACCURACY_VALUE',
'Maximum model space distance between geometric entities at asserted c
onnectivities');
#6830=UNCERTAINTY_MEASURE_WITH_UNIT(LENGTH_MEASURE(0.01),#6845,
'DISTANCE_ACCURACY_VALUE',
'Maximum model space distance between geometric entities at asserted c
onnectivities');
#6831=UNCERTAINTY_MEASURE_WITH_UNIT(LENGTH_MEASURE(0.01),#6845,
'DISTANCE_ACCURACY_VALUE',
'Maximum model space distance between geometric entities at asserted c
onnectivities');
#6832=UNCERTAINTY_MEASURE_WITH_UNIT(LENGTH_MEASURE(0.01),#6845,
'DISTANCE_ACCURACY_VALUE',
'Maximum model space distance between geometric entities at asserted c
onnectivities');
#6833=UNCERTAINTY_MEASURE_WITH_UNIT(LENGTH_MEASURE(0.01),#6845,
'DISTANCE_ACCURACY_VALUE',
'Maximum model space distance between geometric entities at asserted c
onnectivities');
#6834=UNCERTAINTY_MEASURE_WITH_UNIT(LENGTH_MEASURE(0.01),#6845,
'DISTANCE_ACCURACY_VALUE',
'Maximum model space distance between geometric entities at asserted c
onnectivities');
#6835=UNCERTAINTY_MEASURE_WITH_UNIT(LENGTH_MEASURE(0.01),#6845,
'DISTANCE_ACCURACY_VALUE',
'Maximum model space distance between geometric entities at asserted c
onnectivities');
#6836=UNCERTAINTY_MEASURE_WITH_UNIT(LENGTH_MEASURE(0.01),#6845,
'DISTANCE_ACCURACY_VALUE',
'Maximum model space distance between geometric entities at asserted c
onnectivities');
#6837=(
GEOMETRIC_REPRESENTATION_CONTEXT(3)
GLOBAL_UNCERTAINTY_ASSIGNED_CONTEXT((#6829))
GLOBAL_UNIT_ASSIGNED_CONTEXT((#6845,#6847,#6848))
REPRESENTATION_CONTEXT('','3D')
);
#6838=(
GEOMETRIC_REPRESENTATION_CONTEXT(3)
GLOBAL_UNCERTAINTY_ASSIGNED_CONTEXT((#6830))
GLOBAL_UNIT_ASSIGNED_CONTEXT((#6845,#6847,#6848))
REPRESENTATION_CONTEXT('','3D')
);
#6839=(
GEOMETRIC_REPRESENTATION_CONTEXT(3)
GLOBAL_UNCERTAINTY_ASSIGNED_CONTEXT((#6831))
GLOBAL_UNIT_ASSIGNED_CONTEXT((#6845,#6847,#6848))
REPRESENTATION_CONTEXT('','3D')
);
#6840=(
GEOMETRIC_REPRESENTATION_CONTEXT(3)
GLOBAL_UNCERTAINTY_ASSIGNED_CONTEXT((#6832))
GLOBAL_UNIT_ASSIGNED_CONTEXT((#6845,#6847,#6848))
REPRESENTATION_CONTEXT('','3D')
);
#6841=(
GEOMETRIC_REPRESENTATION_CONTEXT(3)
GLOBAL_UNCERTAINTY_ASSIGNED_CONTEXT((#6833))
GLOBAL_UNIT_ASSIGNED_CONTEXT((#6845,#6847,#6848))
REPRESENTATION_CONTEXT('','3D')
);
#6842=(
GEOMETRIC_REPRESENTATION_CONTEXT(3)
GLOBAL_UNCERTAINTY_ASSIGNED_CONTEXT((#6834))
GLOBAL_UNIT_ASSIGNED_CONTEXT((#6845,#6847,#6848))
REPRESENTATION_CONTEXT('','3D')
);
#6843=(
GEOMETRIC_REPRESENTATION_CONTEXT(3)
GLOBAL_UNCERTAINTY_ASSIGNED_CONTEXT((#6835))
GLOBAL_UNIT_ASSIGNED_CONTEXT((#6845,#6847,#6848))
REPRESENTATION_CONTEXT('','3D')
);
#6844=(
GEOMETRIC_REPRESENTATION_CONTEXT(3)
GLOBAL_UNCERTAINTY_ASSIGNED_CONTEXT((#6836))
GLOBAL_UNIT_ASSIGNED_CONTEXT((#6845,#6847,#6848))
REPRESENTATION_CONTEXT('','3D')
);
#6845=(
LENGTH_UNIT()
NAMED_UNIT(*)
SI_UNIT(.MILLI.,.METRE.)
);
#6846=(
LENGTH_UNIT()
NAMED_UNIT(*)
SI_UNIT($,.METRE.)
);
#6847=(
NAMED_UNIT(*)
PLANE_ANGLE_UNIT()
SI_UNIT($,.RADIAN.)
);
#6848=(
NAMED_UNIT(*)
SI_UNIT($,.STERADIAN.)
SOLID_ANGLE_UNIT()
);
#6849=SHAPE_DEFINITION_REPRESENTATION(#6856,#6905);
#6850=SHAPE_DEFINITION_REPRESENTATION(#6857,#6906);
#6851=SHAPE_DEFINITION_REPRESENTATION(#6858,#6907);
#6852=SHAPE_DEFINITION_REPRESENTATION(#6859,#6908);
#6853=SHAPE_DEFINITION_REPRESENTATION(#6860,#6909);
#6854=SHAPE_DEFINITION_REPRESENTATION(#6861,#6910);
#6855=SHAPE_DEFINITION_REPRESENTATION(#6862,#6911);
#6856=PRODUCT_DEFINITION_SHAPE('',$,#6913);
#6857=PRODUCT_DEFINITION_SHAPE('',$,#6914);
#6858=PRODUCT_DEFINITION_SHAPE('',$,#6915);
#6859=PRODUCT_DEFINITION_SHAPE('',$,#6916);
#6860=PRODUCT_DEFINITION_SHAPE('',$,#6917);
#6861=PRODUCT_DEFINITION_SHAPE('',$,#6918);
#6862=PRODUCT_DEFINITION_SHAPE('',$,#6919);
#6863=PRODUCT_DEFINITION_SHAPE($,$,#137);
#6864=PRODUCT_DEFINITION_SHAPE($,$,#138);
#6865=PRODUCT_DEFINITION_SHAPE($,$,#139);
#6866=PRODUCT_DEFINITION_SHAPE($,$,#140);
#6867=PRODUCT_DEFINITION_SHAPE($,$,#141);
#6868=PRODUCT_DEFINITION_SHAPE($,$,#142);
#6869=PRODUCT_DEFINITION_SHAPE($,$,#143);
#6870=PRODUCT_DEFINITION_SHAPE($,$,#144);
#6871=PRODUCT_DEFINITION_SHAPE($,$,#145);
#6872=PRODUCT_DEFINITION_SHAPE($,$,#146);
#6873=PRODUCT_DEFINITION_SHAPE($,$,#147);
#6874=PRODUCT_DEFINITION_SHAPE($,$,#148);
#6875=PRODUCT_DEFINITION_SHAPE($,$,#149);
#6876=PRODUCT_DEFINITION_SHAPE($,$,#150);
#6877=PRODUCT_DEFINITION_SHAPE($,$,#151);
#6878=PRODUCT_DEFINITION_SHAPE($,$,#152);
#6879=PRODUCT_DEFINITION_SHAPE($,$,#153);
#6880=PRODUCT_DEFINITION_SHAPE($,$,#154);
#6881=PRODUCT_DEFINITION_SHAPE($,$,#155);
#6882=PRODUCT_DEFINITION_SHAPE($,$,#156);
#6883=PRODUCT_DEFINITION_SHAPE($,$,#157);
#6884=PRODUCT_DEFINITION_SHAPE($,$,#158);
#6885=PRODUCT_DEFINITION_SHAPE($,$,#159);
#6886=PRODUCT_DEFINITION_SHAPE($,$,#160);
#6887=PRODUCT_DEFINITION_SHAPE($,$,#161);
#6888=PRODUCT_DEFINITION_SHAPE($,$,#162);
#6889=PRODUCT_DEFINITION_SHAPE($,$,#163);
#6890=PRODUCT_DEFINITION_SHAPE($,$,#164);
#6891=PRODUCT_DEFINITION_SHAPE($,$,#165);
#6892=PRODUCT_DEFINITION_SHAPE($,$,#166);
#6893=PRODUCT_DEFINITION_SHAPE($,$,#167);
#6894=PRODUCT_DEFINITION_SHAPE($,$,#168);
#6895=PRODUCT_DEFINITION_SHAPE($,$,#169);
#6896=PRODUCT_DEFINITION_SHAPE($,$,#170);
#6897=PRODUCT_DEFINITION_SHAPE($,$,#171);
#6898=PRODUCT_DEFINITION_SHAPE($,$,#172);
#6899=PRODUCT_DEFINITION_SHAPE($,$,#173);
#6900=PRODUCT_DEFINITION_SHAPE($,$,#174);
#6901=PRODUCT_DEFINITION_SHAPE($,$,#175);
#6902=PRODUCT_DEFINITION_SHAPE($,$,#176);
#6903=PRODUCT_DEFINITION_SHAPE($,$,#177);
#6904=PRODUCT_DEFINITION_SHAPE($,$,#178);
#6905=SHAPE_REPRESENTATION('',(#4307,#4520,#4521,#4522,#4523,#4524,#4525,
#4526,#4527,#4528,#4529,#4530,#4531,#4532,#4533,#4534,#4535,#4536,#4537,
#4538,#4539,#4540,#4541,#4542,#4543,#4544,#4545,#4546,#4547,#4548,#4549,
#4550,#4551,#4552,#4553,#4554,#4555,#4556,#4557,#4558,#4559,#4560,#4561),
#6837);
#6906=SHAPE_REPRESENTATION('',(#4308),#6838);
#6907=SHAPE_REPRESENTATION('',(#4347),#6839);
#6908=SHAPE_REPRESENTATION('',(#4374),#6840);
#6909=SHAPE_REPRESENTATION('',(#4414),#6841);
#6910=SHAPE_REPRESENTATION('',(#4472),#6842);
#6911=SHAPE_REPRESENTATION('',(#4491),#6843);
#6912=PRODUCT_DEFINITION_CONTEXT('part definition',#6935,'design');
#6913=PRODUCT_DEFINITION('Assembler','Assembler v3',#6920,#6912);
#6914=PRODUCT_DEFINITION('Corner Downsides','Corner Downsides v1',#6921,
#6912);
#6915=PRODUCT_DEFINITION('Side Wall','Side Wall v3',#6922,#6912);
#6916=PRODUCT_DEFINITION('Corner Upsides','Corner Upsides v3',#6923,#6912);
#6917=PRODUCT_DEFINITION('LED Corner','LED Corner v8',#6924,#6912);
#6918=PRODUCT_DEFINITION('UpsideDown Wall','UpsideDown Wall v1',#6925,#6912);
#6919=PRODUCT_DEFINITION('LED Line','LED Line v2',#6926,#6912);
#6920=PRODUCT_DEFINITION_FORMATION('',$,#6937);
#6921=PRODUCT_DEFINITION_FORMATION('',$,#6938);
#6922=PRODUCT_DEFINITION_FORMATION('',$,#6939);
#6923=PRODUCT_DEFINITION_FORMATION('',$,#6940);
#6924=PRODUCT_DEFINITION_FORMATION('',$,#6941);
#6925=PRODUCT_DEFINITION_FORMATION('',$,#6942);
#6926=PRODUCT_DEFINITION_FORMATION('',$,#6943);
#6927=PRODUCT_RELATED_PRODUCT_CATEGORY('Assembler v3','Assembler v3',(#6937));
#6928=PRODUCT_RELATED_PRODUCT_CATEGORY('Corner Downsides v1',
'Corner Downsides v1',(#6938));
#6929=PRODUCT_RELATED_PRODUCT_CATEGORY('Side Wall v3','Side Wall v3',(#6939));
#6930=PRODUCT_RELATED_PRODUCT_CATEGORY('Corner Upsides v3',
'Corner Upsides v3',(#6940));
#6931=PRODUCT_RELATED_PRODUCT_CATEGORY('LED Corner v8','LED Corner v8',
(#6941));
#6932=PRODUCT_RELATED_PRODUCT_CATEGORY('UpsideDown Wall v1',
'UpsideDown Wall v1',(#6942));
#6933=PRODUCT_RELATED_PRODUCT_CATEGORY('LED Line v2','LED Line v2',(#6943));
#6934=APPLICATION_PROTOCOL_DEFINITION('international standard',
'automotive_design',2009,#6935);
#6935=APPLICATION_CONTEXT(
'Core Data for Automotive Mechanical Design Process');
#6936=PRODUCT_CONTEXT('part definition',#6935,'mechanical');
#6937=PRODUCT('Assembler','Assembler v3',$,(#6936));
#6938=PRODUCT('Corner Downsides','Corner Downsides v1',$,(#6936));
#6939=PRODUCT('Side Wall','Side Wall v3',$,(#6936));
#6940=PRODUCT('Corner Upsides','Corner Upsides v3',$,(#6936));
#6941=PRODUCT('LED Corner','LED Corner v8',$,(#6936));
#6942=PRODUCT('UpsideDown Wall','UpsideDown Wall v1',$,(#6936));
#6943=PRODUCT('LED Line','LED Line v2',$,(#6936));
#6944=PRESENTATION_STYLE_ASSIGNMENT((#6945));
#6945=SURFACE_STYLE_USAGE(.BOTH.,#6946);
#6946=SURFACE_SIDE_STYLE('',(#6947));
#6947=SURFACE_STYLE_FILL_AREA(#6948);
#6948=FILL_AREA_STYLE('Steel - Satin',(#6949));
#6949=FILL_AREA_STYLE_COLOUR('Steel - Satin',#6950);
#6950=COLOUR_RGB('Steel - Satin',0.627450980392157,0.627450980392157,0.627450980392157);
ENDSEC;
END-ISO-10303-21;
